Shanghai	CN	Asia/Shanghai
Chongqing	CN	Asia/Shanghai
Chengdu	CN	Asia/Shanghai
Beijing	CN	Asia/Shanghai
Guangzhou	CN	Asia/Shanghai
Shenzhen	CN	Asia/Shanghai
Kinshasa	CD	Africa/Kinshasa
Istanbul	TR	Europe/Istanbul
Lagos	NG	Africa/Lagos
Ho Chi Minh City	VN	Asia/Ho_Chi_Minh
Tianjin	CN	Asia/Shanghai
Wuhan	CN	Asia/Shanghai
Lahore	PK	Asia/Karachi
Xi’an	CN	Asia/Shanghai
Mumbai	IN	Asia/Kolkata
São Paulo	BR	America/Sao_Paulo
Mexico City	MX	America/Mexico_City
Hangzhou	CN	Asia/Shanghai
Karachi	PK	Asia/Karachi
Delhi	IN	Asia/Kolkata
Moscow	RU	Europe/Moscow
Dhaka	BD	Asia/Dhaka
Seoul	KR	Asia/Seoul
Harbin	CN	Asia/Shanghai
Tokyo	JP	Asia/Tokyo
Dongguan	CN	Asia/Shanghai
Cairo	EG	Africa/Cairo
Hefei	CN	Asia/Shanghai
Johannesburg	ZA	Africa/Johannesburg
Weifang	CN	Asia/Shanghai
Nanjing	CN	Asia/Shanghai
Shenyang	CN	Asia/Shanghai
Foshan	CN	Asia/Shanghai
London	GB	Europe/London
New York City	US	America/New_York
Jakarta	ID	Asia/Jakarta
Bengaluru	IN	Asia/Kolkata
Jinan	CN	Asia/Shanghai
Hanoi	VN	Asia/Bangkok
Taipei	TW	Asia/Taipei
Lima	PE	America/Lima
Bogotá	CO	America/Bogota
Dalian	CN	Asia/Shanghai
Hong Kong	HK	Asia/Hong_Kong
Baghdad	IQ	Asia/Baghdad
Wuzhong	CN	Asia/Shanghai
Qingdao	CN	Asia/Shanghai
Tehran	IR	Asia/Tehran
Yantai	CN	Asia/Shanghai
Hyderabad	IN	Asia/Kolkata
Rio de Janeiro	BR	America/Sao_Paulo
Suzhou	CN	Asia/Shanghai
Puxi	CN	Asia/Shanghai
Zhengzhou	CN	Asia/Shanghai
Ahmedabad	IN	Asia/Kolkata
Abidjan	CI	Africa/Abidjan
Nanning	CN	Asia/Shanghai
Kunming	CN	Asia/Shanghai
Shijiazhuang	CN	Asia/Shanghai
Changchun	CN	Asia/Shanghai
Pudong	CN	Asia/Shanghai
Sydney	AU	Australia/Sydney
Singapore	SG	Asia/Singapore
Melbourne	AU	Australia/Melbourne
Dar es Salaam	TZ	Africa/Dar_es_Salaam
Saint Petersburg	RU	Europe/Moscow
Taiyuan	CN	Asia/Shanghai
Alexandria	EG	Africa/Cairo
Bangkok	TH	Asia/Bangkok
Kano	NG	Africa/Lagos
Santiago	CL	America/Santiago
Cape Town	ZA	Africa/Johannesburg
Peshawar	PK	Asia/Karachi
Zibo	CN	Asia/Shanghai
Jeddah	SA	Asia/Riyadh
Chennai	IN	Asia/Kolkata
Kolkata	IN	Asia/Kolkata
Xiamen	CN	Asia/Shanghai
Surat	IN	Asia/Kolkata
Yangzhou	CN	Asia/Shanghai
Huai'an	CN	Asia/Shanghai
Guiyang	CN	Asia/Shanghai
Yangon	MM	Asia/Yangon
Bao'an	CN	Asia/Shanghai
Kabul	AF	Asia/Kabul
Nairobi	KE	Africa/Nairobi
Wuxi	CN	Asia/Shanghai
Giza	EG	Africa/Cairo
Lanzhou	CN	Asia/Shanghai
Bamako	ML	Africa/Bamako
Riyadh	SA	Asia/Riyadh
Fuzhou	CN	Asia/Shanghai
Ürümqi	CN	Asia/Urumqi
New Taipei City	TW	Asia/Taipei
New Territories	HK	Asia/Hong_Kong
Chattogram	BD	Asia/Dhaka
Addis Ababa	ET	Africa/Addis_Ababa
Zaozhuang	CN	Asia/Shanghai
Zhongshan	CN	Asia/Shanghai
Shantou	CN	Asia/Shanghai
Los Angeles	US	America/Los_Angeles
Faisalabad	PK	Asia/Karachi
Dubai	AE	Asia/Dubai
Yokohama	JP	Asia/Tokyo
Ningbo	CN	Asia/Shanghai
Nanhai	CN	Asia/Shanghai
Casablanca	MA	Africa/Casablanca
Ibadan	NG	Africa/Lagos
Puyang	CN	Asia/Shanghai
Ankara	TR	Europe/Istanbul
Shiyan	CN	Asia/Shanghai
Hohhot	CN	Asia/Shanghai
Berlin	DE	Europe/Berlin
Tangshan	CN	Asia/Shanghai
Rawalpindi	PK	Asia/Karachi
Lüliang	CN	Asia/Shanghai
Durban	ZA	Africa/Johannesburg
Anshan	CN	Asia/Shanghai
Changzhou	CN	Asia/Shanghai
Busan	KR	Asia/Seoul
Madrid	ES	Europe/Madrid
Pyongyang	KP	Asia/Pyongyang
Pune	IN	Asia/Kolkata
Datong	CN	Asia/Shanghai
Bursa	TR	Europe/Istanbul
Changsha	CN	Asia/Shanghai
Quezon City	PH	Asia/Manila
Jaipur	IN	Asia/Kolkata
Huainan	CN	Asia/Shanghai
Surabaya	ID	Asia/Jakarta
Incheon	KR	Asia/Seoul
Haikou	CN	Asia/Shanghai
Caracas	VE	America/Caracas
Kyiv	UA	Europe/Kyiv
İzmir	TR	Europe/Istanbul
Huizhou	CN	Asia/Shanghai
Buenos Aires	AR	America/Argentina/Buenos_Aires
Yinchuan	CN	Asia/Shanghai
Taichung	TW	Asia/Taipei
Kanpur	IN	Asia/Kolkata
Toronto	CA	America/Toronto
Quito	EC	America/Guayaquil
Brisbane	AU	Australia/Brisbane
Luanda	AO	Africa/Luanda
Baotou	CN	Asia/Shanghai
Osaka	JP	Asia/Tokyo
Linyi	CN	Asia/Shanghai
Baoding	CN	Asia/Shanghai
Kaohsiung	TW	Asia/Taipei
Brooklyn	US	America/New_York
Guayaquil	EC	America/Guayaquil
Belo Horizonte	BR	America/Sao_Paulo
Minhang	CN	Asia/Shanghai
Bazhong	CN	Asia/Shanghai
Salvador	BR	America/Bahia
Abuja	NG	Africa/Lagos
Gazipur	BD	Asia/Dhaka
Chicago	US	America/Chicago
Wenzhou	CN	Asia/Shanghai
Bekasi	ID	Asia/Jakarta
Dakar	SN	Africa/Dakar
Haiphong	VN	Asia/Bangkok
Yunfu	CN	Asia/Shanghai
Navi Mumbai	IN	Asia/Kolkata
Mogadishu	SO	Africa/Mogadishu
Kumasi	GH	Africa/Accra
Bandung	ID	Asia/Jakarta
Gujranwala	PK	Asia/Karachi
Medan	ID	Asia/Jakarta
Lucknow	IN	Asia/Kolkata
Xining	CN	Asia/Shanghai
Ouagadougou	BF	Africa/Ouagadougou
Nagpur	IN	Asia/Kolkata
Fortaleza	BR	America/Fortaleza
Cali	CO	America/Bogota
Perth	AU	Australia/Perth
Daegu	KR	Asia/Seoul
Algiers	DZ	Africa/Algiers
Nanchang	CN	Asia/Shanghai
Baku	AZ	Asia/Baku
Nagoya	JP	Asia/Tokyo
Rome	IT	Europe/Rome
Queens	US	America/New_York
Houston	US	America/Chicago
Mashhad	IR	Asia/Tehran
Shaoxing	CN	Asia/Shanghai
Nantong	CN	Asia/Shanghai
Baoshan	CN	Asia/Shanghai
Kowloon	HK	Asia/Hong_Kong
Gaziantep	TR	Europe/Istanbul
Lubumbashi	CD	Africa/Lubumbashi
Manaus	BR	America/Manaus
Lusaka	ZM	Africa/Lusaka
Brasília	BR	America/Sao_Paulo
Zhuhai	CN	Asia/Shanghai
Santo Domingo	DO	America/Santo_Domingo
Lomé	TG	Africa/Lome
Multan	PK	Asia/Karachi
Havana	CU	America/Havana
Depok	ID	Asia/Jakarta
Ordos	CN	Asia/Shanghai
Paris	FR	Europe/Paris
Coimbatore	IN	Asia/Kolkata
Qingyang	CN	Asia/Shanghai
Port Harcourt	NG	Africa/Lagos
Pretoria	ZA	Africa/Johannesburg
Córdoba	AR	America/Argentina/Cordoba
Mbuji-Mayi	CD	Africa/Lubumbashi
Aleppo	SY	Asia/Damascus
Kunshan	CN	Asia/Shanghai
Al Mawşil al Jadīdah	IQ	Asia/Baghdad
Zunyi	CN	Asia/Shanghai
La Paz	BO	America/La_Paz
Lianyungang	CN	Asia/Shanghai
Medellín	CO	America/Bogota
Puning	CN	Asia/Shanghai
Indore	IN	Asia/Kolkata
Brazzaville	CG	Africa/Brazzaville
Tashkent	UZ	Asia/Tashkent
Ganzhou	CN	Asia/Shanghai
Almaty	KZ	Asia/Almaty
Khartoum	SD	Africa/Khartoum
Hamburg	DE	Europe/Berlin
Sapporo	JP	Asia/Tokyo
Songjiang	CN	Asia/Shanghai
Accra	GH	Africa/Accra
Curitiba	BR	America/Sao_Paulo
Sanaa	YE	Asia/Aden
Conakry	GN	Africa/Conakry
Tangerang	ID	Asia/Jakarta
Tijuana	MX	America/Tijuana
Hyderabad	PK	Asia/Karachi
Beirut	LB	Asia/Beirut
Jieyang	CN	Asia/Shanghai
Jilin	CN	Asia/Shanghai
Jiading	CN	Asia/Shanghai
Bucharest	RO	Europe/Bucharest
Camayenne	GN	Africa/Conakry
Kakamega	KE	Africa/Nairobi
Shangqiu	CN	Asia/Shanghai
Nanchong	CN	Asia/Shanghai
Tainan	TW	Asia/Taipei
Kaduna	NG	Africa/Lagos
Omdurman	SD	Africa/Khartoum
Davao	PH	Asia/Manila
Thāne	IN	Asia/Kolkata
Iztapalapa	MX	America/Mexico_City
Diyarbakır	TR	Europe/Istanbul
Santa Cruz de la Sierra	BO	America/La_Paz
Vadodara	IN	Asia/Kolkata
Adana	TR	Europe/Istanbul
Nanyang	CN	Asia/Shanghai
Abu Dhabi	AE	Asia/Dubai
Palembang	ID	Asia/Jakarta
Sharjah	AE	Asia/Dubai
Bhopal	IN	Asia/Kolkata
Jiangmen	CN	Asia/Shanghai
Benin City	NG	Africa/Lagos
Jiangyin	CN	Asia/Shanghai
Fuyang	CN	Asia/Shanghai
Montréal	CA	America/Toronto
Bayan Nur	CN	Asia/Shanghai
Chengtangcun	CN	Asia/Shanghai
Maracaibo	VE	America/Caracas
Chaozhou	CN	Asia/Shanghai
Minsk	BY	Europe/Minsk
Budapest	HU	Europe/Budapest
Qingyuan	CN	Asia/Shanghai
Tai’an	CN	Asia/Shanghai
Rasapūdipalem	IN	Asia/Kolkata
Pimpri-Chinchwad	IN	Asia/Kolkata
Caloocan	PH	Asia/Manila
Warsaw	PL	Europe/Warsaw
Soweto	ZA	Africa/Johannesburg
Semarang	ID	Asia/Jakarta
Puebla	MX	America/Mexico_City
Vienna	AT	Europe/Vienna
Barcelona	ES	Europe/Madrid
Patna	IN	Asia/Kolkata
Mosul	IQ	Asia/Baghdad
Kallakurichi	IN	Asia/Kolkata
Kampala	UG	Africa/Kampala
Changshu	CN	Asia/Shanghai
Rabat	MA	Africa/Casablanca
Recife	BR	America/Recife
Phoenix	US	America/Phoenix
Suzhou	CN	Asia/Shanghai
Ecatepec de Morelos	MX	America/Mexico_City
Lu’an	CN	Asia/Shanghai
Valencia	VE	America/Caracas
Ludhiana	IN	Asia/Kolkata
Yancheng	CN	Asia/Shanghai
Novosibirsk	RU	Asia/Novosibirsk
Erbil	IQ	Asia/Baghdad
Fukuoka	JP	Asia/Tokyo
Taizhou	CN	Asia/Shanghai
Daqing	CN	Asia/Shanghai
Kisangani	CD	Africa/Lubumbashi
Manila	PH	Asia/Manila
Wuhu	CN	Asia/Shanghai
Santiago de Querétaro	MX	America/Mexico_City
Dazhou	CN	Asia/Shanghai
León de los Aldama	MX	America/Mexico_City
Makkah	SA	Asia/Riyadh
Philadelphia	US	America/New_York
Phnom Penh	KH	Asia/Phnom_Penh
Guilin	CN	Asia/Shanghai
Damascus	SY	Asia/Damascus
Quetta	PK	Asia/Karachi
Zhaoqing	CN	Asia/Shanghai
Onitsha	NG	Africa/Lagos
Mianyang	CN	Asia/Shanghai
Auckland	NZ	Pacific/Auckland
Isfahan	IR	Asia/Tehran
Wanzhou	CN	Asia/Shanghai
Astana	KZ	Asia/Almaty
Harare	ZW	Africa/Harare
Monrovia	LR	Africa/Monrovia
Putian	CN	Asia/Shanghai
Kawasaki	JP	Asia/Tokyo
Goiânia	BR	America/Sao_Paulo
San Antonio	US	America/Chicago
Kobe	JP	Asia/Tokyo
Jinzhou	CN	Asia/Shanghai
Stockholm	SE	Europe/Stockholm
Ciudad Juárez	MX	America/Ciudad_Juarez
Cần Thơ	VN	Asia/Ho_Chi_Minh
Munich	DE	Europe/Berlin
Khulna	BD	Asia/Dhaka
Belém	BR	America/Belem
Yekaterinburg	RU	Asia/Yekaterinburg
Porto Alegre	BR	America/Sao_Paulo
Manhattan	US	America/New_York
Nashik	IN	Asia/Kolkata
Taizhou	CN	Asia/Shanghai
Asunción	PY	America/Asuncion
Yiwu	CN	Asia/Shanghai
Zapopan	MX	America/Mexico_City
Makassar	ID	Asia/Makassar
Adelaide	AU	Australia/Adelaide
Quanzhou	CN	Asia/Shanghai
Madurai	IN	Asia/Kolkata
Jinhua	CN	Asia/Shanghai
Kyoto	JP	Asia/Tokyo
Cixi	CN	Asia/Shanghai
Changde	CN	Asia/Shanghai
Kuala Lumpur	MY	Asia/Kuala_Lumpur
Kayseri	TR	Europe/Istanbul
Kaifeng	CN	Asia/Shanghai
Karaj	IR	Asia/Tehran
Kathmandu	NP	Asia/Kathmandu
Daejeon	KR	Asia/Seoul
Baoji	CN	Asia/Shanghai
Suqian	CN	Asia/Shanghai
Liuzhou	CN	Asia/Shanghai
Tirunelveli	IN	Asia/Kolkata
Konya	TR	Europe/Istanbul
Zhangjiagang	CN	Asia/Shanghai
Agra	IN	Asia/Kolkata
South Tangerang	ID	Asia/Jakarta
Tabriz	IR	Asia/Tehran
Kharkiv	UA	Europe/Kyiv
Xinyang	CN	Asia/Shanghai
Jinjiang	CN	Asia/Shanghai
Faridabad	IN	Asia/Kolkata
Bozhou	CN	Asia/Shanghai
Qujing	CN	Asia/Shanghai
San Diego	US	America/Los_Angeles
Gwangju	KR	Asia/Seoul
Zhanjiang	CN	Asia/Shanghai
Fushun	CN	Asia/Shanghai
Rājkot	IN	Asia/Kolkata
Luoyang	CN	Asia/Shanghai
Guadalajara	MX	America/Mexico_City
The Bronx	US	America/New_York
Guankou	CN	Asia/Shanghai
Huế	VN	Asia/Bangkok
Milan	IT	Europe/Rome
Najafgarh	IN	Asia/Kolkata
Lianjiang	CN	Asia/Shanghai
N'Djamena	TD	Africa/Ndjamena
Handan	CN	Asia/Shanghai
Bannu	PK	Asia/Karachi
Yichang	CN	Asia/Shanghai
Antananarivo	MG	Indian/Antananarivo
Heze	CN	Asia/Shanghai
Guarulhos	BR	America/Sao_Paulo
Abobo	CI	Africa/Abidjan
Jamshedpur	IN	Asia/Kolkata
Douala	CM	Africa/Douala
Antalya	TR	Europe/Istanbul
Basrah	IQ	Asia/Baghdad
Dallas	US	America/Chicago
Saitama	JP	Asia/Tokyo
Niamey	NE	Africa/Niamey
Liupanshui	CN	Asia/Shanghai
Taguig	PH	Asia/Manila
Maoming	CN	Asia/Shanghai
Calgary	CA	America/Edmonton
Tripoli	LY	Africa/Tripoli
Madinah	SA	Asia/Riyadh
Yaoundé	CM	Africa/Douala
Batam	ID	Asia/Jakarta
Qinzhou	CN	Asia/Shanghai
Luohe	CN	Asia/Shanghai
Xiangyang	CN	Asia/Shanghai
Yangjiang	CN	Asia/Shanghai
Yixing	CN	Asia/Shanghai
Pimpri	IN	Asia/Kolkata
Da Nang	VN	Asia/Ho_Chi_Minh
Amman	JO	Asia/Amman
Budta	PH	Asia/Manila
Belgrade	RS	Europe/Belgrade
Biên Hòa	VN	Asia/Ho_Chi_Minh
Kananga	CD	Africa/Lubumbashi
Qingpu	CN	Asia/Shanghai
Montevideo	UY	America/Montevideo
Xuchang	CN	Asia/Shanghai
Kalyān	IN	Asia/Kolkata
Zigong	CN	Asia/Shanghai
Nizhniy Novgorod	RU	Europe/Moscow
Jepara	ID	Asia/Jakarta
Maputo	MZ	Africa/Maputo
Xuzhou	CN	Asia/Shanghai
Dammam	SA	Asia/Riyadh
Ra’s Bayrūt	LB	Asia/Beirut
Neijiang	CN	Asia/Shanghai
Shiraz	IR	Asia/Tehran
Heshan	CN	Asia/Shanghai
Dombivali	IN	Asia/Kolkata
Kazan	RU	Europe/Moscow
Jining	CN	Asia/Shanghai
Barquisimeto	VE	America/Caracas
Shubrā al Khaymah	EG	Africa/Cairo
Putuo	CN	Asia/Shanghai
Port-au-Prince	HT	America/Port-au-Prince
Suwon	KR	Asia/Seoul
Liaocheng	CN	Asia/Shanghai
Jinzhong	CN	Asia/Shanghai
Callao	PE	America/Lima
Meerut	IN	Asia/Kolkata
Virār	IN	Asia/Kolkata
Nowrangapur	IN	Asia/Kolkata
Karbala	IQ	Asia/Baghdad
Changzhi	CN	Asia/Shanghai
Tianshui	CN	Asia/Shanghai
Sadr City	IQ	Asia/Baghdad
Yangpu	CN	Asia/Shanghai
Mombasa	KE	Africa/Nairobi
Mandalay	MM	Asia/Yangon
Srinagar	IN	Asia/Kolkata
Barranquilla	CO	America/Bogota
Chelyabinsk	RU	Asia/Yekaterinburg
Mérida	MX	America/Merida
Hiroshima	JP	Asia/Tokyo
Santiago de los Caballeros	DO	America/Santo_Domingo
Shymkent	KZ	Asia/Almaty
Weinan	CN	Asia/Shanghai
Ghāziābād	IN	Asia/Kolkata
Matola	MZ	Africa/Maputo
Dhanbad	IN	Asia/Kolkata
Arequipa	PE	America/Lima
Hong Kong Island	HK	Asia/Hong_Kong
Fes	MA	Africa/Casablanca
Gustavo Adolfo Madero	MX	America/Mexico_City
Nouakchott	MR	Africa/Nouakchott
Jiaxing	CN	Asia/Shanghai
Aurangabad	IN	Asia/Kolkata
Zhongwei	CN	Asia/Shanghai
Omsk	RU	Asia/Omsk
Pikine	SN	Africa/Dakar
Pekanbaru	ID	Asia/Jakarta
Panjin	CN	Asia/Shanghai
Bandar Lampung	ID	Asia/Jakarta
Prague	CZ	Europe/Prague
Varanasi	IN	Asia/Kolkata
Jiujiang	CN	Asia/Shanghai
Samara	RU	Europe/Samara
Aba	NG	Africa/Lagos
Amritsar	IN	Asia/Kolkata
Birmingham	GB	Europe/London
Copenhagen	DK	Europe/Copenhagen
Sofia	BG	Europe/Sofia
Anyang	CN	Asia/Shanghai
Yerevan	AM	Asia/Yerevan
Luohu District	CN	Asia/Shanghai
Vijayawada	IN	Asia/Kolkata
Fengxiang	CN	Asia/Shanghai
Bijie	CN	Asia/Shanghai
Monterrey	MX	America/Monterrey
Kigali	RW	Africa/Kigali
Rostov-on-Don	RU	Europe/Moscow
Zhuzhou	CN	Asia/Shanghai
Rui’an	CN	Asia/Shanghai
Malingao	PH	Asia/Manila
Touba	SN	Africa/Dakar
Ufa	RU	Asia/Yekaterinburg
Ranchi	IN	Asia/Kolkata
Zoucheng	CN	Asia/Shanghai
Shangrao	CN	Asia/Shanghai
Lilongwe	MW	Africa/Blantyre
Huaibei	CN	Asia/Shanghai
Maiduguri	NG	Africa/Lagos
Xuhui	CN	Asia/Shanghai
Meishan	CN	Asia/Shanghai
Mwanza	TZ	Africa/Dar_es_Salaam
Wuchang	CN	Asia/Shanghai
Ulsan	KR	Asia/Seoul
Sendai	JP	Asia/Tokyo
Krasnoyarsk	RU	Asia/Krasnoyarsk
Fuzhou	CN	Asia/Shanghai
Guigang	CN	Asia/Shanghai
Oslo	NO	Europe/Oslo
Jabalpur	IN	Asia/Kolkata
Ilorin	NG	Africa/Lagos
Aden	YE	Asia/Aden
Bogor	ID	Asia/Jakarta
Ciudad Nezahualcoyotl	MX	America/Mexico_City
Hengyang	CN	Asia/Shanghai
Prayagraj	IN	Asia/Kolkata
Trujillo	PE	America/Lima
Visakhapatnam	IN	Asia/Kolkata
Goyang-si	KR	Asia/Seoul
Yulin	CN	Asia/Shanghai
Jodhpur	IN	Asia/Kolkata
Gwalior	IN	Asia/Kolkata
Jingzhou	CN	Asia/Shanghai
Gqeberha	ZA	Africa/Johannesburg
Tbilisi	GE	Asia/Tbilisi
Voronezh	RU	Europe/Moscow
Xinxiang	CN	Asia/Shanghai
Yichun	CN	Asia/Shanghai
Sokoto	NG	Africa/Lagos
Jos	NG	Africa/Lagos
Tangier	MA	Africa/Casablanca
Teni	IN	Asia/Kolkata
Xianyang	CN	Asia/Shanghai
Mexicali	MX	America/Tijuana
Pointe-Noire	CG	Africa/Brazzaville
Maceió	BR	America/Maceio
Campinas	BR	America/Sao_Paulo
Sanya	CN	Asia/Shanghai
Rangpur	BD	Asia/Dhaka
Kirkuk	IQ	Asia/Baghdad
Ashgabat	TM	Asia/Ashgabat
Shaoguan	CN	Asia/Shanghai
Howrah	IN	Asia/Kolkata
Raipur	IN	Asia/Kolkata
Changwon	KR	Asia/Seoul
Longyan	CN	Asia/Shanghai
Köln	DE	Europe/Berlin
Dublin	IE	Europe/Dublin
Tiruchirappalli	IN	Asia/Kolkata
Yongzhou	CN	Asia/Shanghai
Brussels	BE	Europe/Brussels
Zamboanga	PH	Asia/Manila
Ottawa	CA	America/Toronto
Huzhou	CN	Asia/Shanghai
Xinyi	CN	Asia/Shanghai
Volgograd	RU	Europe/Volgograd
Khartoum North	SD	Africa/Khartoum
Edmonton	CA	America/Edmonton
Odesa	UA	Europe/Kyiv
Wuwei	CN	Asia/Shanghai
Jacksonville	US	America/New_York
Fort Worth	US	America/Chicago
Yishui	CN	Asia/Shanghai
Hanzhong	CN	Asia/Shanghai
Hezhou	CN	Asia/Shanghai
Pest	HU	Europe/Budapest
Kota	IN	Asia/Kolkata
Zhu Cheng City	CN	Asia/Shanghai
Shivaji Nagar	IN	Asia/Kolkata
Dongying	CN	Asia/Shanghai
Luzhou	CN	Asia/Shanghai
San Jose	US	America/Los_Angeles
Sholapur	IN	Asia/Kolkata
Marrakesh	MA	Africa/Casablanca
Guatemala City	GT	America/Guatemala
Meizhou	CN	Asia/Shanghai
Yueyang	CN	Asia/Shanghai
Laiwu	CN	Asia/Shanghai
Esenyurt	TR	Europe/Istanbul
Perm	RU	Asia/Yekaterinburg
Zaria	NG	Africa/Lagos
Kennedy	CO	America/Bogota
Chiba	JP	Asia/Tokyo
Pingdingshan	CN	Asia/Shanghai
Ciudad Guayana	VE	America/Caracas
Sargodha	PK	Asia/Karachi
Austin	US	America/Chicago
Managua	NI	America/Managua
Bengbu	CN	Asia/Shanghai
Salé	MA	Africa/Casablanca
Jerusalem	IL	Asia/Jerusalem
Chandigarh	IN	Asia/Kolkata
Dnipro	UA	Europe/Kyiv
Feicheng	CN	Asia/Shanghai
Cebu City	PH	Asia/Manila
Sanhe	CN	Asia/Shanghai
Guli	CN	Asia/Shanghai
Tiruppur	IN	Asia/Kolkata
Guwahati	IN	Asia/Kolkata
Xiangtan	CN	Asia/Shanghai
Linfen	CN	Asia/Shanghai
Victoria	HK	Asia/Hong_Kong
Zhenjiang	CN	Asia/Shanghai
Enugu	NG	Africa/Lagos
Rosario	AR	America/Argentina/Cordoba
Sulţānah	SA	Asia/Riyadh
Huludao	CN	Asia/Shanghai
Hubballi	IN	Asia/Kolkata
Padang	ID	Asia/Jakarta
Kitakyushu	JP	Asia/Tokyo
Taiz	YE	Asia/Aden
Setagaya	JP	Asia/Tokyo
Kingston	JM	America/Jamaica
Jing’an	CN	Asia/Shanghai
Baoshan	CN	Asia/Shanghai
Chihuahua	MX	America/Chihuahua
Nay Pyi Taw	MM	Asia/Yangon
Eskişehir	TR	Europe/Istanbul
Mysuru	IN	Asia/Kolkata
Chengde	CN	Asia/Shanghai
Salem	IN	Asia/Kolkata
São Luís	BR	America/Fortaleza
Seongnam-si	KR	Asia/Seoul
Cartagena	CO	America/Bogota
Antipolo	PH	Asia/Manila
Columbus	US	America/New_York
Sialkot	PK	Asia/Karachi
Charlotte	US	America/New_York
Laibin	CN	Asia/Shanghai
Warri	NG	Africa/Lagos
Naples	IT	Europe/Rome
Xiaogan	CN	Asia/Shanghai
Wuchuan	CN	Asia/Shanghai
Campo Grande	BR	America/Campo_Grande
Ziyang	CN	Asia/Shanghai
Bobo-Dioulasso	BF	Africa/Ouagadougou
Bahawalpur	PK	Asia/Karachi
Quzhou	CN	Asia/Shanghai
Blantyre	MW	Africa/Blantyre
Donetsk	UA	Europe/Kyiv
Abū Ghurayb	IQ	Asia/Baghdad
Qom	IR	Asia/Tehran
Bishkek	KG	Asia/Bishkek
Krasnodar	RU	Europe/Moscow
Natal	BR	America/Fortaleza
Pingxiang	CN	Asia/Shanghai
Malang	ID	Asia/Jakarta
Cancún	MX	America/Cancun
Indianapolis	US	America/Indiana/Indianapolis
Gurugram	IN	Asia/Kolkata
Bhubaneswar	IN	Asia/Kolkata
Zhoushan	CN	Asia/Shanghai
Qiqihar	CN	Asia/Shanghai
Mulenvos	AO	Africa/Luanda
Sulaymaniyah	IQ	Asia/Baghdad
Marseille	FR	Europe/Paris
Bhiwandi	IN	Asia/Kolkata
Soshanguve	ZA	Africa/Johannesburg
Laiyang	CN	Asia/Shanghai
Daye	CN	Asia/Shanghai
Teresina	BR	America/Fortaleza
Ankang	CN	Asia/Shanghai
Jalandhar	IN	Asia/Kolkata
Rotterdam	NL	Europe/Amsterdam
Langfang	CN	Asia/Shanghai
Lhasa	CN	Asia/Shanghai
Duque de Caxias	BR	America/Sao_Paulo
Viana	AO	Africa/Luanda
Jiaozuo	CN	Asia/Shanghai
Samarinda	ID	Asia/Makassar
Benxi	CN	Asia/Shanghai
Rohini	IN	Asia/Kolkata
Wanxian	CN	Asia/Shanghai
Guang’an	CN	Asia/Shanghai
Johor Bahru	MY	Asia/Kuala_Lumpur
Arifwala	PK	Asia/Karachi
Pasig City	PH	Asia/Manila
Cheongju-si	KR	Asia/Seoul
Kanayannur	IN	Asia/Kolkata
Tegucigalpa	HN	America/Tegucigalpa
Bucheon-si	KR	Asia/Seoul
Thanh Hóa	VN	Asia/Bangkok
Turin	IT	Europe/Rome
Al Ain City	AE	Asia/Dubai
Libreville	GA	Africa/Libreville
Saratov	RU	Europe/Saratov
Ulan Bator	MN	Asia/Ulaanbaatar
Weihai	CN	Asia/Shanghai
Takeo	KH	Asia/Phnom_Penh
Nova Iguaçu	BR	America/Sao_Paulo
Cochabamba	BO	America/La_Paz
Ahvaz	IR	Asia/Tehran
Vientiane	LA	Asia/Vientiane
São Bernardo do Campo	BR	America/Sao_Paulo
Zhabei	CN	Asia/Shanghai
Shangyu	CN	Asia/Shanghai
Xinyu	CN	Asia/Shanghai
Pietermaritzburg	ZA	Africa/Johannesburg
Yibin	CN	Asia/Shanghai
Naucalpan de Juárez	MX	America/Mexico_City
Kampung Baru Subang	MY	Asia/Kuala_Lumpur
Bouaké	CI	Africa/Abidjan
Taicang	CN	Asia/Shanghai
San Francisco	US	America/Los_Angeles
Sakai	JP	Asia/Tokyo
Jiaojiang	CN	Asia/Shanghai
Valencia	ES	Europe/Madrid
Jinshan	CN	Asia/Shanghai
Chenzhou	CN	Asia/Shanghai
João Pessoa	BR	America/Fortaleza
Bukavu	CD	Africa/Lubumbashi
Kraków	PL	Europe/Warsaw
Dandong	CN	Asia/Shanghai
Barcelona	VE	America/Caracas
Bangui	CF	Africa/Bangui
Hermosillo	MX	America/Hermosillo
Bhayandar	IN	Asia/Kolkata
Culiacán	MX	America/Mazatlan
Petaling Jaya	MY	Asia/Kuala_Lumpur
Anqing	CN	Asia/Shanghai
Oran	DZ	Africa/Algiers
Freetown	SL	Africa/Freetown
San Pedro Sula	HN	America/Tegucigalpa
Narela	IN	Asia/Kolkata
Xingtai	CN	Asia/Shanghai
Niigata	JP	Asia/Tokyo
Muscat	OM	Asia/Muscat
Zarqa	JO	Asia/Amman
Çankaya	TR	Europe/Istanbul
Küçükçekmece	TR	Europe/Istanbul
Hamamatsu	JP	Asia/Tokyo
Kolwezi	CD	Africa/Lubumbashi
Vinh	VN	Asia/Bangkok
Thiruvananthapuram	IN	Asia/Kolkata
Zhaotong	CN	Asia/Shanghai
Hondlon	CN	Asia/Shanghai
Panzhihua	CN	Asia/Shanghai
Chuzhou	CN	Asia/Shanghai
Seattle	US	America/Los_Angeles
Port Said	EG	Africa/Cairo
Cúcuta	CO	America/Bogota
Homs	SY	Asia/Damascus
Xuancheng	CN	Asia/Shanghai
Ibb	YE	Asia/Aden
Tasikmalaya	ID	Asia/Jakarta
Nampula	MZ	Africa/Maputo
Bujumbura	BI	Africa/Bujumbura
Tyumen	RU	Asia/Yekaterinburg
Erzurum	TR	Europe/Istanbul
Anshun	CN	Asia/Shanghai
Dodoma	TZ	Africa/Dar_es_Salaam
Rajshahi	BD	Asia/Dhaka
Dera Ismail Khan	PK	Asia/Karachi
Sorocaba	BR	America/Sao_Paulo
Wuzhou	CN	Asia/Shanghai
Ipoh	MY	Asia/Kuala_Lumpur
Qinhuangdao	CN	Asia/Shanghai
Benghazi	LY	Africa/Tripoli
Uberlândia	BR	America/Sao_Paulo
Alīgarh	IN	Asia/Kolkata
Shaoyang	CN	Asia/Shanghai
Malatya	TR	Europe/Istanbul
Winnipeg	CA	America/Winnipeg
Ōta	JP	Asia/Tokyo
Andijon	UZ	Asia/Tashkent
Bareilly	IN	Asia/Kolkata
Buraydah	SA	Asia/Riyadh
Hegang	CN	Asia/Shanghai
Morelia	MX	America/Mexico_City
Riga	LV	Europe/Riga
Zhuanghe	CN	Asia/Shanghai
Amsterdam	NL	Europe/Amsterdam
Cagayan de Oro	PH	Asia/Manila
Ma’anshan	CN	Asia/Shanghai
Shah Alam	MY	Asia/Kuala_Lumpur
Bağcılar	TR	Europe/Istanbul
Shizuishan	CN	Asia/Shanghai
Kumamoto	JP	Asia/Tokyo
Oyo	NG	Africa/Lagos
Serang	ID	Asia/Jakarta
Torreón	MX	America/Monterrey
Deyang	CN	Asia/Shanghai
Abeokuta	NG	Africa/Lagos
Al Ḩudaydah	YE	Asia/Aden
Yangquan	CN	Asia/Shanghai
Akure	NG	Africa/Lagos
Denver	US	America/Denver
Osasco	BR	America/Sao_Paulo
Kikolo	AO	Africa/Luanda
Maianga	AO	Africa/Luanda
São José dos Campos	BR	America/Sao_Paulo
Álvaro Obregón	MX	America/Mexico_City
Aihara	JP	Asia/Tokyo
Evaton	ZA	Africa/Johannesburg
Valenzuela	PH	Asia/Manila
Muzaffarābād	PK	Asia/Karachi
Okayama	JP	Asia/Tokyo
San Luis Potosí	MX	America/Monterrey
Aguascalientes	MX	America/Mexico_City
General Santos	PH	Asia/Manila
Zhumadian	CN	Asia/Shanghai
Morādābād	IN	Asia/Kolkata
Sagamihara	JP	Asia/Tokyo
Qingshan	CN	Asia/Shanghai
Mississauga	CA	America/Toronto
Lviv	UA	Europe/Kyiv
Namangan	UZ	Asia/Tashkent
Zaporizhzhya	UA	Europe/Kyiv
Zanzibar	TZ	Africa/Dar_es_Salaam
Saltillo	MX	America/Monterrey
Latakia	SY	Asia/Damascus
Subang Jaya	MY	Asia/Kuala_Lumpur
Warangal	IN	Asia/Kolkata
Paranaque City	PH	Asia/Manila
Tolyatti	RU	Europe/Samara
Santo Domingo Oeste	DO	America/Santo_Domingo
Santo Domingo Este	DO	America/Santo_Domingo
Dhārāvi	IN	Asia/Kolkata
Battagram	PK	Asia/Karachi
Suez	EG	Africa/Cairo
Changzhi	CN	Asia/Shanghai
Ribeirão Preto	BR	America/Sao_Paulo
Agadir	MA	Africa/Casablanca
Edogawe	JP	Asia/Tokyo
Sarajevo	BA	Europe/Sarajevo
Balikpapan	ID	Asia/Makassar
Adachi	JP	Asia/Tokyo
Changning	CN	Asia/Shanghai
Bauchi	NG	Africa/Lagos
Shizuoka	JP	Asia/Tokyo
Tunis	TN	Africa/Tunis
Zhangjiakou	CN	Asia/Shanghai
Washington	US	America/New_York
Nashville	US	America/Chicago
Fuxin	CN	Asia/Shanghai
Ta’if	SA	Asia/Riyadh
Changsha	CN	Asia/Shanghai
Huangshi	CN	Asia/Shanghai
Liaoyang	CN	Asia/Shanghai
Hlaingthaya	MM	Asia/Yangon
Beira	MZ	Africa/Maputo
Hongkou	CN	Asia/Shanghai
Zaragoza	ES	Europe/Madrid
Sevilla	ES	Europe/Madrid
Baise	CN	Asia/Shanghai
Pontianak	ID	Asia/Pontianak
Situbondo	ID	Asia/Jakarta
Agege	NG	Africa/Lagos
Binzhou	CN	Asia/Shanghai
Oklahoma City	US	America/Chicago
Yuncheng	CN	Asia/Shanghai
Dezhou	CN	Asia/Shanghai
Dushanbe	TJ	Asia/Dushanbe
Cotonou	BJ	Africa/Porto-Novo
El Paso	US	America/Denver
Gorakhpur	IN	Asia/Kolkata
Guadalupe	MX	America/Monterrey
Wrocław	PL	Europe/Warsaw
Denpasar	ID	Asia/Makassar
Guntur	IN	Asia/Kolkata
Katsina	NG	Africa/Lagos
Sanmenxia	CN	Asia/Shanghai
E’zhou	CN	Asia/Shanghai
Madīnat an Naşr	EG	Africa/Cairo
Camama	AO	Africa/Luanda
Tabuk	SA	Asia/Riyadh
Kitwe	ZM	Africa/Lusaka
Bulawayo	ZW	Africa/Harare
Mudanjiang	CN	Asia/Shanghai
Aracaju	BR	America/Maceio
Joinville	BR	America/Sao_Paulo
Athens	GR	Europe/Athens
Zagreb	HR	Europe/Zagreb
Leshan	CN	Asia/Shanghai
Santo André	BR	America/Sao_Paulo
Vancouver	CA	America/Vancouver
Rizhao	CN	Asia/Shanghai
Helsinki	FI	Europe/Helsinki
Cheonan	KR	Asia/Seoul
Acapulco de Juárez	MX	America/Mexico_City
Dongcun	CN	Asia/Shanghai
Banjarmasin	ID	Asia/Makassar
Puducherry	IN	Asia/Kolkata
Suining	CN	Asia/Shanghai
Brampton	CA	America/Toronto
Huangpu	CN	Asia/Shanghai
Golfe	AO	Africa/Luanda
Puyang	CN	Asia/Shanghai
Soacha	CO	America/Bogota
Boston	US	America/New_York
Tlalnepantla	MX	America/Mexico_City
Jājmau	IN	Asia/Kolkata
Portland	US	America/Los_Angeles
Calumbo	AO	Africa/Luanda
Tlaquepaque	MX	America/Mexico_City
Frankfurt am Main	DE	Europe/Berlin
Macau	MO	Asia/Macau
Palermo	IT	Europe/Rome
Izhevsk	RU	Europe/Samara
Colombo	LK	Asia/Colombo
Maturín	VE	America/Caracas
Amravati	IN	Asia/Kolkata
Lingyuan	CN	Asia/Shanghai
Detroit	US	America/Detroit
Mingguang	CN	Asia/Shanghai
Osogbo	NG	Africa/Lagos
Honchō	JP	Asia/Tokyo
Bikaner	IN	Asia/Kolkata
Jaboatão dos Guararapes	BR	America/Recife
Hoji ya Henda	AO	Africa/Luanda
Las Vegas	US	America/Los_Angeles
New South Memphis	US	America/Chicago
Hwaseong-si	KR	Asia/Seoul
Gold Coast	AU	Australia/Brisbane
Łódź	PL	Europe/Warsaw
Jeonju	KR	Asia/Seoul
Chongming	CN	Asia/Shanghai
Al Aḩmadī	KW	Asia/Kuwait
Cuenca	EC	America/Guayaquil
Chisinau	MD	Europe/Chisinau
Likasi	CD	Africa/Lubumbashi
Jambi City	ID	Asia/Jakarta
Hebi	CN	Asia/Shanghai
Comilla	BD	Asia/Dhaka
Tshikapa	CD	Africa/Lubumbashi
Chunian	PK	Asia/Karachi
Kochi	IN	Asia/Kolkata
Memphis	US	America/Chicago
Jingmen	CN	Asia/Shanghai
Barnaul	RU	Asia/Barnaul
Piura	PE	America/Lima
Siping	CN	Asia/Shanghai
Bhilai	IN	Asia/Kolkata
Ndola	ZM	Africa/Lusaka
Contagem	BR	America/Sao_Paulo
Ulyanovsk	RU	Europe/Ulyanovsk
Djibouti	DJ	Africa/Djibouti
Glasgow	GB	Europe/London
Panshan	CN	Asia/Shanghai
Louisville	US	America/Kentucky/Louisville
Irkutsk	RU	Asia/Irkutsk
Ansan-si	KR	Asia/Seoul
Al Mansurah	EG	Africa/Cairo
Kermanshah	IR	Asia/Tehran
Jiaozhou	CN	Asia/Shanghai
Düsseldorf	DE	Europe/Berlin
Suizhou	CN	Asia/Shanghai
Villa Nueva	GT	America/Guatemala
Khabarovsk	RU	Asia/Vladivostok
Cuiabá	BR	America/Cuiaba
Arusha	TZ	Africa/Dar_es_Salaam
Feira de Santana	BR	America/Bahia
Las Piñas	PH	Asia/Manila
Chizhou	CN	Asia/Shanghai
Coyoacán	MX	America/Mexico_City
Stuttgart	DE	Europe/Berlin
Ya'an	CN	Asia/Shanghai
Cuttack	IN	Asia/Kolkata
Borivli	IN	Asia/Kolkata
Chiclayo	PE	America/Lima
Yaroslavl	RU	Europe/Moscow
Gothenburg	SE	Europe/Stockholm
Kawaguchi	JP	Asia/Tokyo
Bukit Rahman Putra	MY	Asia/Kuala_Lumpur
Jhang Sadr	PK	Asia/Karachi
Ha'il	SA	Asia/Riyadh
Bhavnagar	IN	Asia/Kolkata
Benoni	ZA	Africa/Johannesburg
Vladivostok	RU	Asia/Vladivostok
Tuxtla	MX	America/Merida
Kryvyy Rih	UA	Europe/Kyiv
Sanming	CN	Asia/Shanghai
Islamabad	PK	Asia/Karachi
Sāngli	IN	Asia/Kolkata
Jamnagar	IN	Asia/Kolkata
Lubango	AO	Africa/Luanda
Pokhara	NP	Asia/Kathmandu
Shuangyashan	CN	Asia/Shanghai
Borama	SO	Africa/Mogadishu
Pallabi	BD	Asia/Dhaka
Luancheng	CN	Asia/Shanghai
Makhachkala	RU	Europe/Moscow
Anyang-si	KR	Asia/Seoul
Huambo	AO	Africa/Luanda
Samarkand	UZ	Asia/Samarkand
Mengzi	CN	Asia/Shanghai
Kagoshima	JP	Asia/Tokyo
Mukalla	YE	Asia/Aden
Rasht	IR	Asia/Tehran
Mar del Plata	AR	America/Argentina/Buenos_Aires
Essen	DE	Europe/Berlin
Al Maḩallah al Kubrá	EG	Africa/Cairo
Málaga	ES	Europe/Madrid
Shekhupura	PK	Asia/Karachi
Yingkou	CN	Asia/Shanghai
Zhangzhou	CN	Asia/Shanghai
Reynosa	MX	America/Matamoros
Thuận An	VN	Asia/Ho_Chi_Minh
Dortmund	DE	Europe/Berlin
Suginami	JP	Asia/Tokyo
Baltimore	US	America/New_York
Itabashi	JP	Asia/Tokyo
New Kingston	JM	America/Jamaica
Pelentong	MY	Asia/Kuala_Lumpur
Cimahi	ID	Asia/Jakarta
Londrina	BR	America/Sao_Paulo
Bucaramanga	CO	America/Bogota
Genoa	IT	Europe/Rome
Hachiōji	JP	Asia/Tokyo
Malacca	MY	Asia/Kuala_Lumpur
Nha Trang	VN	Asia/Ho_Chi_Minh
Kerman	IR	Asia/Tehran
Orūmīyeh	IR	Asia/Tehran
Bahçelievler	TR	Europe/Istanbul
Tanta	EG	Africa/Cairo
Jammu	IN	Asia/Kolkata
Iskandar Puteri	MY	Asia/Kuala_Lumpur
Calamba	PH	Asia/Manila
Tlalpan	MX	America/Mexico_City
Herāt	AF	Asia/Kabul
Dongsheng	CN	Asia/Shanghai
Gujrat	PK	Asia/Karachi
Tomsk	RU	Asia/Tomsk
Ümraniye	TR	Europe/Istanbul
Shihezi	CN	Asia/Urumqi
South Boston	US	America/New_York
Nakuru	KE	Africa/Nairobi
Hamilton	CA	America/Toronto
Irbid	JO	Asia/Amman
Manchester	GB	Europe/London
Kota Bharu	MY	Asia/Kuala_Lumpur
Surrey	CA	America/Vancouver
Meknes	MA	Africa/Casablanca
Puente Alto	CL	America/Santiago
Nyala	SD	Africa/Khartoum
Xinmin	CN	Asia/Shanghai
Dresden	DE	Europe/Berlin
Orenburg	RU	Asia/Yekaterinburg
Albuquerque	US	America/Denver
Bokāro	IN	Asia/Kolkata
Asmara	ER	Africa/Asmara
Sukkur	PK	Asia/Karachi
Milwaukee	US	America/Chicago
Chợ Lớn	VN	Asia/Ho_Chi_Minh
Wenchang	CN	Asia/Shanghai
Ile-Ife	NG	Africa/Lagos
Gombe	NG	Africa/Lagos
Hamhŭng	KP	Asia/Pyongyang
Kemerovo	RU	Asia/Novokuznetsk
Nasiriyah	IQ	Asia/Baghdad
Bloemfontein	ZA	Africa/Johannesburg
Sheffield	GB	Europe/London
Santiago de Cuba	CU	America/Havana
Cuautitlán Izcalli	MX	America/Mexico_City
Benguela	AO	Africa/Luanda
Chuxiong	CN	Asia/Shanghai
Balbala	DJ	Africa/Djibouti
Huaihua	CN	Asia/Shanghai
Sishui	CN	Asia/Shanghai
Muntinlupa	PH	Asia/Manila
Bình Thạnh	VN	Asia/Ho_Chi_Minh
Zahedan	IR	Asia/Tehran
Banqiao	TW	Asia/Taipei
Nanded	IN	Asia/Kolkata
Kozhikode	IN	Asia/Kolkata
Ulanqab	CN	Asia/Shanghai
Cabinda	AO	Africa/Luanda
Ajegunle	NG	Africa/Lagos
Pristina	XK	Europe/Belgrade
Jiamusi	CN	Asia/Shanghai
Korla	CN	Asia/Urumqi
Kolhāpur	IN	Asia/Kolkata
Porto Velho	BR	America/Porto_Velho
San Miguel de Tucumán	AR	America/Argentina/Tucuman
Kuantan	MY	Asia/Kuala_Lumpur
Sevastopol	UA	Europe/Simferopol
Nellore	IN	Asia/Kolkata
Mirpur Model Thana	BD	Asia/Dhaka
Bremen	DE	Europe/Berlin
Wanning	CN	Asia/Shanghai
Owerri	NG	Africa/Lagos
Kota Kuala Muda	MY	Asia/Kuala_Lumpur
Sungai Petani	MY	Asia/Kuala_Lumpur
Xinzhou	CN	Asia/Shanghai
Kotō	JP	Asia/Tokyo
Kalaburagi	IN	Asia/Kolkata
Tucson	US	America/Phoenix
Selayang Baru Utara	MY	Asia/Kuala_Lumpur
Vilnius	LT	Europe/Vilnius
Ajmer	IN	Asia/Kolkata
Pingdu	CN	Asia/Shanghai
Fresno	US	America/Los_Angeles
Mbeya	TZ	Africa/Dar_es_Salaam
Juiz de Fora	BR	America/Sao_Paulo
Calabar	NG	Africa/Lagos
Oujda	MA	Africa/Casablanca
Novokuznetsk	RU	Asia/Novokuznetsk
Ryazan’	RU	Europe/Moscow
Ji’an	CN	Asia/Shanghai
Sahiwal	PK	Asia/Karachi
Sahiwal	PK	Asia/Karachi
Mersin	TR	Europe/Istanbul
Nilüfer	TR	Europe/Istanbul
Leeds	GB	Europe/London
Poznań	PL	Europe/Warsaw
Aqsu	CN	Asia/Urumqi
Ebute Ikorodu	NG	Africa/Lagos
Ananindeua	BR	America/Belem
Tanggu	CN	Asia/Shanghai
Pasir Gudang	MY	Asia/Kuala_Lumpur
Astrakhan	RU	Europe/Astrakhan
Okara	PK	Asia/Karachi
Nansana	UG	Africa/Kampala
Kimhae	KR	Asia/Seoul
Ar Raqqah	SY	Asia/Damascus
Québec	CA	America/Toronto
Cuauhtémoc	MX	America/Mexico_City
Shangluo	CN	Asia/Shanghai
Himeji	JP	Asia/Tokyo
Ibagué	CO	America/Bogota
Antwerp	BE	Europe/Brussels
Assiut	EG	Africa/Cairo
Hamadān	IR	Asia/Tehran
Qionghai	CN	Asia/Shanghai
Aparecida de Goiânia	BR	America/Sao_Paulo
Cangzhou	CN	Asia/Shanghai
Mohammadpur	BD	Asia/Dhaka
Surakarta	ID	Asia/Jakarta
Yuanping	CN	Asia/Shanghai
San Salvador	SV	America/El_Salvador
Beihai	CN	Asia/Shanghai
Van	TR	Europe/Istanbul
Sacramento	US	America/Los_Angeles
Thủ Đức	VN	Asia/Ho_Chi_Minh
Üsküdar	TR	Europe/Istanbul
Penza	RU	Europe/Moscow
Mazār-e Sharīf	AF	Asia/Kabul
Kandahār	AF	Asia/Kabul
Hengshui	CN	Asia/Shanghai
Dehradun	IN	Asia/Kolkata
Erode	IN	Asia/Kolkata
Lyon	FR	Europe/Paris
Salta	AR	America/Argentina/Salta
Serra	BR	America/Sao_Paulo
Esenler	TR	Europe/Istanbul
Daxing’anling	CN	Asia/Shanghai
Qui Nhon	VN	Asia/Ho_Chi_Minh
Al Fayyum	EG	Africa/Cairo
Durgapur	IN	Asia/Kolkata
Utsunomiya	JP	Asia/Tokyo
Victoria de Durango	MX	America/Monterrey
Belford Roxo	BR	America/Sao_Paulo
Lisbon	PT	Europe/Lisbon
Rahim Yar Khan	PK	Asia/Karachi
Ulhasnagar	IN	Asia/Kolkata
Guangyuan	CN	Asia/Shanghai
Loni	IN	Asia/Kolkata
Siliguri	IN	Asia/Kolkata
Nuremberg	DE	Europe/Berlin
Niterói	BR	America/Sao_Paulo
Ujjain	IN	Asia/Kolkata
Hannover	DE	Europe/Berlin
Edinburgh	GB	Europe/London
Macapá	BR	America/Belem
Xianning	CN	Asia/Shanghai
Toulouse	FR	Europe/Paris
Thembisa	ZA	Africa/Johannesburg
Carrefour	HT	America/Port-au-Prince
Matsuyama	JP	Asia/Tokyo
Bilimora	IN	Asia/Kolkata
Kasur	PK	Asia/Karachi
Atlanta	US	America/New_York
Heroica Matamoros	MX	America/Matamoros
Makati City	PH	Asia/Manila
Buda	HU	Europe/Budapest
Tonghua	CN	Asia/Shanghai
Mianzhu, Deyang, Sichuan	CN	Asia/Shanghai
Naberezhnyye Chelny	RU	Europe/Moscow
Lipetsk	RU	Europe/Moscow
Kikwit	CD	Africa/Kinshasa
Florianópolis	BR	America/Sao_Paulo
Banan	CN	Asia/Shanghai
Newcastle	AU	Australia/Sydney
Tuen Mun	HK	Asia/Hong_Kong
Zhangye	CN	Asia/Shanghai
Kirov	RU	Europe/Kirov
Kashgar	CN	Asia/Urumqi
Mukim Pulai	MY	Asia/Kuala_Lumpur
Najrān	SA	Asia/Riyadh
Karol Bāgh	IN	Asia/Kolkata
Zhoukou	CN	Asia/Shanghai
Leipzig	DE	Europe/Berlin
Pingliang	CN	Asia/Shanghai
Kalininskiy	RU	Europe/Moscow
Duisburg	DE	Europe/Berlin
Āsansol	IN	Asia/Kolkata
Arāk	IR	Asia/Tehran
Maipú	CL	America/Santiago
Homyel'	BY	Europe/Minsk
Aktobe	KZ	Asia/Aqtobe
Kota Kinabalu	MY	Asia/Kuching
Talatona	AO	Africa/Luanda
Kampung Larkin Lama	MY	Asia/Kuala_Lumpur
Kota Damansara	MY	Asia/Kuala_Lumpur
Jalalpur Pirwala	PK	Asia/Karachi
Mangaluru	IN	Asia/Kolkata
Zhucheng	CN	Asia/Shanghai
Santa Marta	CO	America/Bogota
Matsudo	JP	Asia/Tokyo
Hāthazāri	BD	Asia/Dhaka
Lapu-Lapu City	PH	Asia/Manila
Karagandy	KZ	Asia/Almaty
Loudi	CN	Asia/Shanghai
Liverpool	GB	Europe/London
Ichikawa	JP	Asia/Tokyo
Sha Tin	HK	Asia/Hong_Kong
Dera Ghazi Khan	PK	Asia/Karachi
Hecun	CN	Asia/Shanghai
Higashiosaka	JP	Asia/Tokyo
Pindi Bhattian	PK	Asia/Karachi
Cheboksary	RU	Europe/Moscow
Pohang	KR	Asia/Seoul
Shanwei	CN	Asia/Shanghai
Montería	CO	America/Bogota
Ruiru	KE	Africa/Nairobi
Valledupar	CO	America/Bogota
Belagavi	IN	Asia/Kolkata
Ajman	AE	Asia/Dubai
Jianshui	CN	Asia/Shanghai
Sancaktepe	TR	Europe/Istanbul
Port Sudan	SD	Africa/Khartoum
Toluca	MX	America/Mexico_City
Ciudad López Mateos	MX	America/Mexico_City
Al Khuşūş	EG	Africa/Cairo
Jeju City	KR	Asia/Seoul
Gdańsk	PL	Europe/Warsaw
Miami	US	America/New_York
Omaha	US	America/Chicago
Nishinomiya	JP	Asia/Tokyo
Masina	CD	Africa/Kinshasa
Sahāranpur	IN	Asia/Kolkata
Vellore	IN	Asia/Kolkata
Donghe	CN	Asia/Shanghai
Kurashiki	JP	Asia/Tokyo
Campos dos Goytacazes	BR	America/Sao_Paulo
Angeles City	PH	Asia/Manila
Bhātpāra	IN	Asia/Kolkata
Jijiga	ET	Africa/Addis_Ababa
Tula	RU	Europe/Moscow
Najaf	IQ	Asia/Baghdad
Raleigh	US	America/New_York
Imus	PH	Asia/Manila
Xichang	CN	Asia/Shanghai
Malegaon	IN	Asia/Kolkata
Zaoyang	CN	Asia/Shanghai
São José do Rio Preto	BR	America/Sao_Paulo
Caxias do Sul	BR	America/Sao_Paulo
Karabağlar	TR	Europe/Istanbul
Okene	NG	Africa/Lagos
Uijeongbu-si	KR	Asia/Seoul
Bristol	GB	Europe/London
East London	ZA	Africa/Johannesburg
Chéngguān Qū	CN	Asia/Shanghai
Yazd	IR	Asia/Tehran
Hargeysa	SO	Africa/Mogadishu
Ōita	JP	Asia/Tokyo
Jincheng	CN	Asia/Shanghai
Hongjiang	CN	Asia/Shanghai
Modīnagar	IN	Asia/Kolkata
Taoyuan	TW	Asia/Taipei
Eldoret	KE	Africa/Nairobi
Kansas City	US	America/Chicago
Yan’an	CN	Asia/Shanghai
Kaliningrad	RU	Europe/Kaliningrad
Skopje	MK	Europe/Skopje
Kupang	ID	Asia/Makassar
Vereeniging	ZA	Africa/Johannesburg
The Hague	NL	Europe/Amsterdam
Long Beach	US	America/Los_Angeles
Gaya	IN	Asia/Kolkata
Iloilo	PH	Asia/Manila
Shouguang	CN	Asia/Shanghai
Jingdezhen	CN	Asia/Shanghai
Murcia	ES	Europe/Madrid
Mesa	US	America/Phoenix
Halifax	CA	America/Halifax
Morogoro	TZ	Africa/Dar_es_Salaam
Marikina City	PH	Asia/Manila
Kenitra	MA	Africa/Casablanca
Seeb	OM	Asia/Muscat
Cilegon	ID	Asia/Jakarta
Mykolayiv	UA	Europe/Kyiv
Fukuyama	JP	Asia/Tokyo
Staten Island	US	America/New_York
Nanping	CN	Asia/Shanghai
Pereira	CO	America/Bogota
Ciudad Apodaca	MX	America/Monterrey
São João de Meriti	BR	America/Sao_Paulo
Ambattur	IN	Asia/Kolkata
Kanazawa	JP	Asia/Tokyo
Gonder	ET	Africa/Addis_Ababa
Mandaluyong City	PH	Asia/Manila
Mixco	GT	America/Guatemala
Longshan	CN	Asia/Shanghai
Ikare	NG	Africa/Lagos
Nova Vida	AO	Africa/Luanda
Vũng Tàu	VN	Asia/Ho_Chi_Minh
Maracay	VE	America/Caracas
Tamale	GH	Africa/Accra
Heyuan	CN	Asia/Shanghai
Dĩ An	VN	Asia/Ho_Chi_Minh
Kira	UG	Africa/Kampala
Esna	EG	Africa/Cairo
Huangshan	CN	Asia/Shanghai
Ḩamāh	SY	Asia/Damascus
Jalgaon	IN	Asia/Kolkata
Kurnool	IN	Asia/Kolkata
Yola	NG	Africa/Lagos
Tieling	CN	Asia/Shanghai
Rạch Giá	VN	Asia/Ho_Chi_Minh
Amagasaki	JP	Asia/Tokyo
Manado	ID	Asia/Makassar
Santo Domingo de los Colorados	EC	America/Guayaquil
Ţarţūs	SY	Asia/Damascus
Mek'ele	ET	Africa/Addis_Ababa
Nazrēt	ET	Africa/Addis_Ababa
Colorado Springs	US	America/Denver
Huancayo	PE	America/Lima
Al Hillah	IQ	Asia/Baghdad
Mbandaka	CD	Africa/Kinshasa
Malanje	AO	Africa/Luanda
Namp’o	KP	Asia/Pyongyang
Ciudad General Escobedo	MX	America/Monterrey
Bacolod City	PH	Asia/Manila
Virginia Beach	US	America/New_York
Wafangdian	CN	Asia/Shanghai
Mansilingan	PH	Asia/Manila
Kahama	TZ	Africa/Dar_es_Salaam
Hsinchu	TW	Asia/Taipei
Katsushika	JP	Asia/Tokyo
Bornova	TR	Europe/Istanbul
Rāmgundam	IN	Asia/Kolkata
Batman	TR	Europe/Istanbul
Yongji	CN	Asia/Shanghai
Lishui	CN	Asia/Shanghai
Udaipur	IN	Asia/Kolkata
Warder	ET	Africa/Addis_Ababa
Wenshan City	CN	Asia/Shanghai
Eslamshahr	IR	Asia/Tehran
Juba	SS	Africa/Juba
Muratpaşa	TR	Europe/Istanbul
Bắc Giang	VN	Asia/Bangkok
Şanlıurfa	TR	Europe/Istanbul
Kursk	RU	Europe/Moscow
Maheshtala	IN	Asia/Kolkata
Nam Định	VN	Asia/Bangkok
Constantine	DZ	Africa/Algiers
Patiāla	IN	Asia/Kolkata
Boksburg	ZA	Africa/Johannesburg
Basuo	CN	Asia/Shanghai
Campina Grande	BR	America/Fortaleza
Ensenada	MX	America/Tijuana
Elazığ	TR	Europe/Istanbul
Jundiaí	BR	America/Sao_Paulo
Xochimilco	MX	America/Mexico_City
Shyamnagar	IN	Asia/Kolkata
Dasmariñas	PH	Asia/Manila
Zhangjiajie	CN	Asia/Shanghai
Mataram	ID	Asia/Makassar
Korhogo	CI	Africa/Abidjan
Piracicaba	BR	America/Sao_Paulo
Fujisawa	JP	Asia/Tokyo
Bissau	GW	Africa/Bissau
Zhongxiang	CN	Asia/Shanghai
Sandakan	MY	Asia/Kuching
Mawlamyine	MM	Asia/Yangon
Laval	CA	America/Toronto
Palma	ES	Europe/Madrid
Montes Claros	BR	America/Sao_Paulo
Sunch’ŏn	KP	Asia/Pyongyang
Sultangazi	TR	Europe/Istanbul
Uyo	NG	Africa/Lagos
Bei’an	CN	Asia/Shanghai
Davangere	IN	Asia/Kolkata
Macheng	CN	Asia/Shanghai
Ado-Ekiti	NG	Africa/Lagos
Manizales	CO	America/Bogota
Masan	KR	Asia/Seoul
Buôn Ma Thuột	VN	Asia/Ho_Chi_Minh
Stavropol	RU	Europe/Moscow
Shuozhou	CN	Asia/Shanghai
Kashiwa	JP	Asia/Tokyo
Ogbomoso	NG	Africa/Lagos
Tel Aviv	IL	Asia/Jerusalem
Buenaventura	CO	America/Bogota
Welkom	ZA	Africa/Johannesburg
Sham Shui Po	HK	Asia/Hong_Kong
Machida	JP	Asia/Tokyo
Venustiano Carranza	MX	America/Mexico_City
Zagazig	EG	Africa/Cairo
Vinnytsya	UA	Europe/Kyiv
Ismailia	EG	Africa/Cairo
Ningde	CN	Asia/Shanghai
Akola	IN	Asia/Kolkata
Kima Kieza	AO	Africa/Luanda
Cusco	PE	America/Lima
Jiuquan	CN	Asia/Shanghai
Veracruz	MX	America/Mexico_City
East Jerusalem	PS	Asia/Hebron
Bryansk	RU	Europe/Moscow
Maltepe	TR	Europe/Istanbul
Sumgayit	AZ	Asia/Baku
Tando Bago	PK	Asia/Karachi
Kuala Terengganu	MY	Asia/Kuala_Lumpur
Toyota	JP	Asia/Tokyo
Matadi	CD	Africa/Kinshasa
Al Kharj	SA	Asia/Riyadh
Wong Tai Sin	HK	Asia/Hong_Kong
Minna	NG	Africa/Lagos
Mandaluyong	PH	Asia/Manila
Xalapa de Enríquez	MX	America/Mexico_City
Rajpur Sonarpur	IN	Asia/Kolkata
Bratislava	SK	Europe/Bratislava
Taman Petaling	MY	Asia/Kuala_Lumpur
Shinagawa	JP	Asia/Tokyo
Al Ḩasakah	SY	Asia/Damascus
Luxor	EG	Africa/Cairo
London	CA	America/Toronto
Awasa	ET	Africa/Addis_Ababa
Chimoio	MZ	Africa/Maputo
Tando Allahyar	PK	Asia/Karachi
Daloa	CI	Africa/Abidjan
Barra da Tijuca	BR	America/Sao_Paulo
Dingxi	CN	Asia/Shanghai
Bamenda	CM	Africa/Douala
Tver	RU	Europe/Moscow
Thái Nguyên	VN	Asia/Bangkok
Boa Vista	BR	America/Boa_Vista
Rio Branco	BR	America/Rio_Branco
Oakland	US	America/Los_Angeles
Christchurch	NZ	Pacific/Auckland
Korba	IN	Asia/Kolkata
Takamatsu	JP	Asia/Tokyo
Kowloon City	HK	Asia/Hong_Kong
Santos	BR	America/Sao_Paulo
Tirana	AL	Europe/Tirane
Petrolina	BR	America/Recife
Mauá	BR	America/Sao_Paulo
San Juan	PR	America/Puerto_Rico
Alor Setar	MY	Asia/Kuala_Lumpur
Tongchuan	CN	Asia/Shanghai
Pasay	PH	Asia/Manila
Nuevo Laredo	MX	America/Matamoros
Toyama	JP	Asia/Tokyo
Tétouan	MA	Africa/Casablanca
Zürich	CH	Europe/Zurich
Beylikdüzü	TR	Europe/Istanbul
Việt Trì	VN	Asia/Bangkok
Azcapotzalco	MX	America/Mexico_City
Tampa	US	America/New_York
Bunamwaya	UG	Africa/Kampala
Magnitogorsk	RU	Asia/Yekaterinburg
Tulsa	US	America/Chicago
Jhānsi	IN	Asia/Kolkata
Tseung Kwan O	HK	Asia/Hong_Kong
Ciudad Bolívar	VE	America/Caracas
Kampung Kangkar Teberau	MY	Asia/Kuala_Lumpur
Koumassi	CI	Africa/Abidjan
San Nicolás de los Garza	MX	America/Monterrey
Guyuan	CN	Asia/Shanghai
Wandsbek	DE	Europe/Berlin
Minneapolis	US	America/Chicago
Jayapura	ID	Asia/Jayapura
Thoothukudi	IN	Asia/Kolkata
Ardabīl	IR	Asia/Tehran
Ballari	IN	Asia/Kolkata
Chaoyang	CN	Asia/Shanghai
Gaza	PS	Asia/Gaza
Maringá	BR	America/Sao_Paulo
Yokosuka	JP	Asia/Tokyo
Kom Ombo	EG	Africa/Cairo
Saltivka	UA	Europe/Kyiv
Nagasaki	JP	Asia/Tokyo
Gujangbagh	CN	Asia/Urumqi
Tonalá	MX	America/Mexico_City
Zhijiang	CN	Asia/Shanghai
Panama City	PA	America/Panama
Uvira	CD	Africa/Lubumbashi
Hirakata	JP	Asia/Tokyo
Ivanovo	RU	Europe/Moscow
Cumaná	VE	America/Caracas
Newcastle	ZA	Africa/Johannesburg
Gumi	KR	Asia/Seoul
Brno	CZ	Europe/Prague
Jixi	CN	Asia/Shanghai
Diadema	BR	America/Sao_Paulo
Kuching	MY	Asia/Kuching
Gifu	JP	Asia/Tokyo
Caruaru	BR	America/Recife
Tongling	CN	Asia/Shanghai
Tarlac City	PH	Asia/Manila
Toyonaka	JP	Asia/Tokyo
Kassala	SD	Africa/Khartoum
Miyazaki	JP	Asia/Tokyo
Lekki	NG	Africa/Lagos
Antofagasta	CL	America/Santiago
Wah Cantt	PK	Asia/Karachi
Bhāgalpur	IN	Asia/Kolkata
Agartala	IN	Asia/Kolkata
Dayrah	AE	Asia/Dubai
West Jerusalem	IL	Asia/Jerusalem
Bida	NG	Africa/Lagos
Bunia	CD	Africa/Lubumbashi
Antakya	TR	Europe/Istanbul
Quận Mười	VN	Asia/Ho_Chi_Minh
Sunshine Coast	AU	Australia/Brisbane
Kisumu	KE	Africa/Nairobi
Luhansk	UA	Europe/Kyiv
Bengkulu	ID	Asia/Jakarta
Barinas	VE	America/Caracas
Hancheng	CN	Asia/Shanghai
Vitória da Conquista	BR	America/Bahia
Wichita	US	America/Chicago
Al Hoceïma	MA	Africa/Casablanca
Szczecin	PL	Europe/Warsaw
Delmas	HT	America/Port-au-Prince
Liaozhong	CN	Asia/Shanghai
Vila Velha	BR	America/Sao_Paulo
Bologna	IT	Europe/Rome
Sejong	KR	Asia/Seoul
Cazenga	AO	Africa/Luanda
Samsun	TR	Europe/Istanbul
Tallinn	EE	Europe/Tallinn
Tanga	TZ	Africa/Dar_es_Salaam
El Obeid	SD	Africa/Khartoum
Lobito	AO	Africa/Luanda
Saurimo	AO	Africa/Luanda
Bauru	BR	America/Sao_Paulo
Bello	CO	America/Bogota
Pasto	CO	America/Bogota
Gaomi	CN	Asia/Shanghai
Santa Fe	AR	America/Argentina/Cordoba
San-Pédro	CI	Africa/Abidjan
Gauriganj	IN	Asia/Kolkata
Makurdi	NG	Africa/Lagos
Palu	ID	Asia/Makassar
Takoradi	GH	Africa/Accra
Samut Prakan	TH	Asia/Bangkok
Arlington	US	America/Chicago
Khamis Mushait	SA	Asia/Riyadh
Ambato	EC	America/Guayaquil
Carapicuíba	BR	America/Sao_Paulo
Ojo de Agua	MX	America/Mexico_City
Windhoek	NA	Africa/Windhoek
Abomey-Calavi	BJ	Africa/Porto-Novo
Bochum	DE	Europe/Berlin
Suita	JP	Asia/Tokyo
Benito Juárez	MX	America/Mexico_City
Sector 3	RO	Europe/Bucharest
Chak Jhumra	PK	Asia/Karachi
Kahramanmaraş	TR	Europe/Istanbul
Chongzuo	CN	Asia/Shanghai
Grajaú	BR	America/Sao_Paulo
Okazaki	JP	Asia/Tokyo
Xico	MX	America/Mexico_City
Iztacalco	MX	America/Mexico_City
Kākināda	IN	Asia/Kolkata
Betim	BR	America/Sao_Paulo
Las Palmas de Gran Canaria	ES	Atlantic/Canary
Cotabato	PH	Asia/Manila
Bawshar	OM	Asia/Muscat
Latur	IN	Asia/Kolkata
Tanzhou	CN	Asia/Shanghai
Wellington	NZ	Pacific/Auckland
Mazatlán	MX	America/Mazatlan
Nizhny Tagil	RU	Asia/Yekaterinburg
Irapuato	MX	America/Mexico_City
Ichinomiya	JP	Asia/Tokyo
Aswān	EG	Africa/Cairo
Iaşi	RO	Europe/Bucharest
Krugersdorp	ZA	Africa/Johannesburg
Pānihāti	IN	Asia/Kolkata
Shibganj	BD	Asia/Dhaka
Caucaia	BR	America/Fortaleza
Iquitos	PE	America/Lima
Toyohashi	JP	Asia/Tokyo
Hechuan	CN	Asia/Shanghai
Pétionville	HT	America/Port-au-Prince
Utrecht	NL	Europe/Amsterdam
Rajamahendravaram	IN	Asia/Kolkata
Cariacica	BR	America/Sao_Paulo
Yogyakarta	ID	Asia/Jakarta
Dhule	IN	Asia/Kolkata
Yanzhou	CN	Asia/Shanghai
Minato	JP	Asia/Tokyo
Puchong	MY	Asia/Kuala_Lumpur
Ondo	NG	Africa/Lagos
Pingyin	CN	Asia/Shanghai
Rohtak	IN	Asia/Kolkata
Bhawana	PK	Asia/Karachi
Rustenburg	ZA	Africa/Johannesburg
Bakersfield	US	America/Los_Angeles
Xuanhua	CN	Asia/Shanghai
Emalahleni	ZA	Africa/Johannesburg
Bafoussam	CM	Africa/Douala
Thủ Dầu Một	VN	Asia/Ho_Chi_Minh
Takasaki	JP	Asia/Tokyo
Seremban	MY	Asia/Kuala_Lumpur
Miguel Hidalgo	MX	America/Mexico_City
Nagano	JP	Asia/Tokyo
Tawau	MY	Asia/Kuching
Cardiff	GB	Europe/London
Dachang	CN	Asia/Shanghai
Đống Đa	VN	Asia/Bangkok
Chitungwiza	ZW	Africa/Harare
Fenghuang	CN	Asia/Shanghai
Umuahia	NG	Africa/Lagos
Puerto La Cruz	VE	America/Caracas
Uşak	TR	Europe/Istanbul
Bharatpur	NP	Asia/Kathmandu
Itaquaquecetuba	BR	America/Sao_Paulo
Natore	BD	Asia/Dhaka
6th of October City	EG	Africa/Cairo
Leicester	GB	Europe/London
Desna	UA	Europe/Kyiv
Cascavel	BR	America/Sao_Paulo
Sector 6	RO	Europe/Bucharest
Canberra	AU	Australia/Sydney
Avellaneda	AR	America/Argentina/Buenos_Aires
Praia Grande	BR	America/Sao_Paulo
Nara-shi	JP	Asia/Tokyo
Florence	IT	Europe/Rome
Ahilyanagar	IN	Asia/Kolkata
Kollam	IN	Asia/Kolkata
Huanggang	CN	Asia/Shanghai
Bradford	GB	Europe/London
Sukabumi	ID	Asia/Jakarta
Bilāspur	IN	Asia/Kolkata
Malabon	PH	Asia/Manila
Franca	BR	America/Sao_Paulo
Cleveland	US	America/New_York
Iseyin	NG	Africa/Lagos
Etobicoke	CA	America/Toronto
Yenagoa	NG	Africa/Lagos
Gboko	NG	Africa/Lagos
Samba	AO	Africa/Luanda
Olinda	BR	America/Recife
Pyeongtaek	KR	Asia/Seoul
Petare	VE	America/Caracas
Bến Cát	VN	Asia/Ho_Chi_Minh
Anqiu	CN	Asia/Shanghai
Alanya	TR	Europe/Istanbul
Larkana	PK	Asia/Karachi
Al Qadarif	SD	Africa/Khartoum
Hrodna	BY	Europe/Minsk
Cibinong	ID	Asia/Jakarta
Nawabshah	PK	Asia/Karachi
New Orleans	US	America/Chicago
Keelung	TW	Asia/Taipei
Malmö	SE	Europe/Stockholm
Jizhou	CN	Asia/Shanghai
Manukau City	NZ	Pacific/Auckland
Maradi	NE	Africa/Niamey
Burewala	PK	Asia/Karachi
Ataşehir	TR	Europe/Istanbul
Blumenau	BR	America/Sao_Paulo
Nanqiao	CN	Asia/Shanghai
Mingora	PK	Asia/Karachi
Santarém	BR	America/Santarem
Wuppertal	DE	Europe/Berlin
Ulan-Ude	RU	Asia/Irkutsk
Huocheng	CN	Asia/Urumqi
Ijebu Ode	NG	Africa/Lagos
Maseru	LS	Africa/Maseru
Bhilwara	IN	Asia/Kolkata
Aurora	US	America/Denver
Vitebsk	BY	Europe/Minsk
Sultanbeyli	TR	Europe/Istanbul
Taraz	KZ	Asia/Almaty
Yangsan	KR	Asia/Seoul
Dniprovskyi	UA	Europe/Kyiv
San Jose del Monte	PH	Asia/Manila
Abū al-Kahṣīb	IQ	Asia/Baghdad
Gwangmyeong	KR	Asia/Seoul
Zanjan	IR	Asia/Tehran
Neiva	CO	America/Bogota
Iwaki	JP	Asia/Tokyo
Vladimir	RU	Europe/Moscow
Tete	MZ	Africa/Maputo
Bacoor	PH	Asia/Manila
Uberaba	BR	America/Sao_Paulo
Wakayama	JP	Asia/Tokyo
Brahmapur	IN	Asia/Kolkata
Fengshan	TW	Asia/Taipei
Fatih	TR	Europe/Istanbul
Misratah	LY	Africa/Tripoli
Cuíto	AO	Africa/Luanda
Benito Juarez	MX	America/Mexico_City
Kyzylorda	KZ	Asia/Qyzylorda
Sinjhoro	PK	Asia/Karachi
Kawagoe	JP	Asia/Tokyo
Takatsuki	JP	Asia/Tokyo
Muzaffarpur	IN	Asia/Kolkata
Tapachula	MX	America/Merida
Lhoka	CN	Asia/Shanghai
Villahermosa	MX	America/Merida
Setapak	MY	Asia/Kuala_Lumpur
Mahilyow	BY	Europe/Minsk
Bandar Abbas	IR	Asia/Tehran
Pravyi Bereh	UA	Europe/Kyiv
Yunusobod	UZ	Asia/Tashkent
Ras Al Khaimah	AE	Asia/Dubai
Cabimas	VE	America/Caracas
Kendari	ID	Asia/Makassar
Honolulu	US	Pacific/Honolulu
Anaheim	US	America/Los_Angeles
Tarsus	TR	Europe/Istanbul
Pengze	CN	Asia/Shanghai
Bahir Dar	ET	Africa/Addis_Ababa
Punāsa	IN	Asia/Kolkata
Al Maḩmūdīyah	IQ	Asia/Baghdad
Diepsloot	ZA	Africa/Johannesburg
Xilinhot	CN	Asia/Shanghai
São José dos Pinhais	BR	America/Sao_Paulo
Quelimane	MZ	Africa/Maputo
Arkhangel’sk	RU	Europe/Moscow
Muzaffarnagar	IN	Asia/Kolkata
Hulunbuir	CN	Asia/Shanghai
Dumai	ID	Asia/Jakarta
Shinjuku	JP	Asia/Tokyo
Sikasso	ML	Africa/Bamako
Sanandaj	IR	Asia/Tehran
Chita	RU	Asia/Chita
San Pedro	PH	Asia/Manila
Alicante	ES	Europe/Madrid
Bimbo	CF	Africa/Bangui
Kalemyo	MM	Asia/Yangon
Belfast	GB	Europe/London
Long Bien	VN	Asia/Bangkok
Camagüey	CU	America/Havana
Bilbao	ES	Europe/Madrid
Ambon	ID	Asia/Jayapura
Brest	BY	Europe/Minsk
Ribeirão das Neves	BR	America/Sao_Paulo
Chifeng	CN	Asia/Shanghai
Central Coast	AU	Australia/Sydney
Corrientes	AR	America/Argentina/Cordoba
Hŭngnam	KP	Asia/Pyongyang
Avadi	IN	Asia/Kolkata
Yunlong	CN	Asia/Shanghai
Koshigaya	JP	Asia/Tokyo
Coventry	GB	Europe/London
Belgorod	RU	Europe/Moscow
Toamasina	MG	Indian/Antananarivo
Logan City	AU	Australia/Brisbane
Ōtsu	JP	Asia/Tokyo
Kosti	SD	Africa/Khartoum
Qitaihe	CN	Asia/Shanghai
Doha	QA	Asia/Qatar
Kadapa	IN	Asia/Kolkata
Nakano	JP	Asia/Tokyo
Cirebon	ID	Asia/Jakarta
Turmero	VE	America/Caracas
Tokorozawa	JP	Asia/Tokyo
Cabanatuan City	PH	Asia/Manila
Pizhou	CN	Asia/Shanghai
Darnytsya	UA	Europe/Kyiv
Dire Dawa	ET	Africa/Addis_Ababa
Annaba	DZ	Africa/Algiers
Nice	FR	Europe/Paris
Iligan	PH	Asia/Manila
Soledad	CO	America/Bogota
Temara	MA	Africa/Casablanca
Paulista	BR	America/Recife
Obalende	NG	Africa/Lagos
Kukatpally	IN	Asia/Kolkata
Laixi	CN	Asia/Shanghai
Dihok	IQ	Asia/Baghdad
Kaluga	RU	Europe/Moscow
Bắc Từ Liêm	VN	Asia/Ho_Chi_Minh
Celaya	MX	America/Mexico_City
Serekunda	GM	Africa/Banjul
Kafrul	BD	Asia/Dhaka
Karşıyaka	TR	Europe/Istanbul
Ḩadā’iq al Qubbah	EG	Africa/Cairo
Makiyivka	UA	Europe/Kyiv
West Raleigh	US	America/New_York
Cuernavaca	MX	America/Mexico_City
Markham	CA	America/Toronto
São Vicente	BR	America/Sao_Paulo
Kaesŏng	KP	Asia/Pyongyang
Tungi	BD	Asia/Dhaka
Krasnogvargeisky	RU	Europe/Moscow
Randburg	ZA	Africa/Johannesburg
Safi	MA	Africa/Casablanca
Simferopol	UA	Europe/Simferopol
Lublin	PL	Europe/Warsaw
Pelotas	BR	America/Sao_Paulo
San José	CR	America/Costa_Rica
Orlando	US	America/New_York
Viña del Mar	CL	America/Santiago
Qazvin	IR	Asia/Tehran
Asahikawa	JP	Asia/Tokyo
Kāmārhāti	IN	Asia/Kolkata
Tepic	MX	America/Mazatlan
Wŏnju	KR	Asia/Seoul
Wad Medani	SD	Africa/Khartoum
Quận Mười Một	VN	Asia/Ho_Chi_Minh
Nukus	UZ	Asia/Samarkand
Konak	TR	Europe/Istanbul
Maebashi	JP	Asia/Tokyo
Kita	JP	Asia/Tokyo
Ciudad Victoria	MX	America/Monterrey
Soledad de Graciano Sánchez	MX	America/Mexico_City
Kochi	JP	Asia/Tokyo
Bielefeld	DE	Europe/Berlin
Blida	DZ	Africa/Algiers
Kwai Chung	HK	Asia/Hong_Kong
Mandaue City	PH	Asia/Manila
Ganja	AZ	Asia/Baku
Khorramshahr	IR	Asia/Tehran
Bonn	DE	Europe/Berlin
Mathura	IN	Asia/Kolkata
Hechi	CN	Asia/Shanghai
Bydgoszcz	PL	Europe/Warsaw
Smolensk	RU	Europe/Moscow
Oral	KZ	Asia/Oral
Khorramabad	IR	Asia/Tehran
Soyapango	SV	America/El_Salvador
Tongshan	CN	Asia/Shanghai
Guédiawaye	SN	Africa/Dakar
Plovdiv	BG	Europe/Sofia
Ciudad Obregón	MX	America/Hermosillo
Wŏnsan	KP	Asia/Pyongyang
Brent	GB	Europe/London
Pavlodar	KZ	Asia/Almaty
Chānda	IN	Asia/Kolkata
Canoas	BR	America/Sao_Paulo
Kōriyama	JP	Asia/Tokyo
Sochi	RU	Europe/Moscow
Aksaray	TR	Europe/Istanbul
Vijayapura	IN	Asia/Kolkata
Chipata	ZM	Africa/Lusaka
Chongjin	KP	Asia/Pyongyang
Yanji	CN	Asia/Shanghai
Roodepoort	ZA	Africa/Johannesburg
Pucallpa	PE	America/Lima
Mogi das Cruzes	BR	America/Sao_Paulo
Córdoba	ES	Europe/Madrid
Birkenhead	GB	Europe/London
Nantes	FR	Europe/Paris
Ilesa	NG	Africa/Lagos
Pekalongan	ID	Asia/Jakarta
Bhatara	BD	Asia/Dhaka
Espoo	FI	Europe/Helsinki
Kikuyu	KE	Africa/Nairobi
Kluang	MY	Asia/Kuala_Lumpur
Lincang	CN	Asia/Shanghai
Nottingham	GB	Europe/London
Ramiros	AO	Africa/Luanda
Al ‘Amārah	IQ	Asia/Baghdad
Volzhsky	RU	Europe/Volgograd
Vaughan	CA	America/Toronto
Xingyi	CN	Asia/Shanghai
Shivamogga	IN	Asia/Kolkata
Alwar	IN	Asia/Kolkata
Uíge	AO	Africa/Luanda
Taubaté	BR	America/Sao_Paulo
Ixtapaluca	MX	America/Mexico_City
Osh	KG	Asia/Bishkek
Portoviejo	EC	America/Guayaquil
Villavicencio	CO	America/Bogota
Man’gyŏngdae-ri	KP	Asia/Pyongyang
Camaçari	BR	America/Bahia
San Miguelito	PA	America/Panama
Shāhjānpur	IN	Asia/Kolkata
Lexington	US	America/New_York
Tantou	CN	Asia/Shanghai
Suzano	BR	America/Sao_Paulo
Anápolis	BR	America/Sao_Paulo
Kaech’ŏn	KP	Asia/Pyongyang
Jūnāgadh	IN	Asia/Kolkata
Islington	GB	Europe/London
Hoa Lư	VN	Asia/Bangkok
Holguín	CU	America/Havana
Ust-Kamenogorsk	KZ	Asia/Almaty
Tsuen Wan	HK	Asia/Hong_Kong
Zinder	NE	Africa/Niamey
Saransk	RU	Europe/Moscow
Al Diwaniyah	IQ	Asia/Baghdad
Varna	BG	Europe/Sofia
Hafizabad	PK	Asia/Karachi
Marne La Vallée	FR	Europe/Paris
Palangkaraya	ID	Asia/Pontianak
Damanhur	EG	Africa/Cairo
Chiniot	PK	Asia/Karachi
Popayán	CO	America/Bogota
Reading	GB	Europe/London
Geita	TZ	Africa/Dar_es_Salaam
Constanţa	RO	Europe/Bucharest
New Delhi	IN	Asia/Kolkata
Thessaloníki	GR	Europe/Athens
Thiès	SN	Africa/Dakar
Naha	JP	Asia/Tokyo
Riverside	US	America/Los_Angeles
Baicheng	CN	Asia/Shanghai
Chimbote	PE	America/Lima
Bari	IT	Europe/Rome
Barueri	BR	America/Sao_Paulo
Corpus Christi	US	America/Chicago
Thrissur	IN	Asia/Kolkata
Cherepovets	RU	Europe/Moscow
Eloy Alfaro	EC	America/Guayaquil
Hamburg-Nord	DE	Europe/Berlin
Al-Kut	IQ	Asia/Baghdad
Muar	MY	Asia/Kuala_Lumpur
Şişli	TR	Europe/Istanbul
Lexington-Fayette	US	America/New_York
Maroua	CM	Africa/Douala
Kingston upon Hull	GB	Europe/London
Preston	GB	Europe/London
Lianshan	CN	Asia/Shanghai
Denizli	TR	Europe/Istanbul
Ikeja	NG	Africa/Lagos
New Cairo	EG	Africa/Cairo
Al Qāhirah al Jadīdah	EG	Africa/Cairo
Vitória	BR	America/Sao_Paulo
Palmira	CO	America/Bogota
Vologda	RU	Europe/Moscow
Iligan City	PH	Asia/Manila
Catania	IT	Europe/Rome
Jardim Angela	BR	America/Sao_Paulo
Nizāmābād	IN	Asia/Kolkata
Cincinnati	US	America/New_York
Percut	ID	Asia/Jakarta
Coatzacoalcos	MX	America/Mexico_City
Santa Ana	US	America/Los_Angeles
Sariwŏn-si	KP	Asia/Pyongyang
Botshabelo	ZA	Africa/Johannesburg
Butuan	PH	Asia/Manila
Shahrīār	IR	Asia/Tehran
Qods	IR	Asia/Tehran
Gia Lâm	VN	Asia/Bangkok
Kurgan	RU	Asia/Yekaterinburg
Tampico	MX	America/Monterrey
Akowonjo	NG	Africa/Lagos
Cabuyao	PH	Asia/Manila
Tabora	TZ	Africa/Dar_es_Salaam
Kasugai	JP	Asia/Tokyo
An Nhơn	VN	Asia/Ho_Chi_Minh
Alimosho	NG	Africa/Lagos
Ciudad Benito Juárez	MX	America/Monterrey
Münster	DE	Europe/Berlin
Mannheim	DE	Europe/Berlin
Karawang	ID	Asia/Jakarta
Akita	JP	Asia/Tokyo
Tumkūr	IN	Asia/Kolkata
Chinju	KR	Asia/Seoul
Parbhani	IN	Asia/Kolkata
Hisar	IN	Asia/Kolkata
Iksan	KR	Asia/Seoul
Fīrozābād	IN	Asia/Kolkata
Palmas	BR	America/Araguaina
Vladikavkaz	RU	Europe/Moscow
Port-de-Paix	HT	America/Port-au-Prince
Damietta	EG	Africa/Cairo
Posadas	AR	America/Argentina/Cordoba
Parauapebas	BR	America/Belem
Brakpan	ZA	Africa/Johannesburg
Stockton	US	America/Los_Angeles
Juazeiro do Norte	BR	America/Fortaleza
Yokkaichi	JP	Asia/Tokyo
Kulti	IN	Asia/Kolkata
Tláhuac	MX	America/Mexico_City
Sapele	NG	Africa/Lagos
Kashan	IR	Asia/Tehran
Kāshān	IR	Asia/Tehran
Pittsburgh	US	America/New_York
Armenia	CO	America/Bogota
Santa Catarina	MX	America/Monterrey
Sumbawanga	TZ	Africa/Dar_es_Salaam
Orël	RU	Europe/Moscow
Akashi	JP	Asia/Tokyo
Hai Bà Trưng	VN	Asia/Bangkok
Kurume	JP	Asia/Tokyo
Graz	AT	Europe/Vienna
Saint Paul	US	America/Chicago
Saltivskyi	UA	Europe/Kyiv
Nghi Sơn	VN	Asia/Bangkok
Karnāl	IN	Asia/Kolkata
Changyi	CN	Asia/Shanghai
Ciudad del Este	PY	America/Asuncion
Rosetta	EG	Africa/Cairo
Barddhamān	IN	Asia/Kolkata
Toshima	JP	Asia/Tokyo
Kediri	ID	Asia/Jakarta
Solwezi	ZM	Africa/Lusaka
Hamburg-Mitte	DE	Europe/Berlin
Augsburg	DE	Europe/Berlin
South Dublin	IE	Europe/Dublin
Valladolid	ES	Europe/Madrid
Miri	MY	Asia/Kuching
Xinyi	CN	Asia/Shanghai
Mardan	PK	Asia/Karachi
Surgut	RU	Asia/Yekaterinburg
Swansea	GB	Europe/London
San Pablo	PH	Asia/Manila
Newcastle upon Tyne	GB	Europe/London
Gundupālaiyam	IN	Asia/Kolkata
Várzea Grande	BR	America/Cuiaba
Gatineau	CA	America/Toronto
Yangshuo	CN	Asia/Shanghai
Biñan	PH	Asia/Manila
Malir Cantonment	PK	Asia/Karachi
Winejok	SS	Africa/Juba
Batikent	TR	Europe/Istanbul
Mérida	VE	America/Caracas
Linqu	CN	Asia/Shanghai
Uruapan	MX	America/Mexico_City
Pātan	NP	Asia/Kathmandu
Fergana	UZ	Asia/Tashkent
Bahía Blanca	AR	America/Argentina/Buenos_Aires
Santol	PH	Asia/Manila
Kaolack	SN	Africa/Dakar
Jember	ID	Asia/Jakarta
Aomori	JP	Asia/Tokyo
Bārāsat	IN	Asia/Kolkata
Mulugu	IN	Asia/Kolkata
Foz do Iguaçu	BR	America/Sao_Paulo
Bihār Sharīf	IN	Asia/Kolkata
Tegal	ID	Asia/Jakarta
Grozny	RU	Europe/Moscow
Boma	CD	Africa/Kinshasa
Bāli	IN	Asia/Kolkata
Pu'er	CN	Asia/Shanghai
Rāmpur	IN	Asia/Kolkata
Darbhanga	IN	Asia/Kolkata
Panipat	IN	Asia/Kolkata
Mwene	CD	Africa/Lubumbashi
Białystok	PL	Europe/Warsaw
São José	BR	America/Sao_Paulo
Rufisque	SN	Africa/Dakar
Murmansk	RU	Europe/Moscow
Tirupati	IN	Asia/Kolkata
Southend-on-Sea	GB	Europe/London
Petrópolis	BR	America/Sao_Paulo
Guarujá	BR	America/Sao_Paulo
Itajaí	BR	America/Sao_Paulo
Lincoln	US	America/Chicago
Phu Quoc	VN	Asia/Ho_Chi_Minh
Baiyin	CN	Asia/Shanghai
Fukushima	JP	Asia/Tokyo
Bergen	NO	Europe/Oslo
Greater Noida	IN	Asia/Kolkata
Noida	IN	Asia/Kolkata
Tambov	RU	Europe/Moscow
Vigo	ES	Europe/Madrid
Aizawl	IN	Asia/Kolkata
Banjarbaru	ID	Asia/Makassar
Thanh Xuân	VN	Asia/Bangkok
Al Hufūf	SA	Asia/Riyadh
Cholula	MX	America/Mexico_City
Gandhinagar	IN	Asia/Kolkata
Semey	KZ	Asia/Almaty
Cầu Giấy	VN	Asia/Bangkok
Dindigul	IN	Asia/Kolkata
Ponta Grossa	BR	America/Sao_Paulo
Gaozhou	CN	Asia/Shanghai
Kamoke	PK	Asia/Karachi
Limeira	BR	America/Sao_Paulo
Thanjavur	IN	Asia/Kolkata
Kariega	ZA	Africa/Johannesburg
Adıyaman	TR	Europe/Istanbul
Al Mubarraz	SA	Asia/Riyadh
Resistencia	AR	America/Argentina/Cordoba
Morioka	JP	Asia/Tokyo
Atyrau	KZ	Asia/Atyrau
Sector 2	RO	Europe/Bucharest
Xiuying	CN	Asia/Shanghai
San Cristóbal	VE	America/Caracas
Cileungsir	ID	Asia/Jakarta
Karīmnagar	IN	Asia/Kolkata
Victoria	CA	America/Vancouver
Anchorage	US	America/Anchorage
Dewas	IN	Asia/Kolkata
Batna	DZ	Africa/Algiers
Kaunas	LT	Europe/Vilnius
Sonīpat	IN	Asia/Kolkata
Machala	EC	America/Guayaquil
Wiesbaden	DE	Europe/Berlin
Meads	US	America/New_York
Kabwe	ZM	Africa/Lusaka
Sinŭiju	KP	Asia/Pyongyang
Meguro	JP	Asia/Tokyo
Sector 4	RO	Europe/Bucharest
Sumida	JP	Asia/Tokyo
Ibaraki	JP	Asia/Tokyo
Bắc Ninh	VN	Asia/Bangkok
Ichalkaranji	IN	Asia/Kolkata
Marienthal	DE	Europe/Berlin
Phú Mỹ	VN	Asia/Ho_Chi_Minh
Ceilândia	BR	America/Sao_Paulo
Katowice	PL	Europe/Warsaw
Adapazarı	TR	Europe/Istanbul
Cluj-Napoca	RO	Europe/Bucharest
Gunpo	KR	Asia/Seoul
Songea	TZ	Africa/Dar_es_Salaam
Butembo	CD	Africa/Lubumbashi
Tacna	PE	America/Lima
Tin Shui Wai	HK	Asia/Hong_Kong
Long Xuyên	VN	Asia/Ho_Chi_Minh
Savar	BD	Asia/Dhaka
Bathinda	IN	Asia/Kolkata
Henderson	US	America/Los_Angeles
Jālna	IN	Asia/Kolkata
Sekondi	GH	Africa/Accra
São Gonçalo	BR	America/Sao_Paulo
Kyengera	UG	Africa/Kampala
Greensboro	US	America/New_York
Haifa	IL	Asia/Jerusalem
Århus	DK	Europe/Copenhagen
Dengzhou	CN	Asia/Shanghai
Artux	CN	Asia/Urumqi
Chuncheon	KR	Asia/Seoul
Alto Barinas	VE	America/Caracas
Mbour	SN	Africa/Dakar
Brighton	GB	Europe/London
Karlsruhe	DE	Europe/Berlin
Port Moresby	PG	Pacific/Port_Moresby
Minya	EG	Africa/Cairo
Plano	US	America/Chicago
Marabá	BR	America/Belem
Ichihara	JP	Asia/Tokyo
Qibao	CN	Asia/Shanghai
Kirāri Sulemānnagar	IN	Asia/Kolkata
Cainta	PH	Asia/Manila
Satna	IN	Asia/Kolkata
Geelong	AU	Australia/Melbourne
Chernihiv	UA	Europe/Kyiv
Xinyuan	CN	Asia/Urumqi
Chapecó	BR	America/Sao_Paulo
Ba Vì	VN	Asia/Bangkok
Valparaíso	CL	America/Santiago
Ica	PE	America/Lima
Purnia	IN	Asia/Kolkata
Newark	US	America/New_York
Itagüí	CO	America/Bogota
Nicolás Romero	MX	America/Mexico_City
Gebze	TR	Europe/Istanbul
Lichinga	MZ	Africa/Maputo
Narsingdi	BD	Asia/Dhaka
Zeytinburnu	TR	Europe/Istanbul
Ostrava	CZ	Europe/Prague
Sfax	TN	Africa/Tunis
Zumpango	MX	America/Mexico_City
Merkezefendi	TR	Europe/Istanbul
Madison	US	America/Chicago
Bukhara	UZ	Asia/Samarkand
Wollongong	AU	Australia/Sydney
Volta Redonda	BR	America/Sao_Paulo
St. Louis	US	America/Chicago
Poltava	UA	Europe/Kyiv
Sumaré	BR	America/Sao_Paulo
Efon-Alaaye	NG	Africa/Lagos
Binjai	ID	Asia/Jakarta
Pematangsiantar	ID	Asia/Jakarta
Petrozavodsk	RU	Europe/Moscow
Enshi	CN	Asia/Shanghai
Taganrog	RU	Europe/Moscow
Santa Teresa del Tuy	VE	America/Caracas
Quảng Ngãi	VN	Asia/Ho_Chi_Minh
Qarshi	UZ	Asia/Samarkand
Tanghe	CN	Asia/Shanghai
Coacalco	MX	America/Mexico_City
Sincelejo	CO	America/Bogota
Khomeynī Shahr	IR	Asia/Tehran
Kostroma	RU	Europe/Moscow
Imphal	IN	Asia/Kolkata
Gagnoa	CI	Africa/Abidjan
Ulu Bedok	SG	Asia/Singapore
Bedok New Town	SG	Asia/Singapore
Owo	NG	Africa/Lagos
Suncheon	KR	Asia/Seoul
Fangchenggang	CN	Asia/Shanghai
Komsomolsk-on-Amur	RU	Asia/Vladivostok
Abbottabad	PK	Asia/Karachi
Kaili	CN	Asia/Shanghai
Hakodate	JP	Asia/Tokyo
Yamoussoukro	CI	Africa/Abidjan
Bab Ezzouar	DZ	Africa/Algiers
Strasbourg	FR	Europe/Paris
Saugor	IN	Asia/Kolkata
Neihu	TW	Asia/Taipei
Tsu	JP	Asia/Tokyo
Xingning	CN	Asia/Shanghai
Linxia Chengguanzhen	CN	Asia/Shanghai
Khmelnytskyi	UA	Europe/Kyiv
Kushinagar	IN	Asia/Kolkata
Saddiqabad	PK	Asia/Karachi
Loja	EC	America/Guayaquil
Tai Po	HK	Asia/Hong_Kong
Isfara	TJ	Asia/Dushanbe
Luena	AO	Africa/Luanda
Taboão da Serra	BR	America/Sao_Paulo
Istaravshan	TJ	Asia/Dushanbe
Turpan	CN	Asia/Urumqi
Rourkela	IN	Asia/Kolkata
Yao	JP	Asia/Tokyo
Banī Suwayf	EG	Africa/Cairo
Imperatriz	BR	America/Fortaleza
Nagar Naluākot	BD	Asia/Dhaka
Guantánamo	CU	America/Havana
Baguio	PH	Asia/Manila
Ar Rayyān	QA	Asia/Qatar
Polokwane	ZA	Africa/Johannesburg
Ljubljana	SI	Europe/Ljubljana
Jalālābād	AF	Asia/Kabul
Deir ez-Zor	SY	Asia/Damascus
Gijón	ES	Europe/Madrid
Santa Maria	BR	America/Sao_Paulo
Parnamirim	BR	America/Fortaleza
Hafar Al-Batin	SA	Asia/Riyadh
Kakogawachō-honmachi	JP	Asia/Tokyo
Sector 5	RO	Europe/Bucharest
Quận Sáu	VN	Asia/Ho_Chi_Minh
Capao Redondo	BR	America/Sao_Paulo
Mỹ Tho	VN	Asia/Ho_Chi_Minh
Mito	JP	Asia/Tokyo
Derby	GB	Europe/London
Dessie	ET	Africa/Addis_Ababa
Hạ Long	VN	Asia/Bangkok
Gelsenkirchen	DE	Europe/Berlin
Longling County	CN	Asia/Shanghai
Cherkasy	UA	Europe/Kyiv
Malolos	PH	Asia/Manila
Southampton	GB	Europe/London
Kapar	MY	Asia/Kuala_Lumpur
Çorum	TR	Europe/Istanbul
Ghulja	CN	Asia/Urumqi
Eimsbüttel	DE	Europe/Berlin
Merlo	AR	America/Argentina/Buenos_Aires
Yeosu	KR	Asia/Seoul
Durg	IN	Asia/Kolkata
Fuling	CN	Asia/Shanghai
Mokpo	KR	Asia/Seoul
Birgañj	NP	Asia/Kathmandu
Yoshkar-Ola	RU	Europe/Moscow
Russeifa	JO	Asia/Amman
Banda Aceh	ID	Asia/Jakarta
Shibīn al Kawm	EG	Africa/Cairo
Mirpur Khas	PK	Asia/Karachi
Sengkang New Town	SG	Asia/Singapore
Floridablanca	CO	America/Bogota
Tokushima	JP	Asia/Tokyo
Sterlitamak	RU	Asia/Yekaterinburg
Anantapur	IN	Asia/Kolkata
Gyeongsan-si	KR	Asia/Seoul
Sohag	EG	Africa/Cairo
Nagaoka	JP	Asia/Tokyo
Sapopemba	BR	America/Sao_Paulo
Saint-Marc	HT	America/Port-au-Prince
Governador Valadares	BR	America/Sao_Paulo
Eixample	ES	Europe/Madrid
São Carlos	BR	America/Sao_Paulo
Bagerhat	BD	Asia/Dhaka
Az-Zuhūr	EG	Africa/Cairo
Hà Tĩnh	VN	Asia/Bangkok
Saskatoon	CA	America/Regina
Chengzhong	CN	Asia/Shanghai
Djelfa	DZ	Africa/Algiers
Chula Vista	US	America/Los_Angeles
Shimonoseki	JP	Asia/Tokyo
Toledo	US	America/New_York
Ulanhot	CN	Asia/Shanghai
Kibaha	TZ	Africa/Dar_es_Salaam
Hulan Ergi	CN	Asia/Shanghai
Tampines Estate	SG	Asia/Singapore
Bordeaux	FR	Europe/Paris
Aachen	DE	Europe/Berlin
Gent	BE	Europe/Brussels
Gravataí	BR	America/Sao_Paulo
Cité Soleil	HT	America/Port-au-Prince
Mantampay	PH	Asia/Manila
Ratlām	IN	Asia/Kolkata
Nogales	MX	America/Hermosillo
El Daein	SD	Africa/Khartoum
Donghai	CN	Asia/Shanghai
Dezful	IR	Asia/Tehran
Gunsan	KR	Asia/Seoul
Mossoró	BR	America/Fortaleza
Macaé	BR	America/Sao_Paulo
Rānipet	IN	Asia/Kolkata
Brāhmanbāria	BD	Asia/Dhaka
Porto-Novo	BJ	Africa/Porto-Novo
Chernivtsi	UA	Europe/Kyiv
Jersey City	US	America/New_York
Manta	EC	America/Guayaquil
Reno	US	America/Los_Angeles
Bégoua	CF	Africa/Bangui
Riobamba	EC	America/Guayaquil
Sivas	TR	Europe/Istanbul
Dourados	BR	America/Campo_Grande
Rondonópolis	BR	America/Cuiaba
Wolverhampton	GB	Europe/London
Huayin	CN	Asia/Shanghai
Pasarkemis	ID	Asia/Jakarta
Fanling	HK	Asia/Hong_Kong
Chiayi City	TW	Asia/Taipei
Dongtai	CN	Asia/Shanghai
Fuchū	JP	Asia/Tokyo
Jurong Town	SG	Asia/Singapore
Marāgheh	IR	Asia/Tehran
Marāgheh	IR	Asia/Tehran
Quilmes	AR	America/Argentina/Buenos_Aires
Fukui-shi	JP	Asia/Tokyo
Lal Bahadur Nagar	IN	Asia/Kolkata
Mönchengladbach	DE	Europe/Berlin
Bagong Silang	PH	Asia/Manila
Zhytomyr	UA	Europe/Kyiv
Karamay	CN	Asia/Urumqi
Sacomã	BR	America/Sao_Paulo
Arrah	IN	Asia/Kolkata
Tongliao	CN	Asia/Shanghai
Bariadi	TZ	Africa/Dar_es_Salaam
Antsirabe	MG	Indian/Antananarivo
Chandler	US	America/Phoenix
Yei	SS	Africa/Juba
Chilanzar	UZ	Asia/Tashkent
Tampere	FI	Europe/Helsinki
Mahajanga	MG	Indian/Antananarivo
Minato City	JP	Asia/Tokyo
Fort Wayne	US	America/Indiana/Indianapolis
Plymouth	GB	Europe/London
Nianbo	CN	Asia/Shanghai
Baranagar	IN	Asia/Kolkata
Skardu	PK	Asia/Karachi
Marawi City	PH	Asia/Manila
Tampines New Town	SG	Asia/Singapore
Embu das Artes	BR	America/Sao_Paulo
Qo‘qon	UZ	Asia/Tashkent
Jardim Sao Luis	BR	America/Sao_Paulo
Tacloban	PH	Asia/Manila
São José de Ribamar	BR	America/Fortaleza
Changle	CN	Asia/Shanghai
Gajuwaka	IN	Asia/Kolkata
Jining	CN	Asia/Shanghai
North Shore	NZ	Pacific/Auckland
Rishon LeTsiyyon	IL	Asia/Jerusalem
Hiratsuka	JP	Asia/Tokyo
Stoke-on-Trent	GB	Europe/London
Buffalo	US	America/New_York
Verona	IT	Europe/Rome
Ðà Lạt	VN	Asia/Ho_Chi_Minh
San Salvador de Jujuy	AR	America/Argentina/Jujuy
Durham	US	America/New_York
Shiqi	CN	Asia/Shanghai
Etāwah	IN	Asia/Kolkata
Gasteiz / Vitoria	ES	Europe/Madrid
Rugao	CN	Asia/Shanghai
Gómez Palacio	MX	America/Monterrey
St. Petersburg	US	America/New_York
L'Hospitalet de Llobregat	ES	Europe/Madrid
Gdynia	PL	Europe/Warsaw
Cilacap	ID	Asia/Jakarta
Irvine	US	America/Los_Angeles
Kitchener	CA	America/Toronto
Suicheng	CN	Asia/Shanghai
Nada	CN	Asia/Shanghai
Latina	ES	Europe/Madrid
Los Mochis	MX	America/Mazatlan
Bratsk	RU	Asia/Irkutsk
Pachuca de Soto	MX	America/Mexico_City
Chingola	ZM	Africa/Lusaka
Sumy	UA	Europe/Kyiv
Milton Keynes	GB	Europe/London
Indaiatuba	BR	America/Sao_Paulo
Laredo	US	America/Chicago
Juazeiro	BR	America/Bahia
Vila Flor	AO	Africa/Luanda
Germiston	ZA	Africa/Johannesburg
Ñuñoa	CL	America/Santiago
Parakou	BJ	Africa/Porto-Novo
Isiro	CD	Africa/Lubumbashi
Sari	IR	Asia/Tehran
Tarakan	ID	Asia/Makassar
Kenema	SL	Africa/Freetown
Oaxaca	MX	America/Mexico_City
Mossamedes	AO	Africa/Luanda
Al Madīnah	IQ	Asia/Baghdad
Hobart	AU	Australia/Hobart
Ikot Ekpene	NG	Africa/Lagos
Woodlands	SG	Asia/Singapore
Hanam	KR	Asia/Seoul
Mueang Nonthaburi	TH	Asia/Bangkok
Muridke	PK	Asia/Karachi
Saint-Louis	SN	Africa/Dakar
Batu Caves	MY	Asia/Kuala_Lumpur
Novo Hamburgo	BR	America/Sao_Paulo
Jurong West	SG	Asia/Singapore
Singkawang	ID	Asia/Pontianak
Cox’s Bāzār	BD	Asia/Dhaka
Carabanchel	ES	Europe/Madrid
Cotia	BR	America/Sao_Paulo
Petaẖ Tiqva	IL	Asia/Jerusalem
Marg‘ilon	UZ	Asia/Tashkent
Ambarnath	IN	Asia/Kolkata
Godomè	BJ	Africa/Porto-Novo
Naihāti	IN	Asia/Kolkata
Braşov	RO	Europe/Bucharest
Xuân Lộc	VN	Asia/Ho_Chi_Minh
Richards Bay	ZA	Africa/Johannesburg
Qina	EG	Africa/Cairo
Bharatpur	IN	Asia/Kolkata
Vantaa	FI	Europe/Helsinki
Porto	PT	Europe/Lisbon
Kiel	DE	Europe/Berlin
El Fasher	SD	Africa/Khartoum
Thiès Nones	SN	Africa/Dakar
Suihua	CN	Asia/Shanghai
Los Teques	VE	America/Caracas
Santiago del Estero	AR	America/Argentina/Cordoba
Sétif	DZ	Africa/Algiers
Begusarai	IN	Asia/Kolkata
Borūjerd	IR	Asia/Tehran
Qarchak	IR	Asia/Tehran
Afyonkarahisar	TR	Europe/Istanbul
İskenderun	TR	Europe/Istanbul
Santiago de Surco	PE	America/Lima
Maracanaú	BR	America/Fortaleza
Ota	NG	Africa/Lagos
Thika	KE	Africa/Nairobi
San Fernando	PH	Asia/Manila
Menongue	AO	Africa/Luanda
Ḩayy Khildā	JO	Asia/Amman
Jacareí	BR	America/Sao_Paulo
Jimma	ET	Africa/Addis_Ababa
Timişoara	RO	Europe/Bucharest
Santa Clara	CU	America/Havana
Iwo	NG	Africa/Lagos
A Coruña	ES	Europe/Madrid
Libertad	PH	Asia/Manila
Altona	DE	Europe/Berlin
La Paz	MX	America/Mazatlan
Kelar	IQ	Asia/Baghdad
Colonia del Valle	MX	America/Mexico_City
Niš	RS	Europe/Belgrade
Singa	SD	Africa/Khartoum
San Bernardo	CL	America/Santiago
Sōka	JP	Asia/Tokyo
Mzuzu	MW	Africa/Blantyre
Navotas	PH	Asia/Manila
Tiruvottiyūr	IN	Asia/Kolkata
Cidade Ademar	BR	America/Sao_Paulo
Burnaby	CA	America/Vancouver
Lubbock	US	America/Chicago
Palermo	AR	America/Argentina/Buenos_Aires
Thị Trấn Đông Triều	VN	Asia/Bangkok
Thuqbah	SA	Asia/Riyadh
Yamagata	JP	Asia/Tokyo
Tehuacán	MX	America/Mexico_City
Guarenas	VE	America/Caracas
Laferrere	AR	America/Argentina/Buenos_Aires
Montpellier	FR	Europe/Paris
Jimeta	NG	Africa/Lagos
Częstochowa	PL	Europe/Warsaw
Gāndhīdhām	IN	Asia/Kolkata
Beibei	CN	Asia/Shanghai
Insein	MM	Asia/Yangon
City of Westminster	GB	Europe/London
Gilbert	US	America/Phoenix
Chemnitz	DE	Europe/Berlin
Paraná	AR	America/Argentina/Cordoba
San Miguel	SV	America/El_Salvador
Shijie	CN	Asia/Shanghai
Chitato	AO	Africa/Luanda
Orsk	RU	Asia/Yekaterinburg
Vanderbijlpark	ZA	Africa/Johannesburg
Coro	VE	America/Caracas
Americana	BR	America/Sao_Paulo
Hami	CN	Asia/Urumqi
Gaborone	BW	Africa/Gaborone
Al ‘Āshir min Ramaḑān	EG	Africa/Cairo
Mau	IN	Asia/Kolkata
Puerto Montt	CL	America/Santiago
Northampton	GB	Europe/London
Juliaca	PE	America/Lima
Fuji	JP	Asia/Tokyo
Gyeongju	KR	Asia/Seoul
Águas Lindas de Goiás	BR	America/Sao_Paulo
Sinfra	CI	Africa/Abidjan
Syktyvkar	RU	Europe/Moscow
Gorgān	IR	Asia/Tehran
Nizhnevartovsk	RU	Asia/Yekaterinburg
Shahkot	PK	Asia/Karachi
Groningen	NL	Europe/Amsterdam
Biratnagar	NP	Asia/Kathmandu
Braunschweig	DE	Europe/Berlin
Valera	VE	America/Caracas
Sīkar	IN	Asia/Kolkata
Bago	MM	Asia/Yangon
Magdeburg	DE	Europe/Berlin
Baruta	VE	America/Caracas
Puente de Vallecas	ES	Europe/Madrid
Magé	BR	America/Sao_Paulo
Trabzon	TR	Europe/Istanbul
Tri-Cities	US	America/Los_Angeles
Jessore	BD	Asia/Dhaka
Manisa	TR	Europe/Istanbul
Arapiraca	BR	America/Maceio
Rivne	UA	Europe/Kyiv
Padangsidempuan	ID	Asia/Jakarta
Probolinggo	ID	Asia/Jakarta
Sabzevar	IR	Asia/Tehran
Musaffah	AE	Asia/Dubai
Brasilandia	BR	America/Sao_Paulo
Sasebo	JP	Asia/Tokyo
Angarsk	RU	Asia/Irkutsk
Mar’ino	RU	Europe/Moscow
Ramagundam	IN	Asia/Kolkata
Hāpur	IN	Asia/Kolkata
Chigasaki	JP	Asia/Tokyo
Toli-Toli	ID	Asia/Makassar
Chōfu	JP	Asia/Tokyo
Berbera	SO	Africa/Mogadishu
Jiyuan	CN	Asia/Shanghai
Yamato	JP	Asia/Tokyo
Man	CI	Africa/Abidjan
Bahawalnagar	PK	Asia/Karachi
Bahawalnagar	PK	Asia/Karachi
Novorossiysk	RU	Europe/Moscow
Tsukuba	JP	Asia/Tokyo
Arica	CL	America/Santiago
Peñalolén	CL	America/Santiago
Rio Verde	BR	America/Sao_Paulo
Laohekou	CN	Asia/Shanghai
Hải Dương	VN	Asia/Bangkok
Winston-Salem	US	America/New_York
Farrukhābād	IN	Asia/Kolkata
Matsumoto	JP	Asia/Tokyo
Alappuzha	IN	Asia/Kolkata
Itapevi	BR	America/Sao_Paulo
Katihar	IN	Asia/Kolkata
Buenaventura	CO	America/Bogota
Ciudad Ojeda	VE	America/Caracas
Gucun	CN	Asia/Shanghai
Glendale	US	America/Phoenix
Xiulin	CN	Asia/Shanghai
Navegantes	AO	Africa/Luanda
Bunkyo	JP	Asia/Tokyo
Itaboraí	BR	America/Sao_Paulo
Klang	MY	Asia/Kuala_Lumpur
Almendares	CU	America/Havana
Golestān	IR	Asia/Tehran
Vyhurivshchyna-Troyeshchyna	UA	Europe/Kyiv
Khimki	RU	Europe/Moscow
Horlivka	UA	Europe/Kyiv
Nacala	MZ	Africa/Maputo
Obolon	UA	Europe/Kyiv
Xiantao	CN	Asia/Shanghai
Nalchik	RU	Europe/Moscow
Hachinohe	JP	Asia/Tokyo
Sete Lagoas	BR	America/Sao_Paulo
Osan	KR	Asia/Seoul
Fuencarral	ES	Europe/Madrid
Lille	FR	Europe/Paris
Neyagawa	JP	Asia/Tokyo
Ormoc	PH	Asia/Manila
Cabo Frio	BR	America/Sao_Paulo
Magdalena Contreras	MX	America/Mexico_City
Nāgarpur	BD	Asia/Dhaka
Kasulu	TZ	Africa/Dar_es_Salaam
Ngaoundéré	CM	Africa/Douala
Ivano-Frankivsk	UA	Europe/Kyiv
Balıkesir	TR	Europe/Istanbul
Temuco	CL	America/Santiago
Norfolk	US	America/New_York
Krefeld	DE	Europe/Berlin
Halle (Saale)	DE	Europe/Berlin
Sri Ganganagar	IN	Asia/Kolkata
Marília	BR	America/Sao_Paulo
Amarapura	MM	Asia/Yangon
Kilamba	AO	Africa/Luanda
Āmol	IR	Asia/Tehran
Freiburg	DE	Europe/Berlin
Athlone	ZA	Africa/Johannesburg
Batangas	PH	Asia/Manila
Al Jubayl	SA	Asia/Riyadh
Tŏkch’ŏn	KP	Asia/Pyongyang
Oldham	GB	Europe/London
Pathein	MM	Asia/Yangon
Hialeah	US	America/New_York
Kunri	PK	Asia/Karachi
Sylhet	BD	Asia/Dhaka
Paarl	ZA	Africa/Johannesburg
Garland	US	America/Chicago
Podgorica	ME	Europe/Podgorica
Scottsdale	US	America/Phoenix
Hortolândia	BR	America/Sao_Paulo
Irving	US	America/Chicago
Centurion	ZA	Africa/Johannesburg
Qingzhou	CN	Asia/Shanghai
Pākdasht	IR	Asia/Tehran
Kajang	MY	Asia/Kuala_Lumpur
Campo Limpo	BR	America/Sao_Paulo
Yuci	CN	Asia/Shanghai
Sant Martí	ES	Europe/Madrid
Eindhoven	NL	Europe/Amsterdam
Boise	US	America/Boise
Rewa	IN	Asia/Kolkata
Yakutsk	RU	Asia/Yakutsk
Bole	CN	Asia/Shanghai
Muzaffargarh	PK	Asia/Karachi
Chesapeake	US	America/New_York
Uluberiya	IN	Asia/Kolkata
Ipatinga	BR	America/Sao_Paulo
Dali	CN	Asia/Shanghai
Najafābād	IR	Asia/Tehran
Thành Phố Bà Rịa	VN	Asia/Ho_Chi_Minh
Georgetown	GY	America/Guyana
Xiangxiang	CN	Asia/Shanghai
Kismayo	SO	Africa/Mogadishu
North Las Vegas	US	America/Los_Angeles
Elche	ES	Europe/Madrid
Presidente Prudente	BR	America/Sao_Paulo
Sivakasi	IN	Asia/Kolkata
Kindu	CD	Africa/Lubumbashi
Digri	PK	Asia/Karachi
Nizhnekamsk	RU	Europe/Moscow
Karur	IN	Asia/Kolkata
Lubuklinggau	ID	Asia/Jakarta
Craiova	RO	Europe/Bucharest
Rāichūr	IN	Asia/Kolkata
Pallāvaram	IN	Asia/Kolkata
Danlí	HN	America/Tegucigalpa
Yongkang	TW	Asia/Taipei
Bo	SL	Africa/Freetown
Granada	ES	Europe/Madrid
Ooty	IN	Asia/Kolkata
Saga	JP	Asia/Tokyo
Magugpo Poblacion	PH	Asia/Manila
Dzerzhinsk	RU	Europe/Moscow
Pemba	MZ	Africa/Maputo
Geoje	KR	Asia/Seoul
Teluk Intan	MY	Asia/Kuala_Lumpur
Singida	TZ	Africa/Dar_es_Salaam
Kigoma	TZ	Africa/Dar_es_Salaam
Colombo	BR	America/Sao_Paulo
Fremont	US	America/Los_Angeles
Kampong Baharu Cheras Batu Sebelas	MY	Asia/Kuala_Lumpur
Viamão	BR	America/Sao_Paulo
Jiayuguan	CN	Asia/Shanghai
Abadan	IR	Asia/Tehran
Taytay	PH	Asia/Manila
Phổ Yên	VN	Asia/Bangkok
Neuquén	AR	America/Argentina/Salta
Divinópolis	BR	America/Sao_Paulo
Türkmenabat	TM	Asia/Ashgabat
Shibuya	JP	Asia/Tokyo
Sơn Tây	VN	Asia/Bangkok
Ninh Hòa	VN	Asia/Ho_Chi_Minh
Pasir Mas	MY	Asia/Kuala_Lumpur
Purwokerto	ID	Asia/Jakarta
José C. Paz	AR	America/Argentina/Buenos_Aires
Marka	SO	Africa/Mogadishu
Pāli	IN	Asia/Kolkata
Ḩalwān	EG	Africa/Cairo
Atani	NG	Africa/Lagos
Mariupol	UA	Europe/Kyiv
Huanren	CN	Asia/Shanghai
Changzheng	CN	Asia/Shanghai
Kasukabe	JP	Asia/Tokyo
Paris 15 Vaugirard	FR	Europe/Paris
Windsor	CA	America/Toronto
Hosūr	IN	Asia/Kolkata
Spokane	US	America/Los_Angeles
Tripoli	LB	Asia/Beirut
Longueuil	CA	America/Toronto
Ordu	TR	Europe/Istanbul
San Fernando de Apure	VE	America/Caracas
Croix-des-Bouquets	HT	America/Port-au-Prince
Lucena	PH	Asia/Manila
Yishun New Town	SG	Asia/Singapore
Vizianagaram	IN	Asia/Kolkata
Jinchang	CN	Asia/Shanghai
Phan Thiết	VN	Asia/Ho_Chi_Minh
Şabyā	SA	Asia/Riyadh
Netanya	IL	Asia/Jerusalem
Ciudad Lineal	ES	Europe/Madrid
Meycauayan	PH	Asia/Manila
Bexley	GB	Europe/London
Aliayabiagba	NG	Africa/Lagos
Nassau	BS	America/Nassau
San Lorenzo	PY	America/Asuncion
Rennes	FR	Europe/Paris
Mohammedia	MA	Africa/Casablanca
Guatire	VE	America/Caracas
Tanjung Pinang	ID	Asia/Jakarta
Hougang New Town	SG	Asia/Singapore
Baton Rouge	US	America/Chicago
Criciúma	BR	America/Sao_Paulo
Sosnowiec	PL	Europe/Warsaw
Diez de Octubre	CU	America/Havana
Turkistan	KZ	Asia/Almaty
Klerksdorp	ZA	Africa/Johannesburg
Upper West Side	US	America/New_York
Staryy Oskol	RU	Europe/Moscow
Ageo	JP	Asia/Tokyo
Gusau	NG	Africa/Lagos
Neue Neustadt	DE	Europe/Berlin
Kamyanske	UA	Europe/Kyiv
Ashdod	IL	Asia/Jerusalem
Radom	PL	Europe/Warsaw
Paya Terubong	MY	Asia/Kuala_Lumpur
Richmond	US	America/New_York
Chang-hua	TW	Asia/Taipei
Changhua	TW	Asia/Taipei
Điện Bàn	VN	Asia/Ho_Chi_Minh
Takarazuka	JP	Asia/Tokyo
Nzérékoré	GN	Africa/Conakry
Regina	CA	America/Regina
Cà Mau	VN	Asia/Ho_Chi_Minh
Shrīrāmpur	IN	Asia/Kolkata
Fendou	CN	Asia/Shanghai
Pangkalpinang	ID	Asia/Jakarta
Huanggang	CN	Asia/Shanghai
Quthbullapur	IN	Asia/Kolkata
Mubi	NG	Africa/Lagos
Varāmīn	IR	Asia/Tehran
Sector 1	RO	Europe/Bucharest
Batu	ID	Asia/Jakarta
Somerset West	ZA	Africa/Johannesburg
Luton	GB	Europe/London
Ternopil	UA	Europe/Kyiv
Bitung	ID	Asia/Makassar
Mymensingh	BD	Asia/Dhaka
Blagoveshchensk	RU	Asia/Yakutsk
Nadiād	IN	Asia/Kolkata
Kumba	CM	Africa/Douala
Košice	SK	Europe/Bratislava
Kremenchuk	UA	Europe/Kyiv
Jingling	CN	Asia/Shanghai
Nāgercoil	IN	Asia/Kolkata
Sucre	BO	America/La_Paz
Mutare	ZW	Africa/Harare
Ōta	JP	Asia/Tokyo
Karāwalnagar	IN	Asia/Kolkata
Puerto Vallarta	MX	America/Mexico_City
Minamirinkan	JP	Asia/Tokyo
Cork	IE	Europe/Dublin
Atsugi	JP	Asia/Tokyo
Heihe	CN	Asia/Shanghai
Mango	IN	Asia/Kolkata
Sinop	BR	America/Cuiaba
Paramaribo	SR	America/Paramaribo
Klungkung	ID	Asia/Makassar
Narayanganj	BD	Asia/Dhaka
NIA Valencia	PH	Asia/Manila
Tongchuanshi	CN	Asia/Shanghai
Concepción	CL	America/Santiago
Ramadi	IQ	Asia/Baghdad
Paradise	US	America/Los_Angeles
Tacoma	US	America/Los_Angeles
Mainz	DE	Europe/Berlin
Velikiy Novgorod	RU	Europe/Moscow
Sungai Buloh	MY	Asia/Kuala_Lumpur
Puerto Princesa	PH	Asia/Manila
Palhoça	BR	America/Sao_Paulo
Xintai	CN	Asia/Shanghai
El Tigre	VE	America/Caracas
Haeju	KP	Asia/Pyongyang
Formosa	AR	America/Argentina/Cordoba
Ikire	NG	Africa/Lagos
Jiexiu	CN	Asia/Shanghai
La Ceiba	HN	America/Tegucigalpa
Tilburg	NL	Europe/Amsterdam
Ba Dinh	VN	Asia/Bangkok
Murwāra	IN	Asia/Kolkata
Moshi	TZ	Africa/Dar_es_Salaam
Kanchipuram	IN	Asia/Kolkata
Sousse	TN	Africa/Tunis
Tuluá	CO	America/Bogota
Soyo	AO	Africa/Luanda
Sóc Trăng	VN	Asia/Ho_Chi_Minh
Kankan	GN	Africa/Conakry
Shakhty	RU	Europe/Moscow
Mbarara	UG	Africa/Kampala
Luziânia	BR	America/Sao_Paulo
Olongapo	PH	Asia/Manila
Ibarra	EC	America/Guayaquil
Banja Luka	BA	Europe/Sarajevo
Rufisque est	SN	Africa/Dakar
Neyshābūr	IR	Asia/Tehran
Sāveh	IR	Asia/Tehran
Wuxue	CN	Asia/Shanghai
Shevchenkivskyi	UA	Europe/Kyiv
Chí Linh	VN	Asia/Ho_Chi_Minh
Campeche	MX	America/Merida
Quận Ba	VN	Asia/Ho_Chi_Minh
Singrauli	IN	Asia/Kolkata
Fuencarral-El Pardo	ES	Europe/Madrid
Shevchenkivskyi	UA	Europe/Kyiv
Mirzāpur	IN	Asia/Kolkata
Oviedo	ES	Europe/Madrid
Bandar Seri Alam	MY	Asia/Kuala_Lumpur
Sorong	ID	Asia/Jayapura
Messina	IT	Europe/Rome
Dehiwala-Mount Lavinia	LK	Asia/Colombo
Kropyvnytskyi	UA	Europe/Kyiv
Kharagpur	IN	Asia/Kolkata
Kabinda	CD	Africa/Lubumbashi
Jacobabad	PK	Asia/Karachi
Tunduma	TZ	Africa/Dar_es_Salaam
Binangonan	PH	Asia/Manila
Oberhausen	DE	Europe/Berlin
Chon Buri	TH	Asia/Bangkok
Santa Luzia	BR	America/Sao_Paulo
Prokop’yevsk	RU	Asia/Novokuznetsk
Samambaia	BR	America/Sao_Paulo
Erfurt	DE	Europe/Berlin
Esmeraldas	EC	America/Guayaquil
Terrassa	ES	Europe/Madrid
Barking	GB	Europe/London
Wuhai	CN	Asia/Shanghai
Valparaíso de Goiás	BR	America/Sao_Paulo
Khuzdar	PK	Asia/Karachi
Koutiala	ML	Africa/Bamako
Eluru	IN	Asia/Kolkata
Rāniganj	IN	Asia/Kolkata
San Pedro de Macorís	DO	America/Santo_Domingo
Galaţi	RO	Europe/Bucharest
Badalona	ES	Europe/Madrid
Mokotów	PL	Europe/Warsaw
Taiping	MY	Asia/Kuala_Lumpur
Yintai	CN	Asia/Shanghai
Yamuna Nagar	IN	Asia/Kolkata
Cabo de Santo Agostinho	BR	America/Recife
Arakawa	JP	Asia/Tokyo
Jamaica	US	America/New_York
Buenavista	MX	America/Mexico_City
Gilgit	PK	Asia/Karachi
Rybinsk	RU	Europe/Moscow
Santa Rosa	PH	Asia/Manila
Sobral	BR	America/Fortaleza
Trondheim	NO	Europe/Oslo
Raurkela Industrial Township	IN	Asia/Kolkata
Porlamar	VE	America/Caracas
San Bernardino	US	America/Los_Angeles
Ciudad Acuña	MX	America/Matamoros
Oulu	FI	Europe/Helsinki
Bidar	IN	Asia/Kolkata
Vykhino-Zhulebino	RU	Europe/Moscow
Lutsk	UA	Europe/Kyiv
La Ceiba	HN	America/Tegucigalpa
San Cristóbal de las Casas	MX	America/Merida
Zelenograd	RU	Europe/Moscow
Archway	GB	Europe/London
Wangsa Maju	MY	Asia/Kuala_Lumpur
Salt Lake City	US	America/Denver
Biysk	RU	Asia/Barnaul
Novi Sad	RS	Europe/Belgrade
Jinzhou	CN	Asia/Shanghai
Jiutepec	MX	America/Mexico_City
Longgang	CN	Asia/Shanghai
Monclova	MX	America/Monterrey
Tân An	VN	Asia/Ho_Chi_Minh
Ma On Shan	HK	Asia/Hong_Kong
Commonwealth	PH	Asia/Manila
Huntsville	US	America/Chicago
Jabaquara	BR	America/Sao_Paulo
Ziguinchor	SN	Africa/Dakar
Passo Fundo	BR	America/Sao_Paulo
Kŭlob	TJ	Asia/Dushanbe
Citeureup	ID	Asia/Jakarta
Centralniy	RU	Europe/Moscow
Sa Dec	VN	Asia/Ho_Chi_Minh
Kure	JP	Asia/Tokyo
Shagamu	NG	Africa/Lagos
Bnei Brak	IL	Asia/Jerusalem
Khouribga	MA	Africa/Casablanca
Yingtan	CN	Asia/Shanghai
Des Moines	US	America/Chicago
Çiğli	TR	Europe/Istanbul
Marcory	CI	Africa/Abidjan
Gojra	PK	Asia/Karachi
Cartagena	ES	Europe/Madrid
Quevedo	EC	America/Guayaquil
Oakville	CA	America/Toronto
Pasuruan	ID	Asia/Jakarta
Naz̧arābād	IR	Asia/Tehran
Munger	IN	Asia/Kolkata
Xilin Hot	CN	Asia/Shanghai
Jerez de la Frontera	ES	Europe/Madrid
El Jadida	MA	Africa/Casablanca
Zitong	CN	Asia/Shanghai
Loa Janan	ID	Asia/Makassar
Târgu Mureş	RO	Europe/Bucharest
Fontana	US	America/Los_Angeles
Rancagua	CL	America/Santiago
Zhubei	TW	Asia/Taipei
Mallawī	EG	Africa/Cairo
Cape Coast	GH	Africa/Accra
Bukit Mertajam	MY	Asia/Kuala_Lumpur
Lipa City	PH	Asia/Manila
Lanús	AR	America/Argentina/Buenos_Aires
Lübeck	DE	Europe/Berlin
Luojiang	CN	Asia/Shanghai
Sepang	MY	Asia/Kuala_Lumpur
Cobán	GT	America/Guatemala
Maricá	BR	America/Sao_Paulo
Cao Lãnh	VN	Asia/Ho_Chi_Minh
Isesaki	JP	Asia/Tokyo
Sabadell	ES	Europe/Madrid
Jaraguá	BR	America/Sao_Paulo
Taito	JP	Asia/Tokyo
Nandyāl	IN	Asia/Kolkata
Santa Cruz de Tenerife	ES	Atlantic/Canary
Panchkula	IN	Asia/Kolkata
Modesto	US	America/Los_Angeles
Panabo	PH	Asia/Manila
Lijiang	CN	Asia/Shanghai
Konibodom	TJ	Asia/Dushanbe
Hailar	CN	Asia/Shanghai
Itaquera	BR	America/Sao_Paulo
Kabankalan	PH	Asia/Manila
Burhānpur	IN	Asia/Kolkata
Abha	SA	Asia/Riyadh
Ternate	ID	Asia/Jayapura
Burgas	BG	Europe/Sofia
Pskov	RU	Europe/Moscow
Morvi	IN	Asia/Kolkata
Daliang	CN	Asia/Shanghai
Quilicura	CL	America/Santiago
Beni Mellal	MA	Africa/Casablanca
Ashuganj City	BD	Asia/Dhaka
Sidi Bel Abbes	DZ	Africa/Algiers
Arroyo Naranjo	CU	America/Havana
Jebel Ali	AE	Asia/Dubai
Bogra	BD	Asia/Dhaka
Kostanay	KZ	Asia/Qostanay
Richmond	CA	America/Vancouver
Rochester	US	America/New_York
Banjar	ID	Asia/Jakarta
Novi Beograd	RS	Europe/Belgrade
Kanggye	KP	Asia/Pyongyang
Chungju	KR	Asia/Seoul
Anand	IN	Asia/Kolkata
São Leopoldo	BR	America/Sao_Paulo
Bade	TW	Asia/Taipei
Oruro	BO	America/La_Paz
Bachuan	CN	Asia/Shanghai
La Romana	DO	America/Santo_Domingo
Araçatuba	BR	America/Sao_Paulo
Shashamane	ET	Africa/Addis_Ababa
Hangu	CN	Asia/Shanghai
Ongole	IN	Asia/Kolkata
Pamplona	ES	Europe/Madrid
Maryvale	US	America/Phoenix
Gangneung	KR	Asia/Seoul
Portsmouth	GB	Europe/London
Gandajika	CD	Africa/Lubumbashi
Gunan	CN	Asia/Shanghai
Phan Rang-Tháp Chàm	VN	Asia/Ho_Chi_Minh
Ciputat	ID	Asia/Jakarta
Kasangati	UG	Africa/Kampala
Arlington	US	America/New_York
Bishoftu	ET	Africa/Addis_Ababa
Nishi-Tokyo-shi	JP	Asia/Tokyo
Changam-ch’on	KP	Asia/Pyongyang
Bila Tserkva	UA	Europe/Kyiv
Oxnard	US	America/Los_Angeles
Ciampea	ID	Asia/Jakarta
Hurghada	EG	Africa/Cairo
Móstoles	ES	Europe/Madrid
Columbus	US	America/New_York
Mantilla	CU	America/Havana
Dosquebradas	CO	America/Bogota
Toledo	PH	Asia/Manila
Turku	FI	Europe/Helsinki
Worcester	US	America/New_York
Pagadian	PH	Asia/Manila
Epworth	ZW	Africa/Harare
San Felipe	VE	America/Caracas
Dinajpur	BD	Asia/Dhaka
Hosapete	IN	Asia/Kolkata
Việt Yên	VN	Asia/Ho_Chi_Minh
Ifakara	TZ	Africa/Dar_es_Salaam
Sumbe	AO	Africa/Luanda
Ségou	ML	Africa/Bamako
Kon Tum	VN	Asia/Ho_Chi_Minh
Latacunga	EC	America/Guayaquil
Nāngloi Jāt	IN	Asia/Kolkata
Kishiwada	JP	Asia/Tokyo
Yunjinghong	CN	Asia/Shanghai
Mdantsane	ZA	Africa/Johannesburg
Bobruysk	BY	Europe/Minsk
Gorontalo	ID	Asia/Makassar
Itaim Paulista	BR	America/Sao_Paulo
Qā’em Shahr	IR	Asia/Tehran
Shikarpur	PK	Asia/Karachi
Gongheyong	CN	Asia/Shanghai
Linz	AT	Europe/Vienna
Dhangaḍhi̇̄	NP	Asia/Kathmandu
Nanchuan	CN	Asia/Shanghai
Córdoba	MX	America/Mexico_City
Bishan	CN	Asia/Shanghai
Biskra	DZ	Africa/Algiers
Xizhi	TW	Asia/Taipei
Yanghang	CN	Asia/Shanghai
Gaoping	CN	Asia/Shanghai
Trieste	IT	Europe/Rome
Mpanda	TZ	Africa/Dar_es_Salaam
Moreno Valley	US	America/Los_Angeles
Secunderabad	IN	Asia/Kolkata
Punggol	SG	Asia/Singapore
Sodo	ET	Africa/Addis_Ababa
Nossa Senhora do Socorro	BR	America/Maceio
Zliten	LY	Africa/Tripoli
Padua	IT	Europe/Rome
Karnaphuli	BD	Asia/Dhaka
Las Tunas	CU	America/Havana
Matsue	JP	Asia/Tokyo
Bayamón	PR	America/Puerto_Rico
Gimpo-si	KR	Asia/Seoul
Lauro de Freitas	BR	America/Bahia
Deoghar	IN	Asia/Kolkata
Fianarantsoa	MG	Indian/Antananarivo
Vasyl'evsky Ostrov	RU	Europe/Moscow
Chāndpur	BD	Asia/Dhaka
Atsiaman	GH	Africa/Accra
Bandundu Province	CD	Africa/Kinshasa
Osmaniye	TR	Europe/Istanbul
Bābol	IR	Asia/Tehran
Cabo San Lucas	MX	America/Mazatlan
Little Rock	US	America/Chicago
Çorlu	TR	Europe/Istanbul
Madiun	ID	Asia/Jakarta
Iringa	TZ	Africa/Dar_es_Salaam
Debrecen	HU	Europe/Budapest
Chāpra	IN	Asia/Kolkata
Motijheel	BD	Asia/Dhaka
Barishal	BD	Asia/Dhaka
Richmond Hill	CA	America/Toronto
Fayetteville	US	America/New_York
Al Khums	LY	Africa/Tripoli
Huntington Beach	US	America/Los_Angeles
Favoriten	AT	Europe/Vienna
Koronadal	PH	Asia/Manila
Geneva	CH	Europe/Zurich
Tallahassee	US	America/New_York
Swindon	GB	Europe/London
Rengasdengklok	ID	Asia/Jakarta
Rio Claro	BR	America/Sao_Paulo
Cajamarca	PE	America/Lima
Townsville	AU	Australia/Brisbane
Thanh Khê	VN	Asia/Ho_Chi_Minh
La Pintana	CL	America/Santiago
Daşoguz	TM	Asia/Ashgabat
Yonkers	US	America/New_York
Glendale	US	America/Los_Angeles
Dadu	PK	Asia/Karachi
Arba Minch	ET	Africa/Addis_Ababa
Petropavl	KZ	Asia/Almaty
Lhokseumawe	ID	Asia/Jakarta
Cypress	US	America/Chicago
Khandwa	IN	Asia/Kolkata
Aurora	US	America/Chicago
Puri	IN	Asia/Kolkata
Morena	IN	Asia/Kolkata
Nicosia	CY	Asia/Nicosia
Brescia	IT	Europe/Rome
Nasīm Shahr	IR	Asia/Tehran
Nasimshahr	IR	Asia/Tehran
Ugep	NG	Africa/Lagos
Kamina	CD	Africa/Lubumbashi
Yanbu	SA	Asia/Riyadh
Nagareyama	JP	Asia/Tokyo
Charleroi	BE	Europe/Brussels
Lạng Sơn	VN	Asia/Bangkok
Talhar	PK	Asia/Karachi
São José	BR	America/Sao_Paulo
Nyingchi	CN	Asia/Shanghai
Yuen Long San Hui	HK	Asia/Hong_Kong
Yuen Long	HK	Asia/Hong_Kong
Sumedang	ID	Asia/Jakarta
Gyānpur	IN	Asia/Kolkata
Az Zāwīyah	LY	Africa/Tripoli
Salé Al Jadida	MA	Africa/Casablanca
Bandar Sunway	MY	Asia/Kuala_Lumpur
Bandar Utama	MY	Asia/Kuala_Lumpur
Bukit Jalil	MY	Asia/Kuala_Lumpur
Chakwama	NG	Africa/Lagos
Qadirpur Ran	PK	Asia/Karachi
Dajal	PK	Asia/Karachi
Severnyy	RU	Europe/Moscow
El Dibir	SO	Africa/Mogadishu
Beiliu	CN	Asia/Shanghai
Sirjan	IR	Asia/Tehran
Iquique	CL	America/Santiago
Thuận Thanh	VN	Asia/Bangkok
Balakovo	RU	Europe/Saratov
Armavir	RU	Europe/Moscow
Jaraguá do Sul	BR	America/Sao_Paulo
Yachiyo	JP	Asia/Tokyo
Saidpur	BD	Asia/Dhaka
Quận Bốn	VN	Asia/Ho_Chi_Minh
Arīsh	EG	Africa/Cairo
Rawang	MY	Asia/Kuala_Lumpur
Dudley	GB	Europe/London
Mushin	NG	Africa/Lagos
Yuzhno-Sakhalinsk	RU	Asia/Sakhalin
Hagen	DE	Europe/Berlin
Salatiga	ID	Asia/Jakarta
Rio Grande	BR	America/Sao_Paulo
Guacara	VE	America/Caracas
Khūy	IR	Asia/Tehran
Gliwice	PL	Europe/Warsaw
Changji	CN	Asia/Urumqi
Kodaira	JP	Asia/Tokyo
Plano Piloto	BR	America/Sao_Paulo
Amarillo	US	America/Chicago
Bulandshahr	IN	Asia/Kolkata
Lusail	QA	Asia/Qatar
Aberdeen	GB	Europe/London
Taranto	IT	Europe/Rome
Capiatá	PY	America/Asuncion
Zango	AO	Africa/Luanda
Duyun	CN	Asia/Shanghai
Naivasha	KE	Africa/Nairobi
Kaiyuan	CN	Asia/Shanghai
Cachoeiro de Itapemirim	BR	America/Sao_Paulo
Rzeszów	PL	Europe/Warsaw
Lengshuijiang	CN	Asia/Shanghai
Rostock	DE	Europe/Berlin
Parma	IT	Europe/Rome
Sibu	MY	Asia/Kuching
Arnavutköy	TR	Europe/Istanbul
Itami	JP	Asia/Tokyo
Mentougou	CN	Asia/Shanghai
Bhind	IN	Asia/Kolkata
Akron	US	America/New_York
Talca	CL	America/Santiago
Kassel	DE	Europe/Berlin
Ciudad Madero	MX	America/Monterrey
Sawangan	ID	Asia/Jakarta
Gemena	CD	Africa/Kinshasa
Bhālswa Jahangirpur	IN	Asia/Kolkata
Lushui	CN	Asia/Shanghai
Bīrjand	IR	Asia/Tehran
Toruń	PL	Europe/Warsaw
Almería	ES	Europe/Madrid
Jijiang	CN	Asia/Shanghai
Ahmadpur East	PK	Asia/Karachi
Huánuco	PE	America/Lima
Higashihiroshima	JP	Asia/Tokyo
İzmit	TR	Europe/Istanbul
Reims	FR	Europe/Paris
Hanfeng	CN	Asia/Shanghai
Vancouver	US	America/Los_Angeles
Birmingham	US	America/Chicago
Itabuna	BR	America/Bahia
Laayoune	EH	Africa/El_Aaiun
Khammam	IN	Asia/Kolkata
H̱olon	IL	Asia/Jerusalem
Middelburg	ZA	Africa/Johannesburg
Icheon-si	KR	Asia/Seoul
Khirdalan	AZ	Asia/Baku
Phra Pradaeng	TH	Asia/Bangkok
Moundou	TD	Africa/Ndjamena
Sambhal	IN	Asia/Kolkata
Bhiwāni	IN	Asia/Kolkata
Engels	RU	Europe/Saratov
Ciudad Lázaro Cárdenas	MX	America/Mexico_City
Mocuba	MZ	Africa/Maputo
Hetauda	NP	Asia/Kathmandu
Durrës	AL	Europe/Tirane
Fengcheng	CN	Asia/Shanghai
Suzuka	JP	Asia/Tokyo
Hub	PK	Asia/Karachi
La Plata	AR	America/Argentina/Buenos_Aires
Janakpur	NP	Asia/Kathmandu
Kamirenjaku	JP	Asia/Tokyo
Panvel	IN	Asia/Kolkata
Peicheng	CN	Asia/Shanghai
Maharagama	LK	Asia/Colombo
Montgomery	US	America/Chicago
Liège	BE	Europe/Brussels
Kumagaya	JP	Asia/Tokyo
Guri-si	KR	Asia/Seoul
Ambāla	IN	Asia/Kolkata
Grand Rapids	US	America/Detroit
Prato	IT	Europe/Rome
Kumarapalayam	IN	Asia/Kolkata
Butwāl	NP	Asia/Kathmandu
Dhirkot	PK	Asia/Karachi
Kayes	ML	Africa/Bamako
Bontang	ID	Asia/Makassar
Kafr ash Shaykh	EG	Africa/Cairo
Tébessa	DZ	Africa/Algiers
Kuala Kubu Baharu	MY	Asia/Kuala_Lumpur
Karuri	KE	Africa/Nairobi
Karuri	KE	Africa/Nairobi
Manéah	GN	Africa/Conakry
Severodvinsk	RU	Europe/Moscow
Kowloon City Centre	HK	Asia/Hong_Kong
Matuga	KE	Africa/Nairobi
Düzce	TR	Europe/Istanbul
Nnewi	NG	Africa/Lagos
Yamaguchi	JP	Asia/Tokyo
Alcalá de Henares	ES	Europe/Madrid
Başakşehir	TR	Europe/Istanbul
Ezhou	CN	Asia/Shanghai
Zhengding	CN	Asia/Shanghai
Būkān	IR	Asia/Tehran
Taguatinga	BR	America/Sao_Paulo
Braga	PT	Europe/Lisbon
Garhi Khairo	PK	Asia/Karachi
Luanshya	ZM	Africa/Lusaka
Padalarang	ID	Asia/Jakarta
Bang Khae	TH	Asia/Bangkok
Bago City	PH	Asia/Manila
Yongchuan	CN	Asia/Shanghai
Uji	JP	Asia/Tokyo
Machilīpatnam	IN	Asia/Kolkata
Hepu	CN	Asia/Shanghai
Aihui	CN	Asia/Shanghai
Hyesan	KP	Asia/Pyongyang
Bayamo	CU	America/Havana
Kielce	PL	Europe/Warsaw
Pār Naogaon	BD	Asia/Dhaka
Fuding	CN	Asia/Shanghai
Castanhal	BR	America/Belem
Cidade Tiradentes	BR	America/Sao_Paulo
Zabrze	PL	Europe/Warsaw
Hamilton	NZ	Pacific/Auckland
Bojnūrd	IR	Asia/Tehran
Surulere	NG	Africa/Lagos
Humen	CN	Asia/Shanghai
Benfica	AO	Africa/Luanda
Hat Yai	TH	Asia/Bangkok
Haicheng	CN	Asia/Shanghai
Curug	ID	Asia/Jakarta
Barrancabermeja	CO	America/Bogota
Zlatoust	RU	Asia/Yekaterinburg
Mukono	UG	Africa/Kampala
Angren	UZ	Asia/Tashkent
Ciudad del Carmen	MX	America/Merida
Khairpur Mir’s	PK	Asia/Karachi
Business Bay	AE	Asia/Dubai
Khujand	TJ	Asia/Dushanbe
Peoria	US	America/Phoenix
Ashaiman	GH	Africa/Accra
Tanjungbalai	ID	Asia/Jakarta
Providence	US	America/New_York
Mahesāna	IN	Asia/Kolkata
Knoxville	US	America/New_York
Rangel	AO	Africa/Luanda
Fuenlabrada	ES	Europe/Madrid
Hino	JP	Asia/Tokyo
Jhelum	PK	Asia/Karachi
Mahbūbnagar	IN	Asia/Kolkata
Beipiao	CN	Asia/Shanghai
Pak Kret	TH	Asia/Bangkok
Cẩm Phả	VN	Asia/Bangkok
Al Fallūjah	IQ	Asia/Baghdad
Jinshanlu	CN	Asia/Urumqi
Ise-Ekiti	NG	Africa/Lagos
Nova Friburgo	BR	America/Sao_Paulo
Guarapuava	BR	America/Sao_Paulo
Kofu	JP	Asia/Tokyo
Numazu	JP	Asia/Tokyo
Santa Bárbara d'Oeste	BR	America/Sao_Paulo
Jōetsu	JP	Asia/Tokyo
Planaltina	BR	America/Sao_Paulo
Sunrise Manor	US	America/Los_Angeles
Sambalpur	IN	Asia/Kolkata
Syzran	RU	Europe/Samara
Danshui	TW	Asia/Taipei
Bytom	PL	Europe/Warsaw
Mwene-Ditu	CD	Africa/Lubumbashi
Ilhéus	BR	America/Bahia
Panalanoy	PH	Asia/Manila
Ciudad de Las Heras	AR	America/Argentina/Mendoza
Guixi	CN	Asia/Shanghai
Odawara	JP	Asia/Tokyo
Labuan Bajo	ID	Asia/Makassar
Anjō	JP	Asia/Tokyo
Boyeros	CU	America/Havana
George	ZA	Africa/Johannesburg
Tottori-shi	JP	Asia/Tokyo
Leganés	ES	Europe/Madrid
Acarigua	VE	America/Caracas
Hosa’ina	ET	Africa/Addis_Ababa
Sai Mai	TH	Asia/Bangkok
Yawnghwe	MM	Asia/Yangon
Mabalacat City	PH	Asia/Manila
Riohacha	CO	America/Bogota
Laizhou	CN	Asia/Shanghai
Pilsen	CZ	Europe/Prague
Grand Prairie	US	America/Chicago
Sorsogon	PH	Asia/Manila
Ait Melloul	MA	Africa/Casablanca
Sutton	GB	Europe/London
Shreveport	US	America/Chicago
Choa Chu Kang New Town	SG	Asia/Singapore
Getafe	ES	Europe/Madrid
Quận Năm	VN	Asia/Ho_Chi_Minh
Bhusawal	IN	Asia/Kolkata
Miraflores	PE	America/Lima
Alvorada	BR	America/Sao_Paulo
Chilpancingo	MX	America/Mexico_City
Donaustadt	AT	Europe/Vienna
Pinar del Río	CU	America/Havana
Huixing	CN	Asia/Shanghai
Kırıkkale	TR	Europe/Istanbul
Batumi	GE	Asia/Tbilisi
Burlington	CA	America/Toronto
Pābna	BD	Asia/Dhaka
Brownsville	US	America/Chicago
Changyuan	CN	Asia/Shanghai
Cienfuegos	CU	America/Havana
Beersheba	IL	Asia/Jerusalem
Dixinn	GN	Africa/Conakry
El Oued	DZ	Africa/Algiers
Overland Park	US	America/Chicago
Raebareli	IN	Asia/Kolkata
Shangri-La	CN	Asia/Shanghai
Springs	ZA	Africa/Johannesburg
Newport News	US	America/New_York
Yangcheng	CN	Asia/Shanghai
Mopti	ML	Africa/Bamako
Khuraybat as Sūq	JO	Asia/Amman
Zawiya	LY	Africa/Tripoli
Zamora de Hidalgo	MX	America/Mexico_City
Haridwar	IN	Asia/Kolkata
Ad-Damazin	SD	Africa/Khartoum
Dunhuang	CN	Asia/Shanghai
Jing’an	CN	Asia/Shanghai
Le Havre	FR	Europe/Paris
Verhunskyi	UA	Europe/Kyiv
Phusro	IN	Asia/Kolkata
Donostia / San Sebastián	ES	Europe/Madrid
Poza Rica de Hidalgo	MX	America/Mexico_City
Bilbeis	EG	Africa/Cairo
Roxas City	PH	Asia/Manila
Paris 20 Ménilmontant	FR	Europe/Paris
Kütahya	TR	Europe/Istanbul
Palopo	ID	Asia/Makassar
Potsdam	DE	Europe/Berlin
Modena	IT	Europe/Rome
Bolu	TR	Europe/Istanbul
Toyokawa	JP	Asia/Tokyo
Adoni	IN	Asia/Kolkata
Izumi	JP	Asia/Tokyo
Santa Anita - Los Ficus	PE	America/Lima
Paltan	BD	Asia/Dhaka
Ivory Park	ZA	Africa/Johannesburg
Al Qāmishlī	SY	Asia/Damascus
Abakan	RU	Asia/Krasnoyarsk
Pemalang	ID	Asia/Jakarta
Breda	NL	Europe/Amsterdam
Langsa	ID	Asia/Jakarta
Vĩnh Châu	VN	Asia/Ho_Chi_Minh
Baishan	CN	Asia/Shanghai
Sūjāngarh	IN	Asia/Kolkata
Linhares	BR	America/Sao_Paulo
Castelló de la Plana	ES	Europe/Madrid
Tachikawa	JP	Asia/Tokyo
Cergy-Pontoise	FR	Europe/Paris
Unaizah	SA	Asia/Riyadh
Mobile	US	America/Chicago
St Helens	GB	Europe/London
Fort Lauderdale	US	America/New_York
Lembang	ID	Asia/Jakarta
Paris 18 Buttes-Montmartre	FR	Europe/Paris
Sants-Montjuïc	ES	Europe/Madrid
Oradea	RO	Europe/Bucharest
Araguaína	BR	America/Araguaina
Saarbrücken	DE	Europe/Berlin
Bunda	TZ	Africa/Dar_es_Salaam
Skikda	DZ	Africa/Algiers
Kyivskyi	UA	Europe/Kyiv
Tirmiz	UZ	Asia/Samarkand
Singosari	ID	Asia/Jakarta
Porto Seguro	BR	America/Bahia
Cúa	VE	America/Caracas
Sirsa	IN	Asia/Kolkata
Kamensk-Ural’skiy	RU	Asia/Yekaterinburg
Cidade Dutra	BR	America/Sao_Paulo
Reggio Calabria	IT	Europe/Rome
Dinapur Nizamat	IN	Asia/Kolkata
Santa Clarita	US	America/Los_Angeles
Carletonville	ZA	Africa/Johannesburg
Dubréka	GN	Africa/Conakry
Metro	ID	Asia/Jakarta
Banhā	EG	Africa/Cairo
Bahraigh	IN	Asia/Kolkata
Ash Shaţrah	IQ	Asia/Baghdad
Quarto Oggiaro	IT	Europe/Rome
Tsing Yi Town	HK	Asia/Hong_Kong
Monywa	MM	Asia/Yangon
Dessalines	HT	America/Port-au-Prince
Mwala	KE	Africa/Nairobi
Kāraikkudi	IN	Asia/Kolkata
Araure	VE	America/Caracas
Barra Mansa	BR	America/Sao_Paulo
Sultan Pur Majra	IN	Asia/Kolkata
Zhenping	CN	Asia/Shanghai
Anda	CN	Asia/Shanghai
Paris 13 Gobelins	FR	Europe/Paris
Petropavlovsk-Kamchatsky	RU	Asia/Kamchatka
Wādī as Sīr	JO	Asia/Amman
Fardīs	IR	Asia/Tehran
Chattanooga	US	America/New_York
Guna	IN	Asia/Kolkata
Odense	DK	Europe/Copenhagen
Sacaba	BO	America/La_Paz
Quetzaltenango	GT	America/Guatemala
Gongzhuling	CN	Asia/Shanghai
Chandannagar	IN	Asia/Kolkata
Baharampur	IN	Asia/Kolkata
Ploieşti	RO	Europe/Bucharest
Berazategui	AR	America/Argentina/Buenos_Aires
Shahuwadi	IN	Asia/Kolkata
Madanapalle	IN	Asia/Kolkata
Tangail	BD	Asia/Dhaka
Shulin	TW	Asia/Taipei
Edirne	TR	Europe/Istanbul
Nepean	CA	America/Toronto
Pingwu County	CN	Asia/Shanghai
Kyaukpyu	MM	Asia/Yangon
Yasenevo	RU	Europe/Moscow
Phúc Yên	VN	Asia/Bangkok
Shivpuri	IN	Asia/Kolkata
Yangju	KR	Asia/Seoul
Borshchahivka	UA	Europe/Kyiv
Praga Południe	PL	Europe/Warsaw
Pirituba	BR	America/Sao_Paulo
Kasama	ZM	Africa/Lusaka
Surendranagar	IN	Asia/Kolkata
Alexandra	ZA	Africa/Johannesburg
Obuase	GH	Africa/Accra
Desnyanskyi	UA	Europe/Kyiv
Novozavodskyi	UA	Europe/Kyiv
Ibirité	BR	America/Sao_Paulo
Tsentralnyi	UA	Europe/Kyiv
Legaspi	PH	Asia/Manila
Phú Quốc	VN	Asia/Ho_Chi_Minh
Podolsk	RU	Europe/Moscow
Purwakarta	ID	Asia/Jakarta
Jizzax	UZ	Asia/Samarkand
Ferraz de Vasconcelos	BR	America/Sao_Paulo
Ila Orangun	NG	Africa/Lagos
Thị Trấn Đại Từ	VN	Asia/Ho_Chi_Minh
Neyveli	IN	Asia/Kolkata
Angra dos Reis	BR	America/Sao_Paulo
Qianjiang	CN	Asia/Shanghai
Hamm	DE	Europe/Berlin
Si Racha	TH	Asia/Bangkok
Tiaret	DZ	Africa/Algiers
La Rioja	AR	America/Argentina/La_Rioja
Silchar	IN	Asia/Kolkata
Amadora	PT	Europe/Lisbon
Cuautitlán	MX	America/Mexico_City
Ipswich	GB	Europe/London
Njeru	UG	Africa/Kampala
Toliara	MG	Indian/Antananarivo
Paris 19 Buttes-Chaumont	FR	Europe/Paris
Saki	NG	Africa/Lagos
Chlef	DZ	Africa/Algiers
Fontanar	CU	America/Havana
Seogwipo	KR	Asia/Seoul
Concepcion	PH	Asia/Manila
East Flatbush	US	America/New_York
Spring Valley	US	America/Los_Angeles
Livingstone	ZM	Africa/Lusaka
Potchefstroom	ZA	Africa/Johannesburg
Santa Rosa	US	America/Los_Angeles
Ciudad Camilo Cienfuegos	CU	America/Havana
Paris 13e Arrondissement	FR	Europe/Paris
Sambizanga	AO	Africa/Luanda
Proddatūr	IN	Asia/Kolkata
Sittwe	MM	Asia/Yangon
Dundo	AO	Africa/Luanda
Basel	CH	Europe/Zurich
Meiktila	MM	Asia/Yangon
Gulu	UG	Africa/Kampala
Nijmegen	NL	Europe/Amsterdam
Idkū	EG	Africa/Cairo
Uppsala	SE	Europe/Stockholm
Hugli	IN	Asia/Kolkata
Hashtsāl	IN	Asia/Kolkata
Bragança Paulista	BR	America/Sao_Paulo
Teresópolis	BR	America/Sao_Paulo
San Luis Río Colorado	MX	America/Hermosillo
Santa Ana	SV	America/El_Salvador
Eugene	US	America/Los_Angeles
Nador	MA	Africa/Casablanca
Al Muharraq	BH	Asia/Bahrain
Bielsko-Biala	PL	Europe/Warsaw
Marsá Maţrūḩ	EG	Africa/Cairo
Almere Stad	NL	Europe/Amsterdam
Burgos	ES	Europe/Madrid
Gijang	KR	Asia/Seoul
Lander	VE	America/Caracas
Saint-Étienne	FR	Europe/Paris
Amroha	IN	Asia/Kolkata
Narashino	JP	Asia/Tokyo
Béjaïa	DZ	Africa/Algiers
Zhenzhou	CN	Asia/Shanghai
Tempe	US	America/Phoenix
Xindi	CN	Asia/Shanghai
Oceanside	US	America/Los_Angeles
Bella Vista	DO	America/Santo_Domingo
Fengcheng	CN	Asia/Shanghai
Salem	US	America/Los_Angeles
Wigan	GB	Europe/London
Garden Grove	US	America/Los_Angeles
Karaman	TR	Europe/Istanbul
Oshawa	CA	America/Toronto
Siverek	TR	Europe/Istanbul
Rancho Cucamonga	US	America/Los_Angeles
Cape Coral	US	America/New_York
Tân Châu	VN	Asia/Ho_Chi_Minh
Teluknaga	ID	Asia/Jakarta
Jiutai	CN	Asia/Shanghai
Chhindwāra	IN	Asia/Kolkata
Itu	BR	America/Sao_Paulo
Senador Canedo	BR	America/Sao_Paulo
Khānaqīn	IQ	Asia/Baghdad
Naga	PH	Asia/Manila
Tomakomai	JP	Asia/Tokyo
Tambaram	IN	Asia/Kolkata
San Miguel de Allende	MX	America/Mexico_City
Cianjur	ID	Asia/Jakarta
Pamulang	ID	Asia/Jakarta
Hitachi	JP	Asia/Tokyo
Timon	BR	America/Fortaleza
Bhetia	IN	Asia/Kolkata
Pathānkot	IN	Asia/Kolkata
Tando Adam	PK	Asia/Karachi
Badlapur	IN	Asia/Kolkata
Cikupa	ID	Asia/Jakarta
Puerto Cabello	VE	America/Caracas
Latkrabang	TH	Asia/Bangkok
Sakura	JP	Asia/Tokyo
Ube	JP	Asia/Tokyo
Daule	EC	America/Guayaquil
Bayjī	IQ	Asia/Baghdad
Cuddalore	IN	Asia/Kolkata
Santander	ES	Europe/Madrid
Tlemcen	DZ	Africa/Algiers
Shimla	IN	Asia/Kolkata
Shāhīn Shahr	IR	Asia/Tehran
Croydon	GB	Europe/London
Myeik	MM	Asia/Yangon
East New York	US	America/New_York
Khān Yūnis	PS	Asia/Gaza
Dharān	NP	Asia/Kathmandu
Mülheim	DE	Europe/Berlin
Albacete	ES	Europe/Madrid
Bata	GQ	Africa/Malabo
Kamakura	JP	Asia/Tokyo
Chicoloapan	MX	America/Mexico_City
Gadag-Betageri	IN	Asia/Kolkata
Licheng	CN	Asia/Shanghai
Izumo	JP	Asia/Tokyo
São Caetano do Sul	BR	America/Sao_Paulo
Pindamonhangaba	BR	America/Sao_Paulo
Gadag	IN	Asia/Kolkata
Ongata Rongai	KE	Africa/Nairobi
Lang'ata	KE	Africa/Nairobi
Tunja	CO	America/Bogota
Lages	BR	America/Sao_Paulo
Quillacollo	BO	America/La_Paz
Alcorcón	ES	Europe/Madrid
Gisenyi	RW	Africa/Kigali
Poços de Caldas	BR	America/Sao_Paulo
Isparta	TR	Europe/Istanbul
Warrington	GB	Europe/London
Klaipėda	LT	Europe/Vilnius
Walsall	GB	Europe/London
Herne	DE	Europe/Berlin
Lyublino	RU	Europe/Moscow
Mansfield	GB	Europe/London
Reggio nell'Emilia	IT	Europe/Rome
Barreiras	BR	America/Bahia
Kēng Tung	MM	Asia/Yangon
Sioux Falls	US	America/Chicago
Prizren	XK	Europe/Belgrade
Dongling	CN	Asia/Shanghai
Ungaran	ID	Asia/Jakarta
Urayasu	JP	Asia/Tokyo
Long Khánh	VN	Asia/Ho_Chi_Minh
Dagupan	PH	Asia/Manila
Ontario	US	America/Los_Angeles
Watthana	TH	Asia/Bangkok
Verāval	IN	Asia/Kolkata
Navsari	IN	Asia/Kolkata
Imabari	JP	Asia/Tokyo
Mansa	ZM	Africa/Lusaka
Fort Collins	US	America/Denver
Bảo Lộc	VN	Asia/Ho_Chi_Minh
Kulim	MY	Asia/Kuala_Lumpur
Oshodi	NG	Africa/Lagos
Ramat Gan	IL	Asia/Jerusalem
Bahadurgarh	IN	Asia/Kolkata
Haldia	IN	Asia/Kolkata
Temirtau	KZ	Asia/Almaty
East Helsinki	FI	Europe/Helsinki
Parnaíba	BR	America/Fortaleza
Carolina	PR	America/Puerto_Rico
Rāiganj	IN	Asia/Kolkata
Malāyer	IR	Asia/Tehran
Springfield	US	America/Chicago
Sunderland	GB	Europe/London
Takaoka	JP	Asia/Tokyo
Baranovichi	BY	Europe/Minsk
Malda	IN	Asia/Kolkata
Guadalupe	MX	America/Mexico_City
Nishio	JP	Asia/Tokyo
San Luis	AR	America/Argentina/San_Luis
Ouargla	DZ	Africa/Algiers
Olsztyn	PL	Europe/Warsaw
Kipushi	CD	Africa/Lubumbashi
Yuen Long Kau Hui	HK	Asia/Hong_Kong
Jaunpur	IN	Asia/Kolkata
Khlong Sam Wa	TH	Asia/Bangkok
Harburg	DE	Europe/Berlin
Chūō	JP	Asia/Tokyo
Mufulira	ZM	Africa/Lusaka
Deoli	IN	Asia/Kolkata
Jaffna	LK	Asia/Colombo
Arad	RO	Europe/Bucharest
Chetumal	MX	America/Cancun
Bharūch	IN	Asia/Kolkata
Gurúè	MZ	Africa/Maputo
San Miguel	AR	America/Argentina/Buenos_Aires
Hirosaki	JP	Asia/Tokyo
Chalco	MX	America/Mexico_City
Toulon	FR	Europe/Paris
Vila Andrade	BR	America/Sao_Paulo
Hoshiārpur	IN	Asia/Kolkata
Calabozo	VE	America/Caracas
Jabālyā	PS	Asia/Gaza
Cuauhtémoc	MX	America/Chihuahua
Araraquara	BR	America/Sao_Paulo
Yopal	CO	America/Bogota
Ituzaingó	AR	America/Argentina/Cordoba
Piranshahr	IR	Asia/Tehran
Mahābād	IR	Asia/Tehran
Florencia	CO	America/Bogota
Tây Hồ	VN	Asia/Bangkok
Moratuwa	LK	Asia/Colombo
Angers	FR	Europe/Paris
Ilford	GB	Europe/London
Hasilpur	PK	Asia/Karachi
Rio das Ostras	BR	America/Sao_Paulo
Horta-Guinardó	ES	Europe/Madrid
Pátra	GR	Europe/Athens
Rutchenkivskyi	UA	Europe/Kyiv
Đồng Xoài	VN	Asia/Ho_Chi_Minh
Jamālpur	BD	Asia/Dhaka
Kushiro	JP	Asia/Tokyo
Berezniki	RU	Asia/Yekaterinburg
Awka	NG	Africa/Lagos
Volgodonsk	RU	Europe/Moscow
Hollywood	US	America/Los_Angeles
Oyama	JP	Asia/Tokyo
Ijero-Ekiti	NG	Africa/Lagos
Jīnd	IN	Asia/Kolkata
Miass	RU	Asia/Yekaterinburg
Fortechnyi	UA	Europe/Kyiv
Tuguegarao	PH	Asia/Manila
Carúpano	VE	America/Caracas
Kumbakonam	IN	Asia/Kolkata
Plumbon	ID	Asia/Jakarta
Darmstadt	DE	Europe/Berlin
Mary	TM	Asia/Ashgabat
Novocherkassk	RU	Europe/Moscow
Elk Grove	US	America/Los_Angeles
Mohali	IN	Asia/Kolkata
Sampit	ID	Asia/Pontianak
Clarksville	US	America/Chicago
Wan Chai	HK	Asia/Hong_Kong
Linköping	SE	Europe/Stockholm
Iwata	JP	Asia/Tokyo
Kamalia	PK	Asia/Karachi
Pembroke Pines	US	America/New_York
Maicao	CO	America/Bogota
Obihiro	JP	Asia/Tokyo
Fatehpur	IN	Asia/Kolkata
Osnabrück	DE	Europe/Berlin
Calama	CL	America/Santiago
Nou Barris	ES	Europe/Madrid
Nepalgunj	NP	Asia/Kathmandu
Comitán	MX	America/Merida
Ocumare del Tuy	VE	America/Caracas
Niiza	JP	Asia/Tokyo
Greater Sudbury	CA	America/Toronto
Khobar	SA	Asia/Riyadh
Songcheng	CN	Asia/Shanghai
Deer Valley	US	America/Phoenix
Bang Khun Thian	TH	Asia/Bangkok
Murfreesboro	US	America/Chicago
Bushehr	IR	Asia/Tehran
Dar Bouazza	MA	Africa/Casablanca
Tonk	IN	Asia/Kolkata
Saqqez	IR	Asia/Tehran
Béchar	DZ	Africa/Algiers
Tam Kỳ	VN	Asia/Ho_Chi_Minh
Gölbaşı	TR	Europe/Istanbul
Francisco Morato	BR	America/Sao_Paulo
Bima	ID	Asia/Makassar
Mu-se	MM	Asia/Yangon
Udupi	IN	Asia/Kolkata
Shahrud	IR	Asia/Tehran
Banjaran	ID	Asia/Jakarta
Thenali	IN	Asia/Kolkata
Mthatha	ZA	Africa/Johannesburg
Hengshan	CN	Asia/Shanghai
Slough	GB	Europe/London
Bocoio	AO	Africa/Luanda
Neukölln	DE	Europe/Berlin
Port Saint Lucie	US	America/New_York
Sītāpur	IN	Asia/Kolkata
Alandur	IN	Asia/Kolkata
Zenica	BA	Europe/Sarajevo
Lajeado	BR	America/Sao_Paulo
Solingen	DE	Europe/Berlin
Itapetininga	BR	America/Sao_Paulo
Ðông Hà	VN	Asia/Bangkok
Corona	US	America/Los_Angeles
Ḩawallī	KW	Asia/Kuwait
Musoma	TZ	Africa/Dar_es_Salaam
Inisa	NG	Africa/Lagos
Nazran	RU	Europe/Moscow
Ilagan	PH	Asia/Manila
Port-Gentil	GA	Africa/Libreville
Bhadrāvati	IN	Asia/Kolkata
Santana de Parnaíba	BR	America/Sao_Paulo
Hadano	JP	Asia/Tokyo
Piraeus	GR	Europe/Athens
Vapi	IN	Asia/Kolkata
Bournemouth	GB	Europe/London
Pedreira	BR	America/Sao_Paulo
Sidon	LB	Asia/Beirut
Caxias	BR	America/Fortaleza
‘Ibrī	OM	Asia/Muscat
Jomvu	KE	Africa/Nairobi
Garissa	KE	Africa/Nairobi
Moga	IN	Asia/Kolkata
Peterborough	GB	Europe/London
Piedecuesta	CO	America/Bogota
Tongzhou	CN	Asia/Shanghai
Ludwigshafen am Rhein	DE	Europe/Berlin
Lat Krabang	TH	Asia/Bangkok
Şalālah	OM	Asia/Muscat
Büyükçekmece	TR	Europe/Istanbul
Rāj-Nāndgaon	IN	Asia/Kolkata
Aydın	TR	Europe/Istanbul
Envigado	CO	America/Bogota
Itapecerica da Serra	BR	America/Sao_Paulo
Al-Junaynah	SD	Africa/Khartoum
Anbu	CN	Asia/Shanghai
McKinney	US	America/Chicago
Mostaganem	DZ	Africa/Algiers
Chirchiq	UZ	Asia/Tashkent
Bandar-e Māhshahr	IR	Asia/Tehran
Floridsdorf	AT	Europe/Vienna
Leverkusen	DE	Europe/Berlin
Pandi	PH	Asia/Manila
Capas	PH	Asia/Manila
Ning’er	CN	Asia/Shanghai
Haarlem	NL	Europe/Amsterdam
Arnhem	NL	Europe/Amsterdam
Nkongsamba	CM	Africa/Douala
El Vigía	VE	America/Caracas
Araucária	BR	America/Sao_Paulo
Robertsonpet	IN	Asia/Kolkata
Kitale	KE	Africa/Nairobi
Suleja	NG	Africa/Lagos
Pouso Alegre	BR	America/Sao_Paulo
Taza	MA	Africa/Casablanca
Oxford	GB	Europe/London
Al Maţarīyah	EG	Africa/Cairo
Kunduz	AF	Asia/Kabul
Fengcheng	CN	Asia/Shanghai
Trảng Bàng	VN	Asia/Ho_Chi_Minh
Unnāo	IN	Asia/Kolkata
Hortaleza	ES	Europe/Madrid
N'dalatando	AO	Africa/Luanda
Budaun	IN	Asia/Kolkata
Ōgaki	JP	Asia/Tokyo
Newport	GB	Europe/London
Coquimbo	CL	America/Santiago
Baubau	ID	Asia/Makassar
Đưc Trọng	VN	Asia/Ho_Chi_Minh
Blitar	ID	Asia/Jakarta
Alagoinhas	BR	America/Bahia
KwaDukuza	ZA	Africa/Johannesburg
Miyakonojō	JP	Asia/Tokyo
Madhyamgram	IN	Asia/Kolkata
Lancaster	US	America/Los_Angeles
Rubtsovsk	RU	Asia/Barnaul
Tacheng	CN	Asia/Urumqi
Kindia	GN	Africa/Conakry
Tauranga	NZ	Pacific/Auckland
Kalemie	CD	Africa/Lubumbashi
Chatuchak	TH	Asia/Bangkok
San Juan de los Morros	VE	America/Caracas
Sayama	JP	Asia/Tokyo
Sullana	PE	America/Lima
's-Hertogenbosch	NL	Europe/Amsterdam
Szeged	HU	Europe/Budapest
Malakal	SS	Africa/Juba
Chittoor	IN	Asia/Kolkata
Toledo	BR	America/Sao_Paulo
Salamanca	MX	America/Mexico_City
Ban Khlong Prawet	TH	Asia/Bangkok
La Gi	VN	Asia/Ho_Chi_Minh
Anderlecht	BE	Europe/Brussels
Mytishchi	RU	Europe/Moscow
Delegación Cuajimalpa de Morelos	MX	America/Mexico_City
Hebron	PS	Asia/Hebron
Camaragibe	BR	America/Recife
Mogi Guaçu	BR	America/Sao_Paulo
Mejicanos	SV	America/El_Salvador
Trà Vinh	VN	Asia/Ho_Chi_Minh
Parepare	ID	Asia/Makassar
Jāmuria	IN	Asia/Kolkata
Koudougou	BF	Africa/Ouagadougou
Nyzhnodniprovsk	UA	Europe/Kyiv
Taunggyi	MM	Asia/Yangon
Dhamār	YE	Asia/Aden
Dubai Investments Park	AE	Asia/Dubai
Ash Sharqāt	IQ	Asia/Baghdad
Dijon	FR	Europe/Paris
Salavat	RU	Asia/Yekaterinburg
Ede	NG	Africa/Lagos
Sukrah	TN	Africa/Tunis
Manzanillo	MX	America/Mexico_City
Jalapa	GT	America/Guatemala
Paech’ŏn-ŭp	KP	Asia/Pyongyang
Cary	US	America/New_York
Skudai	MY	Asia/Kuala_Lumpur
Tahoua	NE	Africa/Niamey
Alexandria	US	America/New_York
Tuxtepec	MX	America/Mexico_City
Puthia	BD	Asia/Dhaka
Newton	CA	America/Vancouver
Paris 16 Passy	FR	Europe/Paris
Zhicheng	CN	Asia/Shanghai
Ang Mo Kio New Town	SG	Asia/Singapore
Limuru	KE	Africa/Nairobi
San Miguel del Padrón	CU	America/Havana
Tarija	BO	America/La_Paz
Patos de Minas	BR	America/Sao_Paulo
Oldenburg	DE	Europe/Berlin
Paris 17 Batignolles-Monceau	FR	Europe/Paris
Matsusaka	JP	Asia/Tokyo
Catamarca	AR	America/Argentina/Catamarca
Tochigi	JP	Asia/Tokyo
Khoroshëvo-Mnevniki	RU	Europe/Moscow
Bibirevo	RU	Europe/Moscow
Bordj Bou Arreridj	DZ	Africa/Algiers
Dīla	ET	Africa/Addis_Ababa
Jaigaon	IN	Asia/Kolkata
Atibaia	BR	America/Sao_Paulo
Batāla	IN	Asia/Kolkata
Grenoble	FR	Europe/Paris
Sāmarrā’	IQ	Asia/Baghdad
Tempe Junction	US	America/Phoenix
Palmdale	US	America/Los_Angeles
George Town	MY	Asia/Kuala_Lumpur
El Achir	DZ	Africa/Algiers
Hayward	US	America/Los_Angeles
Orai	IN	Asia/Kolkata
Thốt Nốt	VN	Asia/Ho_Chi_Minh
Gweru	ZW	Africa/Harare
Abaetetuba	BR	America/Belem
Centro Habana	CU	America/Havana
Panguíla	AO	Africa/Luanda
Bukit Batok New Town	SG	Asia/Singapore
Chom Thong	TH	Asia/Bangkok
Gol’yanovo	RU	Europe/Moscow
Sunggal	ID	Asia/Jakarta
Industrialnyi	UA	Europe/Kyiv
Admiralteisky	RU	Europe/Moscow
Diourbel	SN	Africa/Dakar
Ueda	JP	Asia/Tokyo
Aberdeen	HK	Asia/Hong_Kong
Avtozavodskyi	UA	Europe/Kyiv
Salinas	US	America/Los_Angeles
San Blas-Canillejas	ES	Europe/Madrid
Cuautla	MX	America/Mexico_City
Salzburg	AT	Europe/Vienna
Perbaungan	ID	Asia/Jakarta
Nong Chok	TH	Asia/Bangkok
Ussuriysk	RU	Asia/Vladivostok
Arif Wala	PK	Asia/Karachi
Nanpiao	CN	Asia/Shanghai
Livorno	IT	Europe/Rome
Río Cuarto	AR	America/Argentina/Cordoba
Harar	ET	Africa/Addis_Ababa
Tiraspol	MD	Europe/Chisinau
Enfield Town	GB	Europe/London
Westonaria	ZA	Africa/Johannesburg
Lizhi	CN	Asia/Shanghai
Hitachi-Naka	JP	Asia/Tokyo
Saharsa	IN	Asia/Kolkata
Qalyub	EG	Africa/Cairo
Escuintla	GT	America/Guatemala
Marbella	ES	Europe/Madrid
Ereğli	TR	Europe/Istanbul
Batu Pahat	MY	Asia/Kuala_Lumpur
Sitiawan	MY	Asia/Kuala_Lumpur
Mariveles	PH	Asia/Manila
San Pablo de las Salinas	MX	America/Mexico_City
Lampang	TH	Asia/Bangkok
York	GB	Europe/London
Bạc Liêu	VN	Asia/Ho_Chi_Minh
Juja	KE	Africa/Nairobi
Nek’emtē	ET	Africa/Addis_Ababa
Fès al Bali	MA	Africa/Casablanca
Örebro	SE	Europe/Stockholm
Al Miqdādīyah	IQ	Asia/Baghdad
Katsuta	JP	Asia/Tokyo
Malabo	GQ	Africa/Malabo
Vidisha	IN	Asia/Kolkata
Tuy Hòa	VN	Asia/Ho_Chi_Minh
Yizhou	CN	Asia/Shanghai
Xinqiao	CN	Asia/Shanghai
Sunnyvale	US	America/Los_Angeles
Tema	GH	Africa/Accra
Yichun	CN	Asia/Shanghai
Đức Phổ	VN	Asia/Ho_Chi_Minh
San Martin Texmelucan de Labastida	MX	America/Mexico_City
Ar Ramthā	JO	Asia/Amman
Hanumāngarh	IN	Asia/Kolkata
São Mateus	BR	America/Sao_Paulo
Zemun	RS	Europe/Belgrade
Telford	GB	Europe/London
Kisi	NG	Africa/Lagos
Nilópolis	BR	America/Sao_Paulo
Villa Canales	GT	America/Guatemala
Guyong	PH	Asia/Manila
Settat	MA	Africa/Casablanca
Brusque	BR	America/Sao_Paulo
Paço do Lumiar	BR	America/Fortaleza
Jampur	PK	Asia/Karachi
Port Louis	MU	Indian/Mauritius
Kawanishi	JP	Asia/Tokyo
Thānesar	IN	Asia/Kolkata
Al Ḩawāmidīyah	EG	Africa/Cairo
Hassan	IN	Asia/Kolkata
Lianghu	CN	Asia/Shanghai
Tetuán de las Victorias	ES	Europe/Madrid
Kishangarh	IN	Asia/Kolkata
Birendranagar	NP	Asia/Kathmandu
Dalūpura	IN	Asia/Kolkata
Guangshui	CN	Asia/Shanghai
Saint-Denis	RE	Indian/Reunion
Brăila	RO	Europe/Bucharest
Lyubertsy	RU	Europe/Moscow
Bumba	CD	Africa/Kinshasa
Rudrapur	IN	Asia/Kolkata
La Serena	CL	America/Santiago
Miskolc	HU	Europe/Budapest
Abū Kabīr	EG	Africa/Cairo
Fu’an	CN	Asia/Shanghai
Kitengela	KE	Africa/Nairobi
Frisco	US	America/Chicago
Zhaodong	CN	Asia/Shanghai
Wujiaqu	CN	Asia/Urumqi
Shomolu	NG	Africa/Lagos
Janzūr	LY	Africa/Tripoli
Xai-Xai	MZ	Africa/Maputo
Springfield	US	America/New_York
Nalgonda	IN	Asia/Kolkata
Katabi	UG	Africa/Kampala
Gwangyang	KR	Asia/Seoul
Kovrov	RU	Europe/Moscow
Viranşehir	TR	Europe/Istanbul
Noda	JP	Asia/Tokyo
San Cristóbal	DO	America/Santo_Domingo
East Chattanooga	US	America/New_York
Limassol	CY	Asia/Nicosia
Kariya	JP	Asia/Tokyo
Pasadena	US	America/Chicago
Mīt Ghamr	EG	Africa/Cairo
Sanshui	CN	Asia/Shanghai
Jackson	US	America/Chicago
Parelheiros	BR	America/Sao_Paulo
Enschede	NL	Europe/Amsterdam
Boshan	CN	Asia/Shanghai
Hazāribāgh	IN	Asia/Kolkata
Yangchun	CN	Asia/Shanghai
Souk Ahras	DZ	Africa/Algiers
Musanze	RW	Africa/Kigali
Medinīpur	IN	Asia/Kolkata
Andong	KR	Asia/Seoul
Bālurghāt	IN	Asia/Kolkata
Pomona	US	America/Los_Angeles
Valle de La Pascua	VE	America/Caracas
Kreuzberg	DE	Europe/Berlin
Chincha Alta	PE	America/Lima
Cairns	AU	Australia/Brisbane
Fyzābād	IN	Asia/Kolkata
Thị Trấn Thuận Châu	VN	Asia/Ho_Chi_Minh
Dinapore	IN	Asia/Kolkata
Dingzhou	CN	Asia/Shanghai
Kansas City	US	America/Chicago
As Samawah	IQ	Asia/Baghdad
Porbandar	IN	Asia/Kolkata
Sinp’o	KP	Asia/Pyongyang
Pengpu	CN	Asia/Shanghai
Wazirabad	PK	Asia/Karachi
Washington Heights	US	America/New_York
Lakewood	US	America/Denver
Baqubah	IQ	Asia/Baghdad
Sumayl	IQ	Asia/Baghdad
Simele	IQ	Asia/Baghdad
Neuss	DE	Europe/Berlin
Chenghua	CN	Asia/Shanghai
Songnim-ni	KP	Asia/Pyongyang
Bānda	IN	Asia/Kolkata
Cần Giuộc	VN	Asia/Ho_Chi_Minh
Balvanera	AR	America/Argentina/Buenos_Aires
Longfeng	CN	Asia/Shanghai
Beining	CN	Asia/Shanghai
Strogino	RU	Europe/Moscow
Gonbad-e Kāvūs	IR	Asia/Tehran
Etwatwa	ZA	Africa/Johannesburg
Higashimurayama	JP	Asia/Tokyo
Garanhuns	BR	America/Recife
Hindupur	IN	Asia/Kolkata
Amsterdam Nieuw-West	NL	Europe/Amsterdam
Stavanger	NO	Europe/Oslo
Bintulu	MY	Asia/Kuching
Poole	GB	Europe/London
Akhmīm	EG	Africa/Cairo
Kohat	PK	Asia/Karachi
Regensburg	DE	Europe/Berlin
Layyah	PK	Asia/Karachi
Girga	EG	Africa/Cairo
Koforidua	GH	Africa/Accra
Bukit Merah Estate	SG	Asia/Singapore
Logroño	ES	Europe/Madrid
Beāwar	IN	Asia/Kolkata
Sykhiv	UA	Europe/Kyiv
Shujaabad	PK	Asia/Karachi
Escondido	US	America/Los_Angeles
Ṣuwayliḥ	JO	Asia/Amman
Erzincan	TR	Europe/Istanbul
Kırşehir	TR	Europe/Istanbul
Zarichnyi	UA	Europe/Kyiv
La Laguna	ES	Atlantic/Canary
Kokshetau	KZ	Asia/Almaty
Eminabad	PK	Asia/Karachi
Anantnag	IN	Asia/Kolkata
Kukichūō	JP	Asia/Tokyo
Badajoz	ES	Europe/Madrid
Serilingampalle	IN	Asia/Kolkata
Malatia-Sebastia	AM	Asia/Yerevan
Talcahuano	CL	America/Santiago
Chillán	CL	America/Santiago
Jaranwala	PK	Asia/Karachi
Kỳ Anh	VN	Asia/Bangkok
Nong Khaem	TH	Asia/Bangkok
Piedras Negras	MX	America/Matamoros
Kızıltepe	TR	Europe/Istanbul
Astoria	US	America/New_York
Musashino	JP	Asia/Tokyo
Paranaguá	BR	America/Sao_Paulo
Balashikha	RU	Europe/Moscow
Raigarh	IN	Asia/Kolkata
Gloucester	CA	America/Toronto
Vryheid	ZA	Africa/Johannesburg
Malkajgiri	IN	Asia/Kolkata
Gimcheon	KR	Asia/Seoul
Bercham	MY	Asia/Kuala_Lumpur
Setia Alam	MY	Asia/Kuala_Lumpur
Bandar Tasik Puteri	MY	Asia/Kuala_Lumpur
Tordher	PK	Asia/Karachi
Zhulebino	RU	Europe/Moscow
Dili	TL	Asia/Dili
Shāntipur	IN	Asia/Kolkata
Chishtian	PK	Asia/Karachi
Playa del Carmen	MX	America/Cancun
Santa Rita	BR	America/Fortaleza
Split	HR	Europe/Zagreb
Ursynów	PL	Europe/Warsaw
Hollywood	US	America/New_York
Madrid Centro	ES	Europe/Madrid
Iguatemi	BR	America/Sao_Paulo
Harunabad	PK	Asia/Karachi
Shūnan	JP	Asia/Tokyo
Agadez	NE	Africa/Niamey
Burnley	GB	Europe/London
Reẖovot	IL	Asia/Jerusalem
Watampone	ID	Asia/Makassar
Sabha	LY	Africa/Tripoli
Disūq	EG	Africa/Cairo
Cagliari	IT	Europe/Rome
Borough Park	US	America/New_York
Harrow	GB	Europe/London
Berrechid	MA	Africa/Casablanca
Queimados	BR	America/Sao_Paulo
Tambacounda	SN	Africa/Dakar
Huddersfield	GB	Europe/London
Ārabī	ET	Africa/Addis_Ababa
Kerch	UA	Europe/Simferopol
Saguenay	CA	America/Toronto
Prenzlauer Berg	DE	Europe/Berlin
Fazenda Rio Grande	BR	America/Sao_Paulo
Komaki	JP	Asia/Tokyo
Marvdasht	IR	Asia/Tehran
Melitopol	UA	Europe/Kyiv
Dunhua	CN	Asia/Shanghai
Bhuj	IN	Asia/Kolkata
Arganzuela	ES	Europe/Madrid
Jyväskylä	FI	Europe/Helsinki
Yonago	JP	Asia/Tokyo
Ruqi	SO	Africa/Mogadishu
Rimini	IT	Europe/Rome
Coquitlam	CA	America/Vancouver
Aḍ-Ḍawāḥy	EG	Africa/Cairo
Arar	SA	Asia/Riyadh
Valencia	US	America/Los_Angeles
Moreno	AR	America/Argentina/Buenos_Aires
Tama	JP	Asia/Tokyo
Rockford	US	America/Chicago
Kalaban Koro	ML	Africa/Bamako
El Limón	VE	America/Caracas
Nîmes	FR	Europe/Paris
Dundee	GB	Europe/London
Bārākpur	IN	Asia/Kolkata
Sao Rafael	BR	America/Sao_Paulo
Sujiatun	CN	Asia/Shanghai
Astanajapura	ID	Asia/Jakarta
Xebat	IQ	Asia/Baghdad
Ciudad Delicias	MX	America/Chihuahua
Siguiri	GN	Africa/Conakry
Mbanza Kongo	AO	Africa/Luanda
Kamsar	GN	Africa/Conakry
East Hampton	US	America/New_York
Honggang	CN	Asia/Shanghai
Sarrià-Sant Gervasi	ES	Europe/Madrid
Kiambu	KE	Africa/Nairobi
Clermont-Ferrand	FR	Europe/Paris
Joliet	US	America/Chicago
Barrie	CA	America/Toronto
Yima	CN	Asia/Shanghai
Bang Kapi	TH	Asia/Bangkok
Savannah	US	America/New_York
Paterson	US	America/New_York
Salamanca	ES	Europe/Madrid
Kolomna	RU	Europe/Moscow
Hājīpur	IN	Asia/Kolkata
Rafsanjān	IR	Asia/Tehran
Hòa Thành	VN	Asia/Ho_Chi_Minh
Mestre	IT	Europe/Rome
As Sālimīyah	KW	Asia/Kuwait
Bridgeport	US	America/New_York
Shevchenko	UA	Europe/Kyiv
Kuntsevo	RU	Europe/Moscow
Kragujevac	RS	Europe/Belgrade
Aktau	KZ	Asia/Aqtau
Nusantara	ID	Asia/Makassar
Balcón de la Lisa	CU	America/Havana
Sasarām	IN	Asia/Kolkata
Bohuniya	UA	Europe/Kyiv
Iruma	JP	Asia/Tokyo
Renca	CL	America/Santiago
Kramatorsk	UA	Europe/Kyiv
Naperville	US	America/Chicago
Manama	BH	Asia/Bahrain
Colima	MX	America/Mexico_City
Bhimavaram	IN	Asia/Kolkata
Lárisa	GR	Europe/Athens
Nakhodka	RU	Asia/Vladivostok
Debre Birhan	ET	Africa/Addis_Ababa
Cacuaco	AO	Africa/Luanda
Slobidskyi	UA	Europe/Kyiv
Aix-en-Provence	FR	Europe/Paris
Cam Ranh	VN	Asia/Ho_Chi_Minh
Jalalpur Jattan	PK	Asia/Karachi
Matanzas	CU	America/Havana
Beed	IN	Asia/Kolkata
Khasnahzān	IQ	Asia/Baghdad
Taozhou	CN	Asia/Shanghai
Saint-Quentin-en-Yvelines	FR	Europe/Paris
Bandar Bukit Raja	MY	Asia/Kuala_Lumpur
Blackburn	GB	Europe/London
Rosemont–La Petite-Patrie	CA	America/Toronto
Colina	CL	America/Santiago
Burāri	IN	Asia/Kolkata
Ruda Śląska	PL	Europe/Warsaw
Nouadhibou	MR	Africa/Nouakchott
Puerto Plata	DO	America/Santo_Domingo
Urdaneta	PH	Asia/Manila
Chamberí	ES	Europe/Madrid
Krishnanagar	IN	Asia/Kolkata
Xinji	CN	Asia/Shanghai
Jutiapa	GT	America/Guatemala
Chitradurga	IN	Asia/Kolkata
Bueng Kum	TH	Asia/Bangkok
Cambridge	GB	Europe/London
Kampung Pasir Gudang Baru	MY	Asia/Kuala_Lumpur
Kampung Sungai Glugur	MY	Asia/Kuala_Lumpur
Dibrugarh	IN	Asia/Kolkata
Médéa	DZ	Africa/Algiers
Taishan	CN	Asia/Shanghai
El Eulma	DZ	Africa/Algiers
Pécs	HU	Europe/Budapest
Giá Rai	VN	Asia/Ho_Chi_Minh
Abohar	IN	Asia/Kolkata
Tiruvannamalai	IN	Asia/Kolkata
Teixeira de Freitas	BR	America/Bahia
Gainesville	US	America/New_York
Concordia	AR	America/Argentina/Cordoba
Botucatu	BR	America/Sao_Paulo
Fujieda	JP	Asia/Tokyo
Spanish Town	JM	America/Jamaica
Blackpool	GB	Europe/London
Urganch	UZ	Asia/Samarkand
Bukoba	TZ	Africa/Dar_es_Salaam
Kaithal	IN	Asia/Kolkata
Ingombota	AO	Africa/Luanda
Brest	FR	Europe/Paris
Basildon	GB	Europe/London
Franco da Rocha	BR	America/Sao_Paulo
Salamanca	ES	Europe/Madrid
Villeray–Saint-Michel–Parc-Extension	CA	America/Toronto
Mesquite	US	America/Chicago
Ashikaga	JP	Asia/Tokyo
Huyện Lâm Hà	VN	Asia/Ho_Chi_Minh
Acheng	CN	Asia/Shanghai
Kelowna	CA	America/Vancouver
Umarkot	PK	Asia/Karachi
León	NI	America/Managua
Kakamigahara	JP	Asia/Tokyo
Le Mans	FR	Europe/Paris
Lodhran	PK	Asia/Karachi
Campo Largo	BR	America/Sao_Paulo
Trois-Rivières	CA	America/Toronto
Hailin	CN	Asia/Shanghai
Amsterdam-Zuid	NL	Europe/Amsterdam
Tsuchiura	JP	Asia/Tokyo
Elektrostal’	RU	Europe/Moscow
Balasore	IN	Asia/Kolkata
Yong’an	CN	Asia/Shanghai
Paris 11e Arrondissement	FR	Europe/Paris
Kampong Pasir Ris	SG	Asia/Singapore
Huelva	ES	Europe/Madrid
Nemyshlyanskyi	UA	Europe/Kyiv
Navoiy	UZ	Asia/Samarkand
Syracuse	US	America/New_York
Ashkelon	IL	Asia/Jerusalem
Pinetown	ZA	Africa/Johannesburg
Teshi Old Town	GH	Africa/Accra
Biryulëvo	RU	Europe/Moscow
Orekhovo-Borisovo	RU	Europe/Moscow
Kusatsu	JP	Asia/Tokyo
Amsterdam-West	NL	Europe/Amsterdam
Nanjin	CN	Asia/Shanghai
Guelph	CA	America/Toronto
Qianjiang	CN	Asia/Shanghai
Ramna Maidan	BD	Asia/Dhaka
Godhra	IN	Asia/Kolkata
Khemisset	MA	Africa/Casablanca
Çanakkale	TR	Europe/Istanbul
Torrance	US	America/Los_Angeles
Três Lagoas	BR	America/Campo_Grande
San Jose	PH	Asia/Manila
Ladysmith	ZA	Africa/Johannesburg
Lévis	CA	America/Toronto
Cachoeirinha	BR	America/Sao_Paulo
Heidelberg	DE	Europe/Berlin
Fresnillo	MX	America/Mexico_City
Touggourt	DZ	Africa/Algiers
Shillong	IN	Asia/Kolkata
Surprise	US	America/Phoenix
Norwich	GB	Europe/London
Tịnh Biên	VN	Asia/Ho_Chi_Minh
Moriguchi	JP	Asia/Tokyo
Amiens	FR	Europe/Paris
Cai Lậy	VN	Asia/Ho_Chi_Minh
Rewāri	IN	Asia/Kolkata
Basirhat City	IN	Asia/Kolkata
Novyye Kuz’minki	RU	Europe/Moscow
Kuz’minki	RU	Europe/Moscow
Aalborg	DK	Europe/Copenhagen
La Trinidad	PH	Asia/Manila
Ghardaïa	DZ	Africa/Algiers
Timika	ID	Asia/Jayapura
Pyatigorsk	RU	Europe/Moscow
Teófilo Otoni	BR	America/Sao_Paulo
Mbanza-Ngungu	CD	Africa/Kinshasa
Mercier–Hochelaga-Maisonneuve	CA	America/Toronto
Okinawa	JP	Asia/Tokyo
Middlesbrough	GB	Europe/London
Shahrisabz	UZ	Asia/Samarkand
Moro	PK	Asia/Karachi
Ch’ŏngdan-ŭp	KP	Asia/Pyongyang
Sant Andreu	ES	Europe/Madrid
Rybnik	PL	Europe/Warsaw
Saïda	DZ	Africa/Algiers
Metairie Terrace	US	America/Chicago
Tuzla	BA	Europe/Sarajevo
Kovpakivskyi	UA	Europe/Kyiv
eMbalenhle	ZA	Africa/Johannesburg
Trindade	BR	America/Sao_Paulo
Khanpur	PK	Asia/Karachi
Columbia	US	America/New_York
Nawābganj	BD	Asia/Dhaka
Inezgane	MA	Africa/Casablanca
Puerto Cortez	HN	America/Tegucigalpa
Pasadena	US	America/Los_Angeles
Toowoomba	AU	Australia/Brisbane
Paderborn	DE	Europe/Berlin
Misato, Saitama	JP	Asia/Tokyo
Chhatarpur	IN	Asia/Kolkata
Kimberley	ZA	Africa/Johannesburg
Alto Hospicio	CL	America/Santiago
Ciego de Ávila	CU	America/Havana
Samālūţ	EG	Africa/Cairo
Chertanovo Yuzhnoye	RU	Europe/Moscow
Jieshou	CN	Asia/Shanghai
Maykop	RU	Europe/Moscow
Attock City	PK	Asia/Karachi
Kisaran	ID	Asia/Jakarta
Mojokerto	ID	Asia/Jakarta
Facatativá	CO	America/Bogota
Masai	MY	Asia/Kuala_Lumpur
Punto Fijo	VE	America/Caracas
Myingyan	MM	Asia/Yangon
Kamālshahr	IR	Asia/Tehran
Mandsaur	IN	Asia/Kolkata
Zheleznodorozhnyy	RU	Europe/Moscow
Chas	IN	Asia/Kolkata
Jahrom	IR	Asia/Tehran
Tours	FR	Europe/Paris
Pālanpur	IN	Asia/Kolkata
Bondoukou	CI	Africa/Abidjan
Chichicastenango	GT	America/Guatemala
Tarragona	ES	Europe/Madrid
Cachoeirinha	BR	America/Sao_Paulo
Tobruk	LY	Africa/Tripoli
Sinch’ŏn-ŭp	KP	Asia/Pyongyang
Abbotsford	CA	America/Vancouver
Circoiscrizione II	IT	Europe/Rome
Bolton	GB	Europe/London
Yushu	CN	Asia/Shanghai
Piteşti	RO	Europe/Bucharest
Fukayachō	JP	Asia/Tokyo
Potosí	BO	America/La_Paz
Usera	ES	Europe/Madrid
Limoges	FR	Europe/Paris
Cangaiba	BR	America/Sao_Paulo
Salto	BR	America/Sao_Paulo
Asaka	JP	Asia/Tokyo
Ghazni	AF	Asia/Kabul
Orange	US	America/Los_Angeles
Wola	PL	Europe/Warsaw
Sanhe	CN	Asia/Shanghai
Īlām	IR	Asia/Tehran
Shimotoda	JP	Asia/Tokyo
Comodoro Rivadavia	AR	America/Argentina/Catamarca
Kampung Sungai Ara	MY	Asia/Kuala_Lumpur
Fullerton	US	America/Los_Angeles
Killeen	US	America/Chicago
Norilsk	RU	Asia/Krasnoyarsk
Lleida	ES	Europe/Madrid
Coimbra	PT	Europe/Lisbon
Mtwara	TZ	Africa/Dar_es_Salaam
Manjhand	PK	Asia/Karachi
Beni	CD	Africa/Lubumbashi
Debre Mark’os	ET	Africa/Addis_Ababa
Norzagaray	PH	Asia/Manila
Qeładizê	IQ	Asia/Baghdad
Vila Curuca	BR	America/Sao_Paulo
Nigel	ZA	Africa/Johannesburg
Shengavit	AM	Asia/Yerevan
Catacamas	HN	America/Tegucigalpa
Buea	CM	Africa/Douala
Shuizhai	CN	Asia/Shanghai
Al’met’yevsk	RU	Europe/Moscow
Paris 12e Arrondissement	FR	Europe/Paris
McAllen	US	America/Chicago
Lakhīmpur	IN	Asia/Kolkata
Ishinomaki	JP	Asia/Tokyo
Mpumalanga	ZA	Africa/Johannesburg
Mian Channun	PK	Asia/Karachi
Ji Paraná	BR	America/Porto_Velho
Zaanstad	NL	Europe/Amsterdam
Kabin Buri	TH	Asia/Bangkok
Kuwana	JP	Asia/Tokyo
Ayacucho	PE	America/Lima
Torbat-e Ḩeydarīyeh	IR	Asia/Tehran
Shanhaiguan	CN	Asia/Shanghai
Chamartín	ES	Europe/Madrid
Şaḩam	OM	Asia/Muscat
Abéché	TD	Africa/Ndjamena
Peristéri	GR	Europe/Athens
Amersfoort	NL	Europe/Amsterdam
Darwin	AU	Australia/Darwin
Jeongeup	KR	Asia/Seoul
Bellevue	US	America/Los_Angeles
Korolev	RU	Europe/Moscow
Valsād	IN	Asia/Kolkata
Shinyanga	TZ	Africa/Dar_es_Salaam
Sollentuna	SE	Europe/Stockholm
Al Hindīyah	IQ	Asia/Baghdad
Yaizu	JP	Asia/Tokyo
Payakumbuh	ID	Asia/Jakarta
Damoh	IN	Asia/Kolkata
Āsela	ET	Africa/Addis_Ababa
Haldwani	IN	Asia/Kolkata
Irewe	NG	Africa/Lagos
Batang	ID	Asia/Jakarta
Gbongan	NG	Africa/Lagos
Gama	BR	America/Sao_Paulo
Siem Reap	KH	Asia/Phnom_Penh
Anaco	VE	America/Caracas
Purwodadi	ID	Asia/Jakarta
Koga	JP	Asia/Tokyo
Yuepu	CN	Asia/Shanghai
Hābra	IN	Asia/Kolkata
Sidoarjo	ID	Asia/Jakarta
Kyivskyi	UA	Europe/Kyiv
Şabāḩ as Sālim	KW	Asia/Kuwait
Balneário Camboriú	BR	America/Sao_Paulo
Plaza de la Revolución	CU	America/Havana
Lausanne	CH	Europe/Zurich
Choloma	HN	America/Tegucigalpa
Barcarena	BR	America/Belem
Kairouan	TN	Africa/Tunis
Stockport	GB	Europe/London
Budapest XI. kerület	HU	Europe/Budapest
Huadian	CN	Asia/Shanghai
Crato	BR	America/Fortaleza
Kousséri	CM	Africa/Douala
Weru	ID	Asia/Jakarta
Al-'Ubūr	EG	Africa/Cairo
Kolpino	RU	Europe/Moscow
Itapipoca	BR	America/Fortaleza
Conselheiro Lafaiete	BR	America/Sao_Paulo
Belgrano	AR	America/Argentina/Buenos_Aires
Sarh	TD	Africa/Ndjamena
Gingoog	PH	Asia/Manila
San Juan del Río	MX	America/Mexico_City
Sekondi-Takoradi	GH	Africa/Accra
Liuzhi	CN	Asia/Shanghai
Altamira	BR	America/Santarem
Naga	PH	Asia/Manila
Fuyu	CN	Asia/Shanghai
Wūdān	CN	Asia/Shanghai
Vespasiano	BR	America/Sao_Paulo
Whitby	CA	America/Toronto
Metairie	US	America/Chicago
Chaohu	CN	Asia/Shanghai
Kolār	IN	Asia/Kolkata
Bizerte	TN	Africa/Tunis
Táriba	VE	America/Caracas
Ejigbo	NG	Africa/Lagos
Santa Cruz do Sul	BR	America/Sao_Paulo
Ksar El Kebir	MA	Africa/Casablanca
Paris 11 Popincourt	FR	Europe/Paris
Dabou	CI	Africa/Abidjan
Bukit Panjang New Town	SG	Asia/Singapore
Sao Lucas	BR	America/Sao_Paulo
Paris 12 Reuilly	FR	Europe/Paris
Bertoua	CM	Africa/Douala
Jacmel	HT	America/Port-au-Prince
Srikakulam	IN	Asia/Kolkata
Candelaria	PH	Asia/Manila
Araruama	BR	America/Sao_Paulo
Vĩnh Long	VN	Asia/Ho_Chi_Minh
Praia	CV	Atlantic/Cape_Verde
Resende	BR	America/Sao_Paulo
Liangping	CN	Asia/Shanghai
Kirdāsah	EG	Africa/Cairo
Ponce	PR	America/Puerto_Rico
Doilungdêqên	CN	Asia/Shanghai
Jieshi	CN	Asia/Shanghai
Hejiang	CN	Asia/Shanghai
Pasir Puteh	MY	Asia/Kuala_Lumpur
Mandya	IN	Asia/Kolkata
Xiayang	CN	Asia/Shanghai
Nor Nork	AM	Asia/Yerevan
Bhisho	ZA	Africa/Johannesburg
Freguesia do Ó	BR	America/Sao_Paulo
Subang	ID	Asia/Jakarta
Madhurampur Dehri	IN	Asia/Kolkata
Negombo	LK	Asia/Colombo
Irákleion	GR	Europe/Athens
Hampton	US	America/New_York
Wuyishan	CN	Asia/Shanghai
Miramar	US	America/New_York
Jiashan	CN	Asia/Shanghai
Jiagedaqi	CN	Asia/Shanghai
Bilqās	EG	Africa/Cairo
Rangkasbitung	ID	Asia/Jakarta
Odintsovo	RU	Europe/Moscow
Foggia	IT	Europe/Rome
Antsiranana	MG	Indian/Antananarivo
Kānchrāpāra	IN	Asia/Kolkata
San Juan Sacatepéquez	GT	America/Guatemala
Minoh	JP	Asia/Tokyo
Funtua	NG	Africa/Lagos
St. Catharines	CA	America/Toronto
Dawei	MM	Asia/Yangon
Igboho	NG	Africa/Lagos
Gunungsitoli	ID	Asia/Jakarta
Apeldoorn	NL	Europe/Amsterdam
Cidade Lider	BR	America/Sao_Paulo
Marīvān	IR	Asia/Tehran
Phủ Lý	VN	Asia/Bangkok
Divo	CI	Africa/Abidjan
Huinong	CN	Asia/Shanghai
Ebina	JP	Asia/Tokyo
Larache	MA	Africa/Casablanca
Varginha	BR	America/Sao_Paulo
Paris 14 Observatoire	FR	Europe/Paris
Van Nuys	US	America/Los_Angeles
Būsh	EG	Africa/Cairo
Mlolongo	KE	Africa/Nairobi
Guarapari	BR	America/Sao_Paulo
Tương Mai	VN	Asia/Bangkok
San José del Cabo	MX	America/Mazatlan
West Valley City	US	America/Denver
Kisarazu	JP	Asia/Tokyo
Gejiu	CN	Asia/Shanghai
Bacău	RO	Europe/Bucharest
Saaba	BF	Africa/Ouagadougou
Mingaladon	MM	Asia/Yangon
Dimāpur	IN	Asia/Kolkata
Sasolburg	ZA	Africa/Johannesburg
Cheras	MY	Asia/Kuala_Lumpur
Tasek Glugor	MY	Asia/Kuala_Lumpur
Osorno	CL	America/Santiago
Amsterdam-Oost	NL	Europe/Amsterdam
Araras	BR	America/Sao_Paulo
Tumxuk	CN	Asia/Urumqi
Kushtia	BD	Asia/Dhaka
Pitalito	CO	America/Bogota
Baliuag	PH	Asia/Manila
Hoàn Kiếm	VN	Asia/Bangkok
Kajansi	UG	Africa/Kampala
Isahaya	JP	Asia/Tokyo
Dayton	US	America/New_York
Cẩm Phả Mines	VN	Asia/Ho_Chi_Minh
Petapa	GT	America/Guatemala
Māler Kotla	IN	Asia/Kolkata
Buguma	NG	Africa/Lagos
Itaituba	BR	America/Santarem
Ahuntsic-Cartierville	CA	America/Toronto
Shiqiao	CN	Asia/Shanghai
Pyay	MM	Asia/Yangon
Rabak	SD	Africa/Khartoum
Tây Ninh	VN	Asia/Ho_Chi_Minh
Le Vieux-Longueuil	CA	America/Toronto
Tyre	LB	Asia/Beirut
Kutaisi	GE	Asia/Tbilisi
Andīmeshk	IR	Asia/Tehran
Siwān	IN	Asia/Kolkata
Madrid	CO	America/Bogota
Angono	PH	Asia/Manila
Cartago	CO	America/Bogota
Shahreẕā	IR	Asia/Tehran
Hinthada	MM	Asia/Yangon
Apucarana	BR	America/Sao_Paulo
Cap-Haïtien	HT	America/Port-au-Prince
Baturaja	ID	Asia/Jakarta
Inazawa	JP	Asia/Tokyo
Rodriguez	PH	Asia/Manila
Kalol	IN	Asia/Kolkata
Mīāndoāb	IR	Asia/Tehran
São Mateus	BR	America/Sao_Paulo
Laghouat	DZ	Africa/Algiers
Nevinnomyssk	RU	Europe/Moscow
San Mateo	PH	Asia/Manila
Ţahţā	EG	Africa/Cairo
San Juan	PH	Asia/Manila
Sibiu	RO	Europe/Bucharest
Olathe	US	America/Chicago
El Geneina Fort	SD	Africa/Khartoum
Ikirun	NG	Africa/Lagos
Shenglilu	CN	Asia/Shanghai
San Nicolás de los Arroyos	AR	America/Argentina/Buenos_Aires
Léogâne	HT	America/Port-au-Prince
Vila Jacui	BR	America/Sao_Paulo
Adiwerna	ID	Asia/Jakarta
Cametá	BR	America/Belem
Al Qurnah	IQ	Asia/Baghdad
Abakaliki	NG	Africa/Lagos
Vitória de Santo Antão	BR	America/Recife
Marianao	CU	America/Havana
Warren	US	America/Detroit
Cizre	TR	Europe/Istanbul
Circoiscrizione VIII	IT	Europe/Rome
Bānkura	IN	Asia/Kolkata
İnegol	TR	Europe/Istanbul
Ebetsu	JP	Asia/Tokyo
Anyama	CI	Africa/Abidjan
Jiawang	CN	Asia/Shanghai
Singaraja	ID	Asia/Makassar
Pātan	IN	Asia/Kolkata
Würzburg	DE	Europe/Berlin
Barysaw	BY	Europe/Minsk
Đồng Hới	VN	Asia/Bangkok
Randfontein	ZA	Africa/Johannesburg
Pervouralsk	RU	Asia/Yekaterinburg
Gondā City	IN	Asia/Kolkata
Madīnat Ḩamad	BH	Asia/Bahrain
Ōme	JP	Asia/Tokyo
Sinnūris	EG	Africa/Cairo
Votorantim	BR	America/Sao_Paulo
Milagro	EC	America/Guayaquil
Jaú	BR	America/Sao_Paulo
Thandwe	MM	Asia/Yangon
Thornton	US	America/Denver
Valdivia	CL	America/Santiago
Olmaliq	UZ	Asia/Tashkent
Okrika	NG	Africa/Lagos
High Wycombe	GB	Europe/London
Carrollton	US	America/Chicago
Talisay	PH	Asia/Manila
Gao	ML	Africa/Bamako
Dhaulpur	IN	Asia/Kolkata
Tarime	TZ	Africa/Dar_es_Salaam
Kentron	AM	Asia/Yerevan
Milton	CA	America/Toronto
M'Sila	DZ	Africa/Algiers
Narita	JP	Asia/Tokyo
Franceville	GA	Africa/Libreville
Puqi	CN	Asia/Shanghai
Tondabayashichō	JP	Asia/Tokyo
Sandachō	JP	Asia/Tokyo
Gondiā	IN	Asia/Kolkata
Dunedin	NZ	Pacific/Auckland
Kislovodsk	RU	Europe/Moscow
Kyauktan	MM	Asia/Yangon
Schaerbeek	BE	Europe/Brussels
Hoofddorp	NL	Europe/Amsterdam
Machiques	VE	America/Caracas
Palakkad	IN	Asia/Kolkata
Silifke	TR	Europe/Istanbul
Charleston	US	America/New_York
Langley	CA	America/Vancouver
Midland	US	America/Chicago
Fujinomiya	JP	Asia/Tokyo
Mingala Tangnyunt	MM	Asia/Yangon
Innsbruck	AT	Europe/Vienna
Bragança	BR	America/Belem
Kingston	CA	America/Toronto
Wugang	CN	Asia/Shanghai
Gloucester	GB	Europe/London
Waco	US	America/Chicago
Cerro	CU	America/Havana
Zama	JP	Asia/Tokyo
Manokwari	ID	Asia/Jayapura
Valinhos	BR	America/Sao_Paulo
Dimitrovgrad	RU	Europe/Ulyanovsk
Zhalantun	CN	Asia/Shanghai
Bettiah	IN	Asia/Kolkata
Maijdi	BD	Asia/Dhaka
São Félix do Xingu	BR	America/Belem
San Pedro Garza García	MX	America/Monterrey
Sapucaia do Sul	BR	America/Sao_Paulo
Kombolcha	ET	Africa/Addis_Ababa
Muricay	PH	Asia/Manila
Sterling Heights	US	America/Detroit
Surat Thani	TH	Asia/Bangkok
Fürth	DE	Europe/Berlin
Ferrara	IT	Europe/Rome
Quận Đức Thịnh	VN	Asia/Ho_Chi_Minh
Isidro Casanova	AR	America/Argentina/Buenos_Aires
Ōmuta	JP	Asia/Tokyo
Villa Mercedes	CL	America/Santiago
Fuji	CN	Asia/Shanghai
Palwal	IN	Asia/Kolkata
Bielany	PL	Europe/Warsaw
Dawukou	CN	Asia/Shanghai
Bulaon	PH	Asia/Manila
Garut	ID	Asia/Jakarta
Ajdabiya	LY	Africa/Tripoli
Abiko	JP	Asia/Tokyo
Kadoma	JP	Asia/Tokyo
Majie	CN	Asia/Shanghai
Bhakkar	PK	Asia/Karachi
Rio Pequeno	BR	America/Sao_Paulo
Kāshmar	IR	Asia/Tehran
Jijel	DZ	Africa/Algiers
Martapura	ID	Asia/Makassar
Villeurbanne	FR	Europe/Paris
Hải Châu	VN	Asia/Ho_Chi_Minh
Limbe	CM	Africa/Douala
Rānīganj	IN	Asia/Kolkata
Hepo	CN	Asia/Shanghai
Iranshahr	IR	Asia/Tehran
Soubré	CI	Africa/Abidjan
Onomichi	JP	Asia/Tokyo
Denton	US	America/Chicago
Etah	IN	Asia/Kolkata
Pīlibhīt	IN	Asia/Kolkata
Shangzhi	CN	Asia/Shanghai
Lashio	MM	Asia/Yangon
Rayon KhTZ	UA	Europe/Kyiv
Novomoskovsk	RU	Europe/Moscow
Matsubara	JP	Asia/Tokyo
Abengourou	CI	Africa/Abidjan
Al Bāb	SY	Asia/Damascus
Shuangcheng	CN	Asia/Shanghai
Exeter	GB	Europe/London
Circoiscrizione III	IT	Europe/Rome
Ho	GH	Africa/Accra
Narowal	PK	Asia/Karachi
Lào Cai	VN	Asia/Bangkok
Al Ajaylat	LY	Africa/Tripoli
Udon Thani	TH	Asia/Bangkok
Baḥarkah	IQ	Asia/Baghdad
Bayan Lepas	MY	Asia/Kuala_Lumpur
Petrogradka	RU	Europe/Moscow
Rajapalayam	IN	Asia/Kolkata
Zipaquirá	CO	America/Bogota
Jīroft	IR	Asia/Tehran
Cedar Rapids	US	America/Chicago
Dongyang	CN	Asia/Shanghai
Nantou	CN	Asia/Shanghai
Botad	IN	Asia/Kolkata
Nablus	PS	Asia/Hebron
New Haven	US	America/New_York
Arcahaie	HT	America/Port-au-Prince
Jiazi	CN	Asia/Shanghai
Foumban	CM	Africa/Douala
Roseville	US	America/Los_Angeles
Quilpué	CL	America/Santiago
Rawson	AR	America/Argentina/San_Juan
Sīdī Ḥusayn	TN	Africa/Tunis
Kati	ML	Africa/Bamako
Seri Kembangan	MY	Asia/Kuala_Lumpur
Kembangan	SG	Asia/Singapore
Colchester	GB	Europe/London
Umeå	SE	Europe/Stockholm
Din Daeng	TH	Asia/Bangkok
Chaman	PK	Asia/Karachi
Sennar	SD	Africa/Khartoum
Masaya	NI	America/Managua
Visalia	US	America/Los_Angeles
Nankana Sahib	PK	Asia/Karachi
Caála	AO	Africa/Luanda
Sonārgaon	BD	Asia/Dhaka
Dongxing	CN	Asia/Shanghai
Tottenham	GB	Europe/London
Zugló	HU	Europe/Budapest
Aley	LB	Asia/Beirut
San Martin	PE	America/Lima
Tychy	PL	Europe/Warsaw
Ramenki	RU	Europe/Moscow
Cambridge	CA	America/Toronto
Mardin	TR	Europe/Istanbul
Pingxiang	CN	Asia/Shanghai
Zwolle	NL	Europe/Amsterdam
Baidoa	SO	Africa/Mogadishu
Sầm Sơn	VN	Asia/Ho_Chi_Minh
Santo António	CN	Asia/Macau
Salford	GB	Europe/London
Mandi Bahauddin	PK	Asia/Karachi
Tokat	TR	Europe/Istanbul
Erebuni	AM	Asia/Yerevan
Ô Môn	VN	Asia/Ho_Chi_Minh
Gapan	PH	Asia/Manila
Deoria	IN	Asia/Kolkata
Bayambang	PH	Asia/Manila
Mianwali	PK	Asia/Karachi
Coral Springs	US	America/New_York
Sherbrooke	CA	America/Toronto
Al Bayḑā’	LY	Africa/Tripoli
Jardim Helena	BR	America/Sao_Paulo
Sabará	BR	America/Sao_Paulo
Acilia-Castel Fusano-Ostia Antica	IT	Europe/Rome
Charlottenburg	DE	Europe/Berlin
Thousand Oaks	US	America/Los_Angeles
Columbia	US	America/Chicago
Colatina	BR	America/Sao_Paulo
Győr	HU	Europe/Budapest
Copiapó	CL	America/Santiago
Kokubunji	JP	Asia/Tokyo
Quibdó	CO	America/Bogota
Guelmim	MA	Africa/Casablanca
Charallave	VE	America/Caracas
Shahr-e Kord	IR	Asia/Tehran
Malambo	CO	America/Bogota
Tatuí	BR	America/Sao_Paulo
Iwakuni	JP	Asia/Tokyo
Leiyang	CN	Asia/Shanghai
Białołeka	PL	Europe/Warsaw
Cadiz	PH	Asia/Manila
Carnot	CF	Africa/Bangui
Bat Yam	IL	Asia/Jerusalem
Zacatecas	MX	America/Mexico_City
Elizabeth	US	America/New_York
Zyablikovo	RU	Europe/Moscow
Daur	PK	Asia/Karachi
Bingöl	TR	Europe/Istanbul
Copacabana	BR	America/Sao_Paulo
Sātkhira	BD	Asia/Dhaka
Parung	ID	Asia/Jakarta
Palo Negro	VE	America/Caracas
Stamford	US	America/New_York
Idlib	SY	Asia/Damascus
Moanda	CD	Africa/Kinshasa
Sīnah	IQ	Asia/Baghdad
Ōsaki	JP	Asia/Tokyo
Magelang	ID	Asia/Jakarta
Concord	US	America/Los_Angeles
Leiria	PT	Europe/Lisbon
Puno	PE	America/Lima
Kamyshin	RU	Europe/Volgograd
Shuanglonghu	CN	Asia/Shanghai
Nimach	IN	Asia/Kolkata
Kafr ad Dawwār	EG	Africa/Cairo
Águas Claras	BR	America/Sao_Paulo
Bosque Saúde	BR	America/Sao_Paulo
Novocheboksarsk	RU	Europe/Moscow
Besançon	FR	Europe/Paris
Lugazi	UG	Africa/Kampala
Thành phố Sông Công	VN	Asia/Ho_Chi_Minh
Rosario	PH	Asia/Manila
Khardah	IN	Asia/Kolkata
Sakakah	SA	Asia/Riyadh
Khenifra	MA	Africa/Casablanca
Al Manāqil	SD	Africa/Khartoum
Rustavi	GE	Asia/Tbilisi
Jose Bonifacio	BR	America/Sao_Paulo
Manzanillo	CU	America/Havana
Yavatmāl	IN	Asia/Kolkata
Hālīsahar	IN	Asia/Kolkata
Serpukhov	RU	Europe/Moscow
Rionegro	CO	America/Bogota
Shache	CN	Asia/Urumqi
Siheungdong	KR	Asia/Seoul
Khanna	IN	Asia/Kolkata
Koidu	SL	Africa/Freetown
Norman	US	America/Chicago
Mosquera	CO	America/Bogota
Orekhovo-Borisovo Severnoye	RU	Europe/Moscow
Ivanovskoye	RU	Europe/Moscow
Bento Gonçalves	BR	America/Sao_Paulo
Buôn Hồ	VN	Asia/Ho_Chi_Minh
Chũ	VN	Asia/Bangkok
Västerås	SE	Europe/Stockholm
Seto	JP	Asia/Tokyo
Alhambra	US	America/Phoenix
Titāgarh	IN	Asia/Kolkata
Newcastle under Lyme	GB	Europe/London
Opole	PL	Europe/Warsaw
Worcester	ZA	Africa/Johannesburg
Elbląg	PL	Europe/Warsaw
Gaojing	CN	Asia/Shanghai
Sirajganj	BD	Asia/Dhaka
Jequié	BR	America/Bahia
Płock	PL	Europe/Warsaw
Siguatepeque	HN	America/Tegucigalpa
Wałbrzych	PL	Europe/Warsaw
Yevlakh	AZ	Asia/Baku
Mykilska Borshchahivka	UA	Europe/Kyiv
Al Manzalah	EG	Africa/Cairo
Wau	SS	Africa/Juba
Songnan	CN	Asia/Shanghai
Södermalm	SE	Europe/Stockholm
Athens	US	America/New_York
Amaigbo	NG	Africa/Lagos
Vila Mariana	BR	America/Sao_Paulo
Chiang Mai	TH	Asia/Bangkok
Lafia	NG	Africa/Lagos
Jiangyou	CN	Asia/Shanghai
Cikampek	ID	Asia/Jakarta
Mustafābād	IN	Asia/Kolkata
Tengyue	CN	Asia/Shanghai
Shajing	CN	Asia/Shanghai
Jinfeng	CN	Asia/Shanghai
Sancti Spíritus	CU	America/Havana
Mataró	ES	Europe/Madrid
Barretos	BR	America/Sao_Paulo
Kent	US	America/Los_Angeles
Pakokku	MM	Asia/Yangon
Murom	RU	Europe/Moscow
Daska Kalan	PK	Asia/Karachi
Sertãozinho	BR	America/Sao_Paulo
Hāthras	IN	Asia/Kolkata
Pulong Santa Cruz	PH	Asia/Manila
Klaten	ID	Asia/Jakarta
Khasavyurt	RU	Europe/Moscow
Neftekamsk	RU	Asia/Yekaterinburg
Villaverde	ES	Europe/Madrid
Simi Valley	US	America/Los_Angeles
Bayawan	PH	Asia/Manila
Shakargarh	PK	Asia/Karachi
Jorhat	IN	Asia/Kolkata
Santa Cruz	PH	Asia/Manila
La Victoria	VE	America/Caracas
Pakpattan	PK	Asia/Karachi
Jingzhi	CN	Asia/Shanghai
Danshui	CN	Asia/Shanghai
Circoiscrizione V	IT	Europe/Rome
Solihull	GB	Europe/London
East Los Angeles	US	America/Los_Angeles
Lalitpur	IN	Asia/Kolkata
Jombang	ID	Asia/Jakarta
Maxixe	MZ	Africa/Maputo
Nakhon Ratchasima	TH	Asia/Bangkok
Chinandega	NI	America/Managua
Al Jadīd	LY	Africa/Tripoli
Lambaré	PY	America/Asuncion
Iizuka	JP	Asia/Tokyo
Hua Hin	TH	Asia/Bangkok
San Carlos del Zulia	VE	America/Caracas
Vilkhivskyi	UA	Europe/Kyiv
Rafaḩ	PS	Asia/Gaza
Ampang	MY	Asia/Kuala_Lumpur
Guntakal	IN	Asia/Kolkata
Ālā'ĕr	CN	Asia/Urumqi
Santa Clara	US	America/Los_Angeles
Pithampur	IN	Asia/Kolkata
Paseh	ID	Asia/Jakarta
Mothīhāri	IN	Asia/Kolkata
Koganei	JP	Asia/Tokyo
Retiro	ES	Europe/Madrid
Nossa Senhora de Fátima	CN	Asia/Macau
Sunset Park	US	America/New_York
Topeka	US	America/Chicago
Orléans	CA	America/Toronto
Paek'ak	KP	Asia/Pyongyang
Huicheng	CN	Asia/Shanghai
Puerto Ayacucho	VE	America/Caracas
Gashua	NG	Africa/Lagos
Les Cayes	HT	America/Port-au-Prince
Salerno	IT	Europe/Rome
Savannakhet	LA	Asia/Vientiane
Munūf	EG	Africa/Cairo
Watford	GB	Europe/London
Guará	BR	America/Sao_Paulo
Giresun	TR	Europe/Istanbul
Xiazhen	CN	Asia/Shanghai
Chaeryŏng-ni	KP	Asia/Pyongyang
Kastamonu	TR	Europe/Istanbul
Kanhangad	IN	Asia/Kolkata
‘Ajlūn	JO	Asia/Amman
Derince	TR	Europe/Istanbul
Sukawati	ID	Asia/Makassar
Jagdalpur	IN	Asia/Kolkata
Kuopio	FI	Europe/Helsinki
Bang Sue	TH	Asia/Bangkok
Mailsi	PK	Asia/Karachi
Los Ángeles	CL	America/Santiago
Haimen	CN	Asia/Shanghai
Karabük	TR	Europe/Istanbul
Ntuzuma	ZA	Africa/Johannesburg
Tsuruoka	JP	Asia/Tokyo
Saint Peters	GB	Europe/London
Barbacena	BR	America/Sao_Paulo
Uruma	JP	Asia/Tokyo
Debre Tabor	ET	Africa/Addis_Ababa
Sakiet ed Daier	TN	Africa/Tunis
Nzega	TZ	Africa/Dar_es_Salaam
Abilene	US	America/Chicago
Ban Samae Dam	TH	Asia/Bangkok
Shahecheng	CN	Asia/Shanghai
Kumbo	CM	Africa/Douala
Ottawa South	CA	America/Toronto
Willemstad	CW	America/Curacao
Bălţi	MD	Europe/Chisinau
Dokri	PK	Asia/Karachi
Tyoply Stan	RU	Europe/Moscow
Az Zulfī	SA	Asia/Riyadh
Sultan Kudarat	PH	Asia/Manila
Bet Shemesh	IL	Asia/Jerusalem
Jagādhri	IN	Asia/Kolkata
Huixquilucan	MX	America/Mexico_City
Arapongas	BR	America/Sao_Paulo
Semnan	IR	Asia/Tehran
León	ES	Europe/Madrid
San Francisco de Macorís	DO	America/Santo_Domingo
Yushu	CN	Asia/Shanghai
Yuanlin	TW	Asia/Taipei
Santa Tecla	SV	America/El_Salvador
Sorriso	BR	America/Cuiaba
Ciudad Valles	MX	America/Mexico_City
Ouahigouya	BF	Africa/Ouagadougou
Poblacion	PH	Asia/Manila
Kashihara-shi	JP	Asia/Tokyo
Ashmūn	EG	Africa/Cairo
Ağrı	TR	Europe/Istanbul
Leeuwarden	NL	Europe/Amsterdam
Bến Tre	VN	Asia/Ho_Chi_Minh
Monza	IT	Europe/Rome
New Mirpur City	PK	Asia/Karachi
Chía	CO	America/Bogota
Olanchito	HN	America/Tegucigalpa
Koreatown	US	America/Los_Angeles
Targówek	PL	Europe/Warsaw
Lecheng	CN	Asia/Shanghai
Nancun	CN	Asia/Shanghai
Marand	IR	Asia/Tehran
As Sinbillāwayn	EG	Africa/Cairo
Crawley	GB	Europe/London
Rudnyy	KZ	Asia/Qostanay
Magangué	CO	America/Bogota
Itaguaí	BR	America/Sao_Paulo
Bemowo	PL	Europe/Warsaw
Metz	FR	Europe/Paris
Jiupu	CN	Asia/Shanghai
Dārjiling	IN	Asia/Kolkata
Baoshan	CN	Asia/Shanghai
Salvaleón de Higüey	DO	America/Santo_Domingo
Butanta	BR	America/Sao_Paulo
Thaton	MM	Asia/Yangon
Budapest III. kerület	HU	Europe/Budapest
Kurichchi	IN	Asia/Kolkata
Lumajang	ID	Asia/Jakarta
Ise	JP	Asia/Tokyo
Hagonoy	PH	Asia/Manila
Samandağ	TR	Europe/Istanbul
Caraguatatuba	BR	America/Sao_Paulo
Birigui	BR	America/Sao_Paulo
Pinsk	BY	Europe/Minsk
Telde	ES	Atlantic/Canary
Indramayu	ID	Asia/Jakarta
Relizane	DZ	Africa/Algiers
Bordj el Kiffan	DZ	Africa/Algiers
Manas	KG	Asia/Bishkek
Kirishima	JP	Asia/Tokyo
Orizaba	MX	America/Mexico_City
Luoyang	CN	Asia/Shanghai
Toba Tek Singh	PK	Asia/Karachi
Honmachi	JP	Asia/Tokyo
Wolfsburg	DE	Europe/Berlin
Umuarama	BR	America/Sao_Paulo
Niihama	JP	Asia/Tokyo
Jiaohe	CN	Asia/Shanghai
Igarassu	BR	America/Recife
Tsaritsyno	RU	Europe/Moscow
Dos Hermanas	ES	Europe/Madrid
Ajapnyak	AM	Asia/Yerevan
Tabuk	PH	Asia/Manila
Dam Dam	IN	Asia/Kolkata
Hoima	UG	Africa/Kampala
Wuda	CN	Asia/Shanghai
Az Zubayr	IQ	Asia/Baghdad
Schöneberg	DE	Europe/Berlin
Beppu	JP	Asia/Tokyo
Hardoī	IN	Asia/Kolkata
Behbahān	IR	Asia/Tehran
Itatiba	BR	America/Sao_Paulo
Huangzhou	CN	Asia/Shanghai
Sheepshead Bay	US	America/New_York
Puruliya	IN	Asia/Kolkata
Ubon Ratchathani	TH	Asia/Bangkok
Virginia	ZA	Africa/Johannesburg
Brits	ZA	Africa/Johannesburg
Recklinghausen	DE	Europe/Berlin
Zhoucun	CN	Asia/Shanghai
Cherkessk	RU	Europe/Moscow
Haveli Lakha	PK	Asia/Karachi
Maastricht	NL	Europe/Amsterdam
Amherst	US	America/New_York
Tekirdağ	TR	Europe/Istanbul
Shahr-e Ṣadrā	IR	Asia/Tehran
Victorville	US	America/Los_Angeles
Burton upon Trent	GB	Europe/London
Calumpit	PH	Asia/Manila
Lat Phrao	TH	Asia/Bangkok
Livoberezhnyi	UA	Europe/Kyiv
Göttingen	DE	Europe/Berlin
Titiwangsa	MY	Asia/Kuala_Lumpur
Phasi Charoen	TH	Asia/Bangkok
Veshnyaki	RU	Europe/Moscow
Presnenskiy	RU	Europe/Moscow
Zābol	IR	Asia/Tehran
Kaya	BF	Africa/Ouagadougou
Xiangcheng	CN	Asia/Shanghai
Dharmavaram	IN	Asia/Kolkata
Gokalpur	IN	Asia/Kolkata
Ādīgrat	ET	Africa/Addis_Ababa
Kotamobagu	ID	Asia/Makassar
Carora	VE	America/Caracas
Vallejo	US	America/Los_Angeles
Bhadreswar	IN	Asia/Kolkata
Dorūd	IR	Asia/Tehran
Bern	CH	Europe/Zurich
San Pedro de la Paz	CL	America/Santiago
Nagaon	IN	Asia/Kolkata
Lahti	FI	Europe/Helsinki
Vejalpur	IN	Asia/Kolkata
Longshui	CN	Asia/Shanghai
Siracusa	IT	Europe/Rome
Mubende	UG	Africa/Kampala
Stara Zagora	BG	Europe/Sofia
Ondjiva	AO	Africa/Luanda
Alberton	ZA	Africa/Johannesburg
Gràcia	ES	Europe/Madrid
Chikmagalūr	IN	Asia/Kolkata
Ekibastuz	KZ	Asia/Almaty
Algeciras	ES	Europe/Madrid
Lafayette	US	America/Chicago
Lianhe	CN	Asia/Shanghai
Chico	US	America/Los_Angeles
Bhadrak	IN	Asia/Kolkata
Bagé	BR	America/Sao_Paulo
North Stamford	US	America/New_York
Bergamo	IT	Europe/Rome
Ruse	BG	Europe/Sofia
Sawai Madhopur	IN	Asia/Kolkata
Chơn Thành	VN	Asia/Ho_Chi_Minh
Ambikāpur	IN	Asia/Kolkata
Eunápolis	BR	America/Bahia
Apalit	PH	Asia/Manila
Hartford	US	America/New_York
Bukittinggi	ID	Asia/Jakarta
Dolisie	CG	Africa/Brazzaville
Zyuzino	RU	Europe/Moscow
Ejido	VE	America/Caracas
Berkeley	US	America/Los_Angeles
Nova Lima	BR	America/Sao_Paulo
Plaridel	PH	Asia/Manila
West Palm Beach	US	America/New_York
Kashiwara	JP	Asia/Tokyo
Uruguaiana	BR	America/Sao_Paulo
Ikoma	JP	Asia/Tokyo
Heilbronn	DE	Europe/Berlin
El Mourouj	TN	Africa/Tunis
Ţūz Khūrmātū	IQ	Asia/Baghdad
Trento	IT	Europe/Rome
Shahdad Kot	PK	Asia/Karachi
Catchiungo	AO	Africa/Luanda
Ingolstadt	DE	Europe/Berlin
Toa Payoh New Town	SG	Asia/Singapore
Lichuan	CN	Asia/Shanghai
Bukit Bintang	MY	Asia/Kuala_Lumpur
La Concepción	VE	America/Caracas
Ulm	DE	Europe/Berlin
Mandoli	IN	Asia/Kolkata
San Carlos	VE	America/Caracas
Włocławek	PL	Europe/Warsaw
Allentown	US	America/New_York
Satara	IN	Asia/Kolkata
Bao'an Centre	CN	Asia/Shanghai
Charsadda	PK	Asia/Karachi
Fernando de la Mora	PY	America/Asuncion
Chūru	IN	Asia/Kolkata
Perugia	IT	Europe/Rome
Gangāpur	IN	Asia/Kolkata
Zhujing	CN	Asia/Shanghai
Bồ Đề	VN	Asia/Bangkok
Guelma	DZ	Africa/Algiers
International City	AE	Asia/Dubai
Dubai Marina	AE	Asia/Dubai
Zhaoyuan	CN	Asia/Shanghai
Nabatîyé et Tahta	LB	Asia/Beirut
Rustaq	OM	Asia/Muscat
Solntsevo	RU	Europe/Moscow
Orekhovo-Zuyevo	RU	Europe/Moscow
Gereida	SD	Africa/Khartoum
Cabudwaaq	SO	Africa/Addis_Ababa
Cheremushky	UA	Europe/Kyiv
Madhyapur Thimi	NP	Asia/Kathmandu
Saint-Louis-de-Terrebonne	CA	America/Toronto
Evansville	US	America/Chicago
Bonon	CI	Africa/Abidjan
Bottrop	DE	Europe/Berlin
Ghotki	PK	Asia/Karachi
Kwekwe	ZW	Africa/Harare
Malindi	KE	Africa/Nairobi
Ban I Chang	TH	Asia/Bangkok
Rize	TR	Europe/Istanbul
Almirante Tamandaré	BR	America/Sao_Paulo
Palm Bay	US	America/New_York
Ann	MM	Asia/Yangon
Leiden	NL	Europe/Amsterdam
Thon Buri	TH	Asia/Bangkok
Ajax	CA	America/Toronto
Bergedorf	DE	Europe/Berlin
Sambrial	PK	Asia/Karachi
Pescara	IT	Europe/Rome
Modakeke	NG	Africa/Lagos
Nobeoka	JP	Asia/Tokyo
Silang	PH	Asia/Manila
Amanfrom	GH	Africa/Accra
Marituba	BR	America/Belem
Paulo Afonso	BR	America/Bahia
Moḩammad Shahr	IR	Asia/Tehran
Īz̄eh	IR	Asia/Tehran
Nazilli	TR	Europe/Istanbul
Daitō	JP	Asia/Tokyo
Hòa Cường	VN	Asia/Ho_Chi_Minh
Lira	UG	Africa/Kampala
Pforzheim	DE	Europe/Berlin
Salihli	TR	Europe/Istanbul
Arabkir	AM	Asia/Yerevan
Port Dickson	MY	Asia/Kuala_Lumpur
Berkane	MA	Africa/Casablanca
Catanduva	BR	America/Sao_Paulo
Dordrecht	NL	Europe/Amsterdam
Battambang	KH	Asia/Phnom_Penh
Offenbach	DE	Europe/Berlin
Kitami	JP	Asia/Tokyo
Vĩnh Yên	VN	Asia/Bangkok
Madhavaram	IN	Asia/Kolkata
Cagua	VE	America/Caracas
Fujairah	AE	Asia/Dubai
Mandimba	MZ	Africa/Maputo
Reykjavík	IS	Atlantic/Reykjavik
Dohad	IN	Asia/Kolkata
Cheltenham	GB	Europe/London
Huaraz	PE	America/Lima
Santa Coloma de Gramenet	ES	Europe/Madrid
Santana	BR	America/Belem
Araxá	BR	America/Sao_Paulo
Piraquara	BR	America/Sao_Paulo
Barshi	IN	Asia/Kolkata
Bắc Quang	VN	Asia/Ho_Chi_Minh
Xunchang	CN	Asia/Shanghai
Hưng Yên	VN	Asia/Bangkok
Miramar	MX	America/Monterrey
Bremerhaven	DE	Europe/Berlin
Queenstown	ZA	Africa/Johannesburg
Nanbin	CN	Asia/Shanghai
Bandar-e Anzalī	IR	Asia/Tehran
Khlong Luang	TH	Asia/Bangkok
Ādilābād	IN	Asia/Kolkata
Fargo	US	America/Chicago
Brugge	BE	Europe/Brussels
Jhunjhunūn	IN	Asia/Kolkata
Iguala de la Independencia	MX	America/Mexico_City
Sarandi	BR	America/Sao_Paulo
Zomba	MW	Africa/Blantyre
Sepatan	ID	Asia/Jakarta
Malita	PH	Asia/Manila
Zielona Góra	PL	Europe/Warsaw
Luodian	CN	Asia/Shanghai
Jetpur	IN	Asia/Kolkata
Tsentralno-Miskyi	UA	Europe/Kyiv
Uppal Kalan	IN	Asia/Kolkata
São Lourenço da Mata	BR	America/Recife
Maghāghah	EG	Africa/Cairo
Pita Kotte	LK	Asia/Colombo
Guiguinto	PH	Asia/Manila
Gudivāda	IN	Asia/Kolkata
Setúbal	PT	Europe/Lisbon
Torrejón de Ardoz	ES	Europe/Madrid
Aizu-Wakamatsu	JP	Asia/Tokyo
Bama	NG	Africa/Lagos
Ilobu	NG	Africa/Lagos
Manolo Fortich	PH	Asia/Manila
Itabira	BR	America/Sao_Paulo
Kiến An	VN	Asia/Bangkok
Jandira	BR	America/Sao_Paulo
Guaratinguetá	BR	America/Sao_Paulo
San Rafael	AR	America/Argentina/Mendoza
Shaoshan	CN	Asia/Shanghai
Troparëvo	RU	Europe/Moscow
Bārān	IN	Asia/Kolkata
Narmadapuram	IN	Asia/Kolkata
Amreli	IN	Asia/Kolkata
Nakhon Pathom	TH	Asia/Bangkok
Manfalūţ	EG	Africa/Cairo
Kakegawa	JP	Asia/Tokyo
Handa	JP	Asia/Tokyo
Wushan	CN	Asia/Shanghai
Friedrichshain	DE	Europe/Berlin
Abomey	BJ	Africa/Porto-Novo
Sokodé	TG	Africa/Lome
Araguari	BR	America/Sao_Paulo
Tarnów	PL	Europe/Warsaw
Bangkok Noi	TH	Asia/Bangkok
Jalingo	NG	Africa/Lagos
Raposo Tavares	BR	America/Sao_Paulo
Saanich	CA	America/Vancouver
Ibanda	UG	Africa/Kampala
Bairro da Penha	BR	America/Sao_Paulo
Nyíregyháza	HU	Europe/Budapest
Sano	JP	Asia/Tokyo
Karatsu	JP	Asia/Tokyo
Achinsk	RU	Asia/Krasnoyarsk
Pudukkottai	IN	Asia/Kolkata
Shunyi	CN	Asia/Shanghai
Rotherham	GB	Europe/London
Ciudad de Villa de Álvarez	MX	America/Mexico_City
Rouiba	DZ	Africa/Algiers
Banyuwangi	ID	Asia/Jakarta
Tebingtinggi	ID	Asia/Jakarta
Tigwav	HT	America/Port-au-Prince
Narasaraopet	IN	Asia/Kolkata
Lisala	CD	Africa/Kinshasa
Badin	PK	Asia/Karachi
Banfora	BF	Africa/Ouagadougou
Punta Arenas	CL	America/Punta_Arenas
Kadoma	ZW	Africa/Harare
Midsayap	PH	Asia/Manila
Camboriú	BR	America/Sao_Paulo
Pyin Oo Lwin	MM	Asia/Yangon
Clearwater	US	America/New_York
Himamaylan	PH	Asia/Manila
Independence	US	America/Chicago
Heroica Guaymas	MX	America/Hermosillo
Kedungwuni	ID	Asia/Jakarta
Ilebo	CD	Africa/Lubumbashi
Kristiansand	NO	Europe/Oslo
Longjing	CN	Asia/Shanghai
Kroonstad	ZA	Africa/Johannesburg
Remscheid	DE	Europe/Berlin
Billings	US	America/Denver
Möng Yang	MM	Asia/Yangon
Čačak	RS	Europe/Belgrade
Ann Arbor	US	America/Detroit
Los Baños	PH	Asia/Manila
Duekoué	CI	Africa/Abidjan
Higashikurume	JP	Asia/Tokyo
Rishra	IN	Asia/Kolkata
Pinhais	BR	America/Sao_Paulo
Kyzyl	RU	Asia/Krasnoyarsk
Cadiz	ES	Europe/Madrid
Dąbrowa Górnicza	PL	Europe/Warsaw
Passos	BR	America/Sao_Paulo
Fāqūs	EG	Africa/Cairo
Tacurong	PH	Asia/Manila
Hōfu	JP	Asia/Tokyo
Gabela	AO	Africa/Luanda
Serangoon	SG	Asia/Singapore
Serangoon New Town	SG	Asia/Singapore
Funza	CO	America/Bogota
Merauke	ID	Asia/Jayapura
Baripāda	IN	Asia/Kolkata
Kōnosu	JP	Asia/Tokyo
Soreang	ID	Asia/Jakarta
Smolyanskyi	UA	Europe/Kyiv
Noord	NL	Europe/Amsterdam
Dinaig	PH	Asia/Manila
Manp’o	KP	Asia/Pyongyang
Muktsar	IN	Asia/Kolkata
El Monte	US	America/Los_Angeles
Tubarão	BR	America/Sao_Paulo
Forlì	IT	Europe/Rome
Azamgarh	IN	Asia/Kolkata
Santa Maria	BR	America/Sao_Paulo
Masaka	UG	Africa/Kampala
Cờ Đỏ	VN	Asia/Ho_Chi_Minh
Taldykorgan	KZ	Asia/Almaty
Moncloa-Aravaca	ES	Europe/Madrid
Gulin	CN	Asia/Shanghai
Al Majaz	AE	Asia/Dubai
Thung Khru	TH	Asia/Bangkok
Barnāla	IN	Asia/Kolkata
Yelahanka	IN	Asia/Kolkata
Pattaya	TH	Asia/Bangkok
Chittorgarh	IN	Asia/Kolkata
Chenggu	CN	Asia/Shanghai
Harlem	US	America/New_York
Orléans	FR	Europe/Paris
Rouen	FR	Europe/Paris
Tinsukia	IN	Asia/Kolkata
Westminster	US	America/Denver
Dasha	CN	Asia/Shanghai
Yakeshi	CN	Asia/Shanghai
Ipiranga	BR	America/Sao_Paulo
Makumbako	TZ	Africa/Dar_es_Salaam
Khargone	IN	Asia/Kolkata
Mariara	VE	America/Caracas
Digos	PH	Asia/Manila
Tshilenge	CD	Africa/Lubumbashi
Aïn Beïda	DZ	Africa/Algiers
Shahre Jadide Andisheh	IR	Asia/Tehran
Andīsheh	IR	Asia/Tehran
Breves	BR	America/Belem
Alcobendas	ES	Europe/Madrid
Kissidougou	GN	Africa/Conakry
San Tung Chung Hang	HK	Asia/Hong_Kong
Taganskiy	RU	Europe/Moscow
Round Rock	US	America/Chicago
Noginsk	RU	Europe/Moscow
Tinaquillo	VE	America/Caracas
Wilmington	US	America/New_York
Cavite City	PH	Asia/Manila
Campo Grande	BR	America/Sao_Paulo
East Harlem	US	America/New_York
Formosa	BR	America/Sao_Paulo
Tandil	AR	America/Argentina/Buenos_Aires
Zoetermeer	NL	Europe/Amsterdam
São Gonçalo do Amarante	BR	America/Fortaleza
Sri Jayewardenepura Kotte	LK	Asia/Colombo
Nasushiobara	JP	Asia/Tokyo
Várzea Paulista	BR	America/Sao_Paulo
Baisha	CN	Asia/Shanghai
Banī Mazār	EG	Africa/Cairo
Taunsa	PK	Asia/Karachi
Urasoe	JP	Asia/Tokyo
Santana	BR	America/Sao_Paulo
Yelets	RU	Europe/Moscow
Suan Luang	TH	Asia/Bangkok
Parla	ES	Europe/Madrid
Mỹ Hào	VN	Asia/Bangkok
Anliu	CN	Asia/Shanghai
Ribeirão Pires	BR	America/Sao_Paulo
Recanto das Emas	BR	America/Sao_Paulo
Chunga	ZM	Africa/Lusaka
Bīshah	SA	Asia/Riyadh
Novo-Peredelkino	RU	Europe/Moscow
Baidyabāti	IN	Asia/Kolkata
Okigwe	NG	Africa/Lagos
Ar Rifā‘	BH	Asia/Bahrain
Uzhhorod	UA	Europe/Kyiv
Kasese	UG	Africa/Kampala
Tianfu	CN	Asia/Shanghai
Arvada	US	America/Denver
Otaru	JP	Asia/Tokyo
Tayabas	PH	Asia/Manila
Inkisi	CD	Africa/Kinshasa
Iriga City	PH	Asia/Manila
Thornhill	CA	America/Toronto
Vacoas	MU	Indian/Mauritius
Beaumont	US	America/Chicago
Vlorë	AL	Europe/Tirane
Sanxia	TW	Asia/Taipei
Provo	US	America/Denver
Tucuruí	BR	America/Belem
Bastī	IN	Asia/Kolkata
Peoria	US	America/Chicago
Ezeiza	AR	America/Argentina/Buenos_Aires
Lasnamäe	EE	Europe/Tallinn
Xiva	UZ	Asia/Samarkand
Amasya	TR	Europe/Istanbul
Mendoza	AR	America/Argentina/Mendoza
Balkh	AF	Asia/Kabul
Cubatão	BR	America/Sao_Paulo
Mingshui	CN	Asia/Shanghai
Vila Medeiros	BR	America/Sao_Paulo
Phong Điền	VN	Asia/Bangkok
Nova Serrana	BR	America/Sao_Paulo
Wang Thonglang	TH	Asia/Bangkok
Carlsbad	US	America/Los_Angeles
Mandera	KE	Africa/Nairobi
Qiaotou	CN	Asia/Shanghai
Gyumri	AM	Asia/Yerevan
Silopi	TR	Europe/Istanbul
Gangavati	IN	Asia/Kolkata
Ambur	IN	Asia/Kolkata
Tangará da Serra	BR	America/Cuiaba
Gorzów Wielkopolski	PL	Europe/Warsaw
Simões Filho	BR	America/Bahia
Giridih	IN	Asia/Kolkata
Phool Nagar	PK	Asia/Karachi
Quezon	PH	Asia/Manila
Aryanah	TN	Africa/Tunis
Tungipara	BD	Asia/Dhaka
Ichinoseki	JP	Asia/Tokyo
Khenchela	DZ	Africa/Algiers
Khon Kaen	TH	Asia/Bangkok
Odessa	US	America/Chicago
Catalão	BR	America/Sao_Paulo
Tando Muhammad Khan	PK	Asia/Karachi
Springfield	US	America/Chicago
Somaroboro	ZA	Africa/Johannesburg
Guadalajara de Buga	CO	America/Bogota
Pamanukan	ID	Asia/Jakarta
Codó	BR	America/Fortaleza
Pardīs	IR	Asia/Tehran
Pleiku	VN	Asia/Ho_Chi_Minh
Downey	US	America/Los_Angeles
Lower Hutt	NZ	Pacific/Auckland
Yuyao	CN	Asia/Shanghai
Rānyah	IQ	Asia/Baghdad
Hatsukaichi	JP	Asia/Tokyo
Tung Chung	HK	Asia/Hong_Kong
Salto	UY	America/Montevideo
Siirt	TR	Europe/Istanbul
Korolyov	UA	Europe/Kyiv
Zhaozhou	CN	Asia/Shanghai
Villa Lugano	AR	America/Argentina/Buenos_Aires
Ochakovo-Matveyevskoye	RU	Europe/Moscow
Punta Cardón	VE	America/Caracas
Akishima	JP	Asia/Tokyo
Itacoatiara	BR	America/Manaus
Chililabombwe	ZM	Africa/Lusaka
Rivière-des-Prairies–Pointe-aux-Trembles	CA	America/Toronto
Worthing	GB	Europe/London
Navojoa	MX	America/Hermosillo
Offa	NG	Africa/Lagos
Tobolsk	RU	Asia/Yekaterinburg
Tōkai	JP	Asia/Tokyo
Wardha	IN	Asia/Kolkata
Wansheng	CN	Asia/Shanghai
Pattoki	PK	Asia/Karachi
Wayaobu	CN	Asia/Shanghai
Hikone	JP	Asia/Tokyo
Nagahama	JP	Asia/Tokyo
Pingshan	CN	Asia/Shanghai
Songyuan	CN	Asia/Shanghai
Maba	CN	Asia/Shanghai
Fujimino	JP	Asia/Tokyo
Doncaster	GB	Europe/London
Bình Thủy	VN	Asia/Ho_Chi_Minh
Dumaguete	PH	Asia/Manila
Budapest XIII. kerület	HU	Europe/Budapest
Nippes	DE	Europe/Berlin
Jaén	ES	Europe/Madrid
Chengqiao	CN	Asia/Shanghai
Chorzów	PL	Europe/Warsaw
Porz am Rhein	DE	Europe/Berlin
Louga	SN	Africa/Dakar
Elmhurst	US	America/New_York
Hoàng Mai	VN	Asia/Bangkok
Yaritagua	VE	America/Caracas
Shahdadpur	PK	Asia/Karachi
Itumbiara	BR	America/Sao_Paulo
Khwisero	KE	Africa/Nairobi
Costa Mesa	US	America/Los_Angeles
Jauharabad	PK	Asia/Karachi
Miami Gardens	US	America/New_York
Bagrām	AF	Asia/Kabul
Chesterfield	GB	Europe/London
North Peoria	US	America/Chicago
Shchyolkovo	RU	Europe/Moscow
Al Fashn	EG	Africa/Cairo
Fairfield	US	America/Los_Angeles
Guanabacoa	CU	America/Havana
Hammanskraal	ZA	Africa/Johannesburg
Ōshū	JP	Asia/Tokyo
Taourirt	MA	Africa/Casablanca
Ţalkhā	EG	Africa/Cairo
Neili	TW	Asia/Taipei
Vihari	PK	Asia/Karachi
Taonan	CN	Asia/Shanghai
Youkaichi	JP	Asia/Tokyo
Kazo	JP	Asia/Tokyo
Santa Lucía Cotzumalguapa	GT	America/Guatemala
Jönköping	SE	Europe/Stockholm
City of Port Phillip	AU	Australia/Melbourne
Tadepalligudem	IN	Asia/Kolkata
Haikou	CN	Asia/Shanghai
Lansing	US	America/Detroit
Chanduasi	IN	Asia/Kolkata
Bagaha	IN	Asia/Kolkata
Nefteyugansk	RU	Asia/Yekaterinburg
Reutlingen	DE	Europe/Berlin
Bushwick	US	America/New_York
Upata	VE	America/Caracas
Shaowu	CN	Asia/Shanghai
Mengmao	CN	Asia/Shanghai
Lawang	ID	Asia/Jakarta
Bouskoura	MA	Africa/Casablanca
Satu Mare	RO	Europe/Bucharest
Itanhaém	BR	America/Sao_Paulo
Kaiyuan	CN	Asia/Shanghai
Kisii	KE	Africa/Nairobi
Petržalka	SK	Europe/Bratislava
Kāzerūn	IR	Asia/Tehran
Ermelino Matarazzo	BR	America/Sao_Paulo
Achalpur	IN	Asia/Kolkata
Planaltina	BR	America/Sao_Paulo
Guanare	VE	America/Caracas
Wuzhishan	CN	Asia/Shanghai
Gravesend	US	America/New_York
Rochester	US	America/Chicago
Gondal	IN	Asia/Kolkata
Chichawatni	PK	Asia/Karachi
Farīdpur	BD	Asia/Dhaka
Apopa	SV	America/El_Salvador
Carmona	PH	Asia/Manila
Laoag	PH	Asia/Manila
Elgin	US	America/Chicago
Dharashiv	IN	Asia/Kolkata
Xigang	CN	Asia/Shanghai
Chóngfú	CN	Asia/Shanghai
Taipa	MO	Asia/Macau
Port Blair	IN	Asia/Kolkata
Minatitlán	MX	America/Mexico_City
Esuk Oron	NG	Africa/Lagos
Atbara	SD	Africa/Khartoum
Vicenza	IT	Europe/Rome
Ciudad Guzmán	MX	America/Mexico_City
Ballarat	AU	Australia/Melbourne
Tocoa	HN	America/Tegucigalpa
West Jordan	US	America/Denver
Bagalkot	IN	Asia/Kolkata
Lomas de Zamora	AR	America/Argentina/Buenos_Aires
Yeoju	KR	Asia/Seoul
Dūmā	SY	Asia/Damascus
Winterthur	CH	Europe/Zurich
Novokuybyshevsk	RU	Europe/Samara
Bou Saâda	DZ	Africa/Algiers
Abnūb	EG	Africa/Cairo
Qūchān	IR	Asia/Tehran
Manacapuru	BR	America/Manaus
Kuningan	ID	Asia/Jakarta
Suriāpet	IN	Asia/Kolkata
Kandy	LK	Asia/Colombo
Zefta	EG	Africa/Cairo
Bangaon	IN	Asia/Kolkata
Inglewood	US	America/Los_Angeles
Kilis	TR	Europe/Istanbul
Terrebonne	CA	America/Toronto
Kyimyindine	MM	Asia/Yangon
Set Ka Lay	MM	Asia/Yangon
Chelmsford	GB	Europe/London
Marzahn	DE	Europe/Berlin
Chiquimula	GT	America/Guatemala
Cileunyi	ID	Asia/Jakarta
Ashoknagar Kalyangarh	IN	Asia/Kolkata
Mongu	ZM	Africa/Lusaka
Mulhouse	FR	Europe/Paris
Al Fqih Ben Çalah	MA	Africa/Casablanca
Pulilan	PH	Asia/Manila
Beau Bassin-Rose Hill	MU	Indian/Mauritius
Tuscaloosa	US	America/Chicago
Sogamoso	CO	America/Bogota
Sainte-Foy	CA	America/Toronto
Sainte-Foy–Sillery–Cap-Rouge	CA	America/Toronto
Mbale	UG	Africa/Kampala
Montreuil	FR	Europe/Paris
Terni	IT	Europe/Rome
Deesa	IN	Asia/Kolkata
Navadwīp	IN	Asia/Kolkata
Maran	MY	Asia/Kuala_Lumpur
Nandurbar	IN	Asia/Kolkata
Kasuga	JP	Asia/Tokyo
Nsukka	NG	Africa/Lagos
Nguru	NG	Africa/Lagos
Mabopane	ZA	Africa/Johannesburg
Namur	BE	Europe/Brussels
Cambé	BR	America/Sao_Paulo
Encheng	CN	Asia/Shanghai
Turhal	TR	Europe/Istanbul
Gò Vấp	VN	Asia/Ho_Chi_Minh
Richardson	US	America/Chicago
Bokhtar	TJ	Asia/Dushanbe
Hadejia	NG	Africa/Lagos
Zhuji	CN	Asia/Shanghai
Perpignan	FR	Europe/Paris
Lowell	US	America/New_York
Lavras	BR	America/Sao_Paulo
São Pedro da Aldeia	BR	America/Sao_Paulo
East Independence	US	America/Chicago
Caen	FR	Europe/Paris
Açailândia	BR	America/Fortaleza
Kyivskyi	UA	Europe/Kyiv
Borāzjān	IR	Asia/Tehran
Yenangyaung	MM	Asia/Yangon
Gresham	US	America/Los_Angeles
Antioch	US	America/Los_Angeles
Paulínia	BR	America/Sao_Paulo
Manzini	SZ	Africa/Mbabane
St. John's	CA	America/St_Johns
Delicias	ES	Europe/Madrid
Masindi	UG	Africa/Kampala
Kfar Saba	IL	Asia/Jerusalem
Matsutō	JP	Asia/Tokyo
Cambridge	US	America/New_York
Sultānpur	IN	Asia/Kolkata
Delhi Cantonment	IN	Asia/Kolkata
Firozpur	IN	Asia/Kolkata
Bayugan	PH	Asia/Manila
High Point	US	America/New_York
Datun	CN	Asia/Shanghai
Manchester	US	America/New_York
Bāneh	IR	Asia/Tehran
Gulshan	BD	Asia/Dhaka
Geylang	SG	Asia/Singapore
Kresek	ID	Asia/Jakarta
Bender	MD	Europe/Chisinau
Mbombela	ZA	Africa/Johannesburg
Rodenkirchen	DE	Europe/Berlin
Sembawang Estate	SG	Asia/Singapore
Gabès	TN	Africa/Tunis
Orkney	ZA	Africa/Johannesburg
Qingnian	CN	Asia/Shanghai
Temecula	US	America/Los_Angeles
Lucapa	AO	Africa/Luanda
Mendip	GB	Europe/London
Qal‘at Sukkar	IQ	Asia/Baghdad
An Nu‘mānīyah	IQ	Asia/Baghdad
Kufa	IQ	Asia/Baghdad
Ressano Garcia	MZ	Africa/Maputo
Noyabrsk	RU	Asia/Yekaterinburg
Sengerema	TZ	Africa/Dar_es_Salaam
Bataysk	RU	Europe/Moscow
Pisa	IT	Europe/Rome
Linshui	CN	Asia/Shanghai
Kamagaya	JP	Asia/Tokyo
Sutton Coldfield	GB	Europe/London
Hailun	CN	Asia/Shanghai
Maramag	PH	Asia/Manila
Kecskemét	HU	Europe/Budapest
Seversk	RU	Asia/Tomsk
Ciamis	ID	Asia/Jakarta
Murrieta	US	America/Los_Angeles
Brovary	UA	Europe/Kyiv
Santo Antônio de Jesus	BR	America/Bahia
Lak Si	TH	Asia/Bangkok
Wakefield	GB	Europe/London
Centennial	US	America/Denver
Shilong	CN	Asia/Shanghai
Richmond	US	America/Los_Angeles
Corona	US	America/New_York
Thới Lai	VN	Asia/Ho_Chi_Minh
Vilhena	BR	America/Porto_Velho
Pandit Deen Dayal Upadhyaya Nagar	IN	Asia/Kolkata
Dchira El Jihadia	MA	Africa/Casablanca
Didao	CN	Asia/Shanghai
Arsuz	TR	Europe/Istanbul
Pelabuhanratu	ID	Asia/Jakarta
Marugame	JP	Asia/Tokyo
Habikino	JP	Asia/Tokyo
Arzamas	RU	Europe/Moscow
Phalaborwa	ZA	Africa/Johannesburg
Walthamstow	GB	Europe/London
Pueblo	US	America/Denver
Guaianases	BR	America/Sao_Paulo
Ijebu-Igbo	NG	Africa/Lagos
Sergiyev Posad	RU	Europe/Moscow
Talisay	PH	Asia/Manila
San Juan	AR	America/Argentina/San_Juan
Sehore	IN	Asia/Kolkata
Jianchang	CN	Asia/Shanghai
Hulan	CN	Asia/Shanghai
Matagalpa	NI	America/Managua
Khlong Toei	TH	Asia/Bangkok
Leninsk-Kuznetsky	RU	Asia/Novokuznetsk
Kiryū	JP	Asia/Tokyo
Handeni	TZ	Africa/Dar_es_Salaam
Balombo	AO	Africa/Luanda
Thunder Bay	CA	America/Toronto
Iwatsuki	JP	Asia/Tokyo
Pearland	US	America/Chicago
Dehui	CN	Asia/Shanghai
Pangkalanbuun	ID	Asia/Pontianak
Waterbury	US	America/New_York
Greeley	US	America/Denver
Boulogne-Billancourt	FR	Europe/Paris
Warīsān	AE	Asia/Dubai
Kalisz	PL	Europe/Warsaw
Baia Mare	RO	Europe/Bucharest
Coronel Fabriciano	BR	America/Sao_Paulo
Mascara	DZ	Africa/Algiers
Maranguape	BR	America/Fortaleza
Uromi	NG	Africa/Lagos
Katumba	TZ	Africa/Dar_es_Salaam
Móng Cái	VN	Asia/Bangkok
Vila Maria	BR	America/Sao_Paulo
Kanpur Cantonment	IN	Asia/Kolkata
Komatsu	JP	Asia/Tokyo
West Covina	US	America/Los_Angeles
Enterprise	US	America/Los_Angeles
Bānsbāria	IN	Asia/Kolkata
Girón	CO	America/Bogota
Baghlān	AF	Asia/Kabul
Muriaé	BR	America/Sao_Paulo
Hanjia	CN	Asia/Shanghai
Trincomalee	LK	Asia/Colombo
La Cité-Limoilou	CA	America/Toronto
Santiago	PH	Asia/Manila
Taibai	CN	Asia/Shanghai
Vedado	CU	America/Havana
Dagenham	GB	Europe/London
Xuyong	CN	Asia/Shanghai
North Charleston	US	America/New_York
Sohar	OM	Asia/Muscat
Nehe	CN	Asia/Shanghai
Abu Gharaq	IQ	Asia/Baghdad
Oktyabrsky	RU	Asia/Yekaterinburg
Tadpatri	IN	Asia/Kolkata
Birnin Kebbi	NG	Africa/Lagos
Santa Cruz	PH	Asia/Manila
Novobavarskyi	UA	Europe/Kyiv
Everett	US	America/Los_Angeles
An Nuhūd	SD	Africa/Khartoum
Ŭllyul	KP	Asia/Pyongyang
Rijeka	HR	Europe/Zagreb
Douliu	TW	Asia/Taipei
Luis Eduardo Magalhães	BR	America/Bahia
Catbalogan	PH	Asia/Manila
College Station	US	America/Chicago
As Salţ	JO	Asia/Amman
Mishima	JP	Asia/Tokyo
Baía Farta	AO	Africa/Luanda
Jalpāiguri	IN	Asia/Kolkata
Jalai Nur	CN	Asia/Shanghai
Tajimi	JP	Asia/Tokyo
Castelar	AR	America/Argentina/Buenos_Aires
Pompano Beach	US	America/New_York
Coronel	CL	America/Santiago
Bacabal	BR	America/Fortaleza
Novo Gama	BR	America/Sao_Paulo
Dusit	TH	Asia/Bangkok
Mandurah	AU	Australia/Perth
Basingstoke	GB	Europe/London
Bandırma	TR	Europe/Istanbul
Maidstone	GB	Europe/London
Tieli	CN	Asia/Shanghai
Umm Qaşr	IQ	Asia/Baghdad
Butterworth	MY	Asia/Kuala_Lumpur
Shaping	CN	Asia/Shanghai
Labé	GN	Africa/Conakry
Chālūs	IR	Asia/Tehran
Koszalin	PL	Europe/Warsaw
Bolzano	IT	Europe/Rome
South Fulton	US	America/New_York
Ubá	BR	America/Sao_Paulo
Sherpur	BD	Asia/Dhaka
Obninsk	RU	Europe/Moscow
Circoiscrizione VI	IT	Europe/Rome
Girardot City	CO	America/Bogota
Koblenz	DE	Europe/Berlin
Itaperuna	BR	America/Sao_Paulo
Siegen	DE	Europe/Berlin
Hirnytskyi	UA	Europe/Kyiv
Mangalagiri	IN	Asia/Kolkata
Thohoyandou	ZA	Africa/Johannesburg
As Suwayq	OM	Asia/Muscat
Norwalk	US	America/Los_Angeles
Yên Vinh	VN	Asia/Bangkok
Mitrovicë	XK	Europe/Belgrade
Yevpatoriya	UA	Europe/Simferopol
Pati	ID	Asia/Jakarta
Elista	RU	Europe/Moscow
Dera Murad Jamali	PK	Asia/Karachi
Taungoo	MM	Asia/Yangon
Bedford	GB	Europe/London
Bagong Silangan	PH	Asia/Manila
Kangnyŏng	KP	Asia/Pyongyang
Catia La Mar	VE	America/Caracas
Boulder	US	America/Denver
Anning	CN	Asia/Shanghai
Ituiutaba	BR	America/Sao_Paulo
Rayong	TH	Asia/Bangkok
Sirte	LY	Africa/Tripoli
Kotri	PK	Asia/Karachi
Cherëmushki	RU	Europe/Moscow
Broken Arrow	US	America/Chicago
Daly City	US	America/Los_Angeles
Cikarang	ID	Asia/Jakarta
Arlit	NE	Africa/Niamey
Bahārestān	IR	Asia/Tehran
Ba Đồn	VN	Asia/Bangkok
Ranebennur	IN	Asia/Kolkata
Longjiang	CN	Asia/Shanghai
Hwado	KR	Asia/Seoul
Buhe	CN	Asia/Shanghai
Hammamet	TN	Africa/Tunis
Pindiga	NG	Africa/Lagos
Berdyansk	UA	Europe/Kyiv
Toufen	TW	Asia/Taipei
Mīāneh	IR	Asia/Tehran
Dakhla	EH	Africa/El_Aaiun
Paniqui	PH	Asia/Manila
Novotroitsk	RU	Asia/Yekaterinburg
Bergisch Gladbach	DE	Europe/Berlin
Rangamati	BD	Asia/Dhaka
Alchevsk	UA	Europe/Kyiv
Sơn La	VN	Asia/Bangkok
Mingachevir	AZ	Asia/Baku
Legnica	PL	Europe/Warsaw
Drammen	NO	Europe/Oslo
Pare	ID	Asia/Jakarta
Tokoza	ZA	Africa/Johannesburg
Balsas	BR	America/Fortaleza
Sydney	CA	America/Glace_Bay
Derbent	RU	Europe/Moscow
Xinghua	CN	Asia/Shanghai
Khurja	IN	Asia/Kolkata
Mati	PH	Asia/Manila
Arjawinangun	ID	Asia/Jakarta
Le Plateau-Mont-Royal	CA	America/Toronto
Funchal	PT	Atlantic/Madeira
Kishanganj	IN	Asia/Kolkata
Yautepec	MX	America/Mexico_City
Jataí	BR	America/Sao_Paulo
Sergeli	UZ	Asia/Tashkent
Azare	NG	Africa/Lagos
Nantou	TW	Asia/Taipei
Ipojuca	BR	America/Recife
Lahad Datu	MY	Asia/Kuching
Vila Prudente	BR	America/Sao_Paulo
Subulussalam	ID	Asia/Jakarta
Paragominas	BR	America/Belem
Bukama	CD	Africa/Lubumbashi
Ponnāni	IN	Asia/Kolkata
Tanza	PH	Asia/Manila
Inzai	JP	Asia/Tokyo
Bhairab Bāzār	BD	Asia/Dhaka
Hindaun	IN	Asia/Kolkata
Jamālpur	IN	Asia/Kolkata
Abū Tīj	EG	Africa/Cairo
Coatepeque	GT	America/Guatemala
Baraki	DZ	Africa/Algiers
Robāţ Karīm	IR	Asia/Tehran
'Ākra	IQ	Asia/Baghdad
Sandy Springs	US	America/New_York
Burbank	US	America/Los_Angeles
Taling Chan	TH	Asia/Bangkok
San Justo	AR	America/Argentina/Buenos_Aires
Hòa Bình	VN	Asia/Bangkok
Saint-Paul	RE	Indian/Reunion
Ourense	ES	Europe/Madrid
Nāgaur	IN	Asia/Kolkata
Riacho Fundo II	BR	America/Sao_Paulo
Green Bay	US	America/Chicago
Mityana	UG	Africa/Kampala
Jizan	SA	Asia/Riyadh
Texcoco de Mora	MX	America/Mexico_City
Bang Bon	TH	Asia/Bangkok
Nikopol	UA	Europe/Kyiv
Slovyansk	UA	Europe/Kyiv
Santa Maria	US	America/Los_Angeles
San Francisco De Borja	PE	America/Lima
Yidu	CN	Asia/Shanghai
Nancy	FR	Europe/Paris
Kuala Krai	MY	Asia/Kuala_Lumpur
Zhonghe	CN	Asia/Shanghai
Universal City	US	America/Los_Angeles
Puyang Chengguanzhen	CN	Asia/Shanghai
Ikeda	JP	Asia/Tokyo
Waterloo	CA	America/Toronto
Ambala Sadar	IN	Asia/Kolkata
Chinautla	GT	America/Guatemala
Salzgitter	DE	Europe/Berlin
Ville-Marie	CA	America/Toronto
Moratalaz	ES	Europe/Madrid
Bhiwadi	IN	Asia/Kolkata
Būndi	IN	Asia/Kolkata
Miryalaguda	IN	Asia/Kolkata
Daxing	CN	Asia/Shanghai
Artur Alvim	BR	America/Sao_Paulo
Assis	BR	America/Sao_Paulo
Santa Cruz do Capibaribe	BR	America/Recife
Yezhou	CN	Asia/Shanghai
Hidalgo del Parral	MX	America/Chihuahua
Saijō	JP	Asia/Tokyo
Jena	DE	Europe/Berlin
Wichita Falls	US	America/Chicago
Brantford	CA	America/Toronto
Gera	DE	Europe/Berlin
Tuyên Quang	VN	Asia/Bangkok
Ottakring	AT	Europe/Vienna
Al Fāw	IQ	Asia/Baghdad
Angoche	MZ	Africa/Maputo
Depok	ID	Asia/Jakarta
Toride	JP	Asia/Tokyo
Mostar	BA	Europe/Sarajevo
Mazyr	BY	Europe/Minsk
Kamloops	CA	America/Vancouver
Mazabuka	ZM	Africa/Lusaka
Lakeland	US	America/New_York
Pozniaky	UA	Europe/Kyiv
Zhezqazghan	KZ	Asia/Almaty
Pailou	CN	Asia/Shanghai
Lo Prado	CL	America/Santiago
Tizi Ouzou	DZ	Africa/Algiers
Pulandian	CN	Asia/Shanghai
Helsingborg	SE	Europe/Stockholm
Abreu e Lima	BR	America/Recife
Kot Addu	PK	Asia/Karachi
Bouaflé	CI	Africa/Abidjan
Kara	TG	Africa/Lome
Clovis	US	America/Los_Angeles
Kafue	ZM	Africa/Lusaka
Campo Mourão	BR	America/Sao_Paulo
Salaqi	CN	Asia/Shanghai
Kalulushi	ZM	Africa/Lusaka
Lewisville	US	America/Chicago
Oued Zem	MA	Africa/Casablanca
Weldiya	ET	Africa/Addis_Ababa
Soyībug	IN	Asia/Kolkata
Izmaylovo	RU	Europe/Moscow
Kiselëvsk	RU	Asia/Novokuznetsk
Jishu	CN	Asia/Shanghai
El Kelaa des Srarhna	MA	Africa/Casablanca
Séguéla	CI	Africa/Abidjan
Ourinhos	BR	America/Sao_Paulo
Totonicapán	GT	America/Guatemala
Ad-Damir	SD	Africa/Khartoum
Jagtiāl	IN	Asia/Kolkata
Woking	GB	Europe/London
Roorkee	IN	Asia/Kolkata
Edéa	CM	Africa/Douala
Yuxi	CN	Asia/Shanghai
Lincoln	GB	Europe/London
Poá	BR	America/Sao_Paulo
Bashan	CN	Asia/Shanghai
Nkpor	NG	Africa/Lagos
Berbérati	CF	Africa/Bangui
Sangla Hill	PK	Asia/Karachi
Tongren	CN	Asia/Shanghai
Tyler	US	America/Chicago
Male	MV	Indian/Maldives
El Cajon	US	America/Los_Angeles
Mandaqui	BR	America/Sao_Paulo
Piacenza	IT	Europe/Rome
Gardez	AF	Asia/Kabul
Zhanaozen	KZ	Asia/Aqtau
Gangu Chengguanzhen	CN	Asia/Shanghai
Teziutlan	MX	America/Mexico_City
Kolda	SN	Africa/Dakar
Vila Matilde	BR	America/Sao_Paulo
Udgīr	IN	Asia/Kolkata
San Mateo	US	America/Los_Angeles
Viseu	PT	Europe/Lisbon
Nagda	IN	Asia/Kolkata
Moers	DE	Europe/Berlin
Brandon	US	America/New_York
Buzău	RO	Europe/Bucharest
Reus	ES	Europe/Madrid
Prabumulih	ID	Asia/Jakarta
Itabaiana	BR	America/Maceio
Francistown	BW	Africa/Gaborone
Isehara	JP	Asia/Tokyo
Queluz	PT	Europe/Lisbon
Betūl	IN	Asia/Kolkata
Chikushino-shi	JP	Asia/Tokyo
Akademicheskoe	RU	Europe/Moscow
Turgutlu	TR	Europe/Istanbul
Lida	BY	Europe/Minsk
Taitung	TW	Asia/Taipei
Kalynivskyi	UA	Europe/Kyiv
San	ML	Africa/Bamako
Jahānābād	IN	Asia/Kolkata
Lethbridge	CA	America/Edmonton
Cursino	BR	America/Sao_Paulo
Velikiye Luki	RU	Europe/Moscow
Kashipur	IN	Asia/Kolkata
Rialto	US	America/Los_Angeles
West Bromwich	GB	Europe/London
Ghazīpur	IN	Asia/Kolkata
Tanjung Pandan	ID	Asia/Jakarta
Ikere-Ekiti	NG	Africa/Lagos
Hildesheim	DE	Europe/Berlin
Kharian	PK	Asia/Karachi
Bendigo	AU	Australia/Melbourne
Rantauprapat	ID	Asia/Jakarta
Chumakivskyi	UA	Europe/Kyiv
Nkayi	CG	Africa/Brazzaville
Amaravati	IN	Asia/Kolkata
Bogorodskoye	RU	Europe/Moscow
Pārsābād	IR	Asia/Tehran
Lahān	NP	Asia/Kathmandu
Liberec	CZ	Europe/Prague
Nagapattinam	IN	Asia/Kolkata
Qurayyat	SA	Asia/Riyadh
Buxar	IN	Asia/Kolkata
Portmore	JM	America/Jamaica
Santa Rosa	AR	America/Argentina/Salta
Palma Soriano	CU	America/Havana
Pushkino	RU	Europe/Moscow
Khushāb	PK	Asia/Karachi
Lafiagi	NG	Africa/Lagos
Caieiras	BR	America/Sao_Paulo
Xincheng	CN	Asia/Urumqi
Lyon 03	FR	Europe/Paris
Pasrur	PK	Asia/Karachi
Belawan	ID	Asia/Jakarta
Pano Aqil	PK	Asia/Karachi
Piatra Neamţ	RO	Europe/Bucharest
Cabudare	VE	America/Caracas
Erlangen	DE	Europe/Berlin
Tepexpan	MX	America/Mexico_City
Tivaouane	SN	Africa/Dakar
Entebbe	UG	Africa/Kampala
Davenport	US	America/Chicago
Darnah	LY	Africa/Tripoli
Dayrūţ	EG	Africa/Cairo
Whalley	CA	America/Vancouver
Edison	US	America/New_York
Skhidni Kvartaly	UA	Europe/Kyiv
Curicó	CL	America/Santiago
Kangsŏn	KP	Asia/Pyongyang
La Vega	DO	America/Santo_Domingo
Shāhzādpur	BD	Asia/Dhaka
Tulancingo	MX	America/Mexico_City
Perdizes	BR	America/Sao_Paulo
Yono	JP	Asia/Tokyo
Apatzingán	MX	America/Mexico_City
Ciutat Vella	ES	Europe/Madrid
Hillsboro	US	America/Los_Angeles
Mormugao	IN	Asia/Kolkata
Seoni	IN	Asia/Kolkata
Shabqadar	PK	Asia/Karachi
Mitte	DE	Europe/Berlin
Sabanalarga	CO	America/Bogota
Jishou	CN	Asia/Shanghai
Ngong	KE	Africa/Nairobi
Francisco Beltrão	BR	America/Sao_Paulo
Sebeta	ET	Africa/Addis_Ababa
Artëm	RU	Asia/Vladivostok
Tsuyama	JP	Asia/Tokyo
Limerick	IE	Europe/Dublin
Aurangābād	IN	Asia/Kolkata
Lampa	CL	America/Santiago
Sungai Penuh	ID	Asia/Jakarta
Ukhta	RU	Europe/Moscow
Japeri	BR	America/Sao_Paulo
Nakhon Si Thammarat	TH	Asia/Bangkok
Putatan	PH	Asia/Manila
Shuifu	CN	Asia/Shanghai
Kani	JP	Asia/Tokyo
Ōnojō	JP	Asia/Tokyo
Kot Radha Kishan	PK	Asia/Karachi
Al Jumayl	LY	Africa/Tripoli
Shchukino	RU	Europe/Moscow
Brateyevo	RU	Europe/Moscow
Maldonado	UY	America/Montevideo
Venlo	NL	Europe/Amsterdam
Mairiporã	BR	America/Sao_Paulo
Novara	IT	Europe/Rome
Shūshtar	IR	Asia/Tehran
Wilmersdorf	DE	Europe/Berlin
Al-Musayab	IQ	Asia/Baghdad
Pôr do Sol	BR	America/Sao_Paulo
Parintins	BR	America/Manaus
Hedong	CN	Asia/Shanghai
Hinganghāt	IN	Asia/Kolkata
Zonguldak	TR	Europe/Istanbul
Iğdır	TR	Europe/Istanbul
Kawachi-Nagano	JP	Asia/Tokyo
Eastbourne	GB	Europe/London
Dhamtari	IN	Asia/Kolkata
Delta	CA	America/Vancouver
Orsha	BY	Europe/Minsk
Worcester	GB	Europe/London
Las Cruces	US	America/Denver
Székesfehérvár	HU	Europe/Budapest
Lagarto	BR	America/Maceio
Kindrativskyi	UA	Europe/Kyiv
Bath	GB	Europe/London
Sidi Slimane	MA	Africa/Casablanca
Leme	BR	America/Sao_Paulo
Iida	JP	Asia/Tokyo
Los Puertos de Altagracia	VE	America/Caracas
South Bend	US	America/Indiana/Indianapolis
Kansk	RU	Asia/Krasnoyarsk
Kalmiuskyi	UA	Europe/Kyiv
Chilliwack	CA	America/Vancouver
Queenstown Estate	SG	Asia/Singapore
Argenteuil	FR	Europe/Paris
Khanty-Mansiysk	RU	Asia/Yekaterinburg
Isulan	PH	Asia/Manila
Itaim Bibi	BR	America/Sao_Paulo
Mbaké	SN	Africa/Dakar
Pavlohrad	UA	Europe/Kyiv
Simmering	AT	Europe/Vienna
Mustafakemalpaşa	TR	Europe/Istanbul
Burayu	ET	Africa/Addis_Ababa
Chilakalūrupet	IN	Asia/Kolkata
Malappuram	IN	Asia/Kolkata
Ébolowa	CM	Africa/Douala
Dartmouth	CA	America/Halifax
Orihuela	ES	Europe/Madrid
Kallang	SG	Asia/Singapore
Sangju	KR	Asia/Seoul
Perling	MY	Asia/Kuala_Lumpur
Albany	US	America/New_York
São Cristóvão	BR	America/Maceio
Medina Estates	GH	Africa/Accra
Chakwal	PK	Asia/Karachi
Ngã Bảy	VN	Asia/Ho_Chi_Minh
Gillingham	GB	Europe/London
Suruç	TR	Europe/Istanbul
Huacheng	CN	Asia/Shanghai
Ocaña	CO	America/Bogota
Hồng Ngự	VN	Asia/Ho_Chi_Minh
Daoukro	CI	Africa/Abidjan
Tokuyama	JP	Asia/Tokyo
Ţimā	EG	Africa/Cairo
Donghae City	KR	Asia/Seoul
Standerton	ZA	Africa/Johannesburg
Kanoya	JP	Asia/Tokyo
Mokopane	ZA	Africa/Johannesburg
Dikirnis	EG	Africa/Cairo
New Bedford	US	America/New_York
Lāhījān	IR	Asia/Tehran
Leuven	BE	Europe/Brussels
Mezhdurechensk	RU	Asia/Novokuznetsk
Bānswāra	IN	Asia/Kolkata
Jolo	PH	Asia/Manila
Ryazanskiy	RU	Europe/Moscow
Novyye Cherëmushki	RU	Europe/Moscow
Elbasan	AL	Europe/Tirane
Pechersk	UA	Europe/Kyiv
Ijok	MY	Asia/Kuala_Lumpur
Vista	US	America/Los_Angeles
Davie	US	America/New_York
Errachidia	MA	Africa/Casablanca
Twifu Praso	GH	Africa/Accra
Red Deer	CA	America/Edmonton
Solikamsk	RU	Asia/Yekaterinburg
El Progreso	HN	America/Tegucigalpa
Chirmiri	IN	Asia/Kolkata
Barra do Piraí	BR	America/Sao_Paulo
Chikusei	JP	Asia/Tokyo
Sungailiat	ID	Asia/Jakarta
Arezzo	IT	Europe/Rome
Újpest	HU	Europe/Budapest
Calasiao	PH	Asia/Manila
Glazov	RU	Europe/Samara
Rosarito	MX	America/Tijuana
Kallithéa	GR	Europe/Athens
Ahar	IR	Asia/Tehran
Juan Díaz	PA	America/Panama
Yên Bái	VN	Asia/Bangkok
Grogol	ID	Asia/Jakarta
Nāḩiyat al Iskandarīyah	IQ	Asia/Baghdad
Puerto Barrios	GT	America/Guatemala
Bakwa	CD	Africa/Lubumbashi
Itārsi	IN	Asia/Kolkata
Chinatown	US	America/Los_Angeles
Votuporanga	BR	America/Sao_Paulo
Si Maha Phot	TH	Asia/Bangkok
Hà Tiên	VN	Asia/Ho_Chi_Minh
Oleksiyivka	UA	Europe/Kyiv
Masjed Soleymān	IR	Asia/Tehran
Los Rastrojos	VE	America/Caracas
Vasco da Gama	IN	Asia/Kolkata
Barakaldo	ES	Europe/Madrid
Oleksandrivskyi	UA	Europe/Kyiv
Ermelo	ZA	Africa/Johannesburg
Klagenfurt am Wörthersee	AT	Europe/Vienna
Linxi	CN	Asia/Shanghai
Tiébo	SN	Africa/Dakar
Gangtok	IN	Asia/Kolkata
Datia	IN	Asia/Kolkata
Sakado	JP	Asia/Tokyo
Sakata	JP	Asia/Tokyo
Ust’-Ilimsk	RU	Asia/Irkutsk
Girona	ES	Europe/Madrid
Renton	US	America/Los_Angeles
Chust	UZ	Asia/Tashkent
Kalmunai	LK	Asia/Colombo
Udine	IT	Europe/Rome
Xinzhai	CN	Asia/Shanghai
Phagwāra	IN	Asia/Kolkata
Izumisano	JP	Asia/Tokyo
Trier	DE	Europe/Berlin
Ginowan	JP	Asia/Tokyo
Inda Silasē	ET	Africa/Addis_Ababa
Negara	ID	Asia/Makassar
Caçapava	BR	America/Sao_Paulo
Qaşr Bin Ghashīr	LY	Africa/Tripoli
Renala Khurd	PK	Asia/Karachi
Punta Cana	DO	America/Santo_Domingo
Roanoke	US	America/New_York
Yanjia	CN	Asia/Shanghai
Kangding	CN	Asia/Shanghai
Suifenhe	CN	Asia/Shanghai
Sino-Singapore Tianjin Eco-city	CN	Asia/Shanghai
Alamar	CU	America/Havana
Becontree	GB	Europe/London
Sumedang Utara	ID	Asia/Jakarta
Jaffa	IL	Asia/Jerusalem
Airoli	IN	Asia/Kolkata
Shahrak-e Pardīsān	IR	Asia/Tehran
P’yŏngsŏng	KP	Asia/Pyongyang
Tājūrā’	LY	Africa/Tripoli
Colonia Lindavista	MX	America/Mexico_City
Sentul	MY	Asia/Kuala_Lumpur
Seri Manjung	MY	Asia/Kuala_Lumpur
Bandar Mahkota Cheras	MY	Asia/Kuala_Lumpur
Alasia	NG	Africa/Lagos
Raja Jang	PK	Asia/Karachi
Model Town	PK	Asia/Karachi
Subotica	RS	Europe/Belgrade
Tekstil’shchiki	RU	Europe/Moscow
Nyagatare	RW	Africa/Kigali
Sabt Alalayah	SA	Asia/Riyadh
Sakiet ez Zit	TN	Africa/Tunis
al-Yarmūk	SY	Asia/Damascus
Jaramānā	SY	Asia/Damascus
Qincheng	CN	Asia/Shanghai
Luckeesarai	IN	Asia/Kolkata
Menghuan	CN	Asia/Shanghai
Śródmieście	PL	Europe/Warsaw
Hāgere Hiywet	ET	Africa/Addis_Ababa
San Angelo	US	America/Chicago
Kambove	CD	Africa/Lubumbashi
Bislig	PH	Asia/Manila
Xixiang	CN	Asia/Shanghai
Dipalpur	PK	Asia/Karachi
Kenosha	US	America/Chicago
Nabire	ID	Asia/Jayapura
Chanthaburi	TH	Asia/Bangkok
Niagara Falls	CA	America/Toronto
Andria	IT	Europe/Rome
Tucupita	VE	America/Caracas
Clinton Township	US	America/Detroit
Shikohābād	IN	Asia/Kolkata
Villa de Cura	VE	America/Caracas
Al Jammālīyah	EG	Africa/Cairo
San Chaung	MM	Asia/Yangon
Wangkui	CN	Asia/Shanghai
Columbia	US	America/New_York
Zelenodolsk	RU	Europe/Moscow
Al Qūşīyah	EG	Africa/Cairo
Dschang	CM	Africa/Douala
Tucuruvi	BR	America/Sao_Paulo
Hwasŏng	KP	Asia/Pyongyang
Myŏnggan-dong	KP	Asia/Pyongyang
Dhahran	SA	Asia/Riyadh
Santiago de Compostela	ES	Europe/Madrid
Roubaix	FR	Europe/Paris
Manbij	SY	Asia/Damascus
Olomouc	CZ	Europe/Prague
Novoshakhtinsk	RU	Europe/Moscow
Erie	US	America/New_York
Kāsganj	IN	Asia/Kolkata
Šiauliai	LT	Europe/Vilnius
Hualien City	TW	Asia/Taipei
Meihekou	CN	Asia/Shanghai
Santander de Quilichao	CO	America/Bogota
Xinle	CN	Asia/Shanghai
Acharnés	GR	Europe/Athens
Qubo Saeed Khan	PK	Asia/Karachi
Mafinga	TZ	Africa/Dar_es_Salaam
Taman Melawati	MY	Asia/Kuala_Lumpur
Minyā al Qamḩ	EG	Africa/Cairo
Bang Rak	TH	Asia/Bangkok
Burao	SO	Africa/Mogadishu
Bam	IR	Asia/Tehran
Manavgat	TR	Europe/Istanbul
Guercif	MA	Africa/Casablanca
Khambhāt	IN	Asia/Kolkata
Tourcoing	FR	Europe/Paris
Kandhkot	PK	Asia/Karachi
Saku	JP	Asia/Tokyo
Śródmieście	PL	Europe/Warsaw
Bhola	BD	Asia/Dhaka
Talara	PE	America/Lima
Riberalta	BO	America/La_Paz
Linghe	CN	Asia/Shanghai
Siverskodonetsk	UA	Europe/Kyiv
Morón	AR	America/Argentina/Buenos_Aires
Zárate	AR	America/Argentina/Buenos_Aires
Portsmouth Heights	US	America/New_York
Kohima	IN	Asia/Kolkata
Richmond Hill	US	America/New_York
Choma	ZM	Africa/Lusaka
Xingcheng	CN	Asia/Shanghai
Paoy Paet	KH	Asia/Phnom_Penh
Pandharpur	IN	Asia/Kolkata
Kapurthala Town	IN	Asia/Kolkata
Itoshima	JP	Asia/Tokyo
Burzaco	AR	America/Argentina/Buenos_Aires
Sarapul	RU	Europe/Samara
Saint-Laurent	CA	America/Toronto
Zwickau	DE	Europe/Berlin
Circoiscrizione IV	IT	Europe/Rome
Kontagora	NG	Africa/Lagos
Corumbá	BR	America/Campo_Grande
Kaiserslautern	DE	Europe/Berlin
Alief	US	America/Chicago
Soma	TR	Europe/Istanbul
Thimphu	BT	Asia/Thimphu
Bocaue	PH	Asia/Manila
Votkinsk	RU	Europe/Samara
Caldas Novas	BR	America/Sao_Paulo
Spring Hill	US	America/New_York
São Sebastião	BR	America/Sao_Paulo
Słupsk	PL	Europe/Warsaw
Tatuapé	BR	America/Sao_Paulo
Ponta Porã	BR	America/Campo_Grande
Renqiu	CN	Asia/Shanghai
Mahuva	IN	Asia/Kolkata
Cárdenas	CU	America/Havana
Bridgetown	BB	America/Barbados
Compton	US	America/Los_Angeles
Serov	RU	Asia/Yekaterinburg
Habboûch	LB	Asia/Beirut
Phong Điền	VN	Asia/Ho_Chi_Minh
Xinshi	CN	Asia/Shanghai
Vĩnh Thạnh	VN	Asia/Ho_Chi_Minh
Landstraße	AT	Europe/Vienna
Budapest IV. kerület	HU	Europe/Budapest
League City	US	America/Chicago
Flint	US	America/Detroit
Silvassa	IN	Asia/Kolkata
Al Qaţīf	SA	Asia/Riyadh
Kōnan	JP	Asia/Tokyo
Guaíba	BR	America/Sao_Paulo
Balāngīr	IN	Asia/Kolkata
Lagos de Moreno	MX	America/Mexico_City
Chengzihe	CN	Asia/Shanghai
Thayetmyo	MM	Asia/Yangon
Penzing	AT	Europe/Vienna
Xishan	CN	Asia/Shanghai
Allen	US	America/Chicago
Barika	DZ	Africa/Algiers
Aïn Oussera	DZ	Africa/Algiers
Balashov	RU	Europe/Saratov
Arsi Negele	ET	Africa/Addis_Ababa
Dukuhturi	ID	Asia/Jakarta
Iguatu	BR	America/Fortaleza
Fasā	IR	Asia/Tehran
Saint-Jean-sur-Richelieu	CA	America/Toronto
Nawāda	IN	Asia/Kolkata
Lugo	ES	Europe/Madrid
Bhilai Charoda	IN	Asia/Kolkata
Mīnāb	IR	Asia/Tehran
Dar‘ā	SY	Asia/Damascus
Shāmli	IN	Asia/Kolkata
Chitose	JP	Asia/Tokyo
Yeyuan	CN	Asia/Shanghai
Trelew	AR	America/Argentina/Catamarca
Kamyanets-Podilskyi	UA	Europe/Kyiv
Zheleznogorsk	RU	Europe/Moscow
Kâhta	TR	Europe/Istanbul
Valença	BR	America/Bahia
Santa Cruz de Yojoa	HN	America/Tegucigalpa
Dorchester	US	America/New_York
Erdenet	MN	Asia/Ulaanbaatar
Hyesan-dong	KP	Asia/Pyongyang
Temixco	MX	America/Mexico_City
Namalombwe	ZM	Africa/Lusaka
Asan	KR	Asia/Seoul
Catarman	PH	Asia/Manila
Jharsuguda	IN	Asia/Kolkata
Gò Công	VN	Asia/Ho_Chi_Minh
Guanhu	CN	Asia/Shanghai
Itaúna	BR	America/Sao_Paulo
Tha Raeng	TH	Asia/Bangkok
Sādatpur Gujran	IN	Asia/Kolkata
Meidling	AT	Europe/Vienna
Oulad Teïma	MA	Africa/Casablanca
Jiudian	CN	Asia/Shanghai
Gambēla	ET	Africa/Addis_Ababa
Chalisgaon	IN	Asia/Kolkata
Rochdale	GB	Europe/London
Aguachica	CO	America/Bogota
Jérémie	HT	America/Port-au-Prince
Xinxing	CN	Asia/Shanghai
Herzliya	IL	Asia/Jerusalem
Parand	IR	Asia/Tehran
Rio Largo	BR	America/Maceio
Pyinmana	MM	Asia/Yangon
Villupuram	IN	Asia/Kolkata
Amalner	IN	Asia/Kolkata
Kuje	NG	Africa/Lagos
Luján	AR	America/Argentina/Buenos_Aires
Swabi	PK	Asia/Karachi
Hadera	IL	Asia/Jerusalem
Deventer	NL	Europe/Amsterdam
Villa Alemana	CL	America/Santiago
Brikama	GM	Africa/Banjul
Bayeux	BR	America/Fortaleza
Tellicherry	IN	Asia/Kolkata
Naxçıvan	AZ	Asia/Baku
Zhukovsky	RU	Europe/Moscow
Kameoka	JP	Asia/Tokyo
Mission Viejo	US	America/Los_Angeles
Pará de Minas	BR	America/Sao_Paulo
Cesena	IT	Europe/Rome
Manjeri	IN	Asia/Kolkata
Munakata	JP	Asia/Tokyo
Messaad	DZ	Africa/Algiers
Escalante	PH	Asia/Manila
Molenbeek-Saint-Jean	BE	Europe/Brussels
Fangshan	CN	Asia/Shanghai
Chimaltenango	GT	America/Guatemala
Magway	MM	Asia/Yangon
Tumbes	PE	America/Lima
Dijkot	PK	Asia/Karachi
Quvasoy	UZ	Asia/Tashkent
Beshariq	UZ	Asia/Tashkent
Bekobod	UZ	Asia/Tashkent
Jinniu	CN	Asia/Shanghai
Vicente Pires	BR	America/Sao_Paulo
Caotun	TW	Asia/Taipei
Ariquemes	BR	America/Porto_Velho
Vacaville	US	America/Los_Angeles
Grand-Bassam	CI	Africa/Abidjan
Binga	CD	Africa/Kinshasa
Yasuj	IR	Asia/Tehran
Villa Mercedes	AR	America/Argentina/San_Luis
Ben Guerir	MA	Africa/Casablanca
Wabu	KR	Asia/Seoul
Ventura	US	America/Los_Angeles
Khurarianwala	PK	Asia/Karachi
Houzhen	CN	Asia/Shanghai
Dogonbadan	IR	Asia/Tehran
Sumber	ID	Asia/Jakarta
Highlands Ranch	US	America/Denver
Lawton	US	America/Chicago
Azimpur	BD	Asia/Dhaka
Schwerin	DE	Europe/Berlin
Beaverton	US	America/Los_Angeles
Jaworzno	PL	Europe/Warsaw
Zhudong	TW	Asia/Taipei
Gongguan	CN	Asia/Shanghai
Pouytenga	BF	Africa/Ouagadougou
Estelí	NI	America/Managua
Soligorsk	BY	Europe/Minsk
Nghĩa Đô	VN	Asia/Bangkok
Monkayo	PH	Asia/Manila
South Gate	US	America/Los_Angeles
Jounieh	LB	Asia/Beirut
Caloundra	AU	Australia/Brisbane
Ceyhan	TR	Europe/Istanbul
Birgaon	IN	Asia/Kolkata
Shibata	JP	Asia/Tokyo
Stellenbosch	ZA	Africa/Johannesburg
Bārmer	IN	Asia/Kolkata
Maribor	SI	Europe/Ljubljana
Portsmouth	US	America/New_York
Muroran	JP	Asia/Tokyo
Gütersloh	DE	Europe/Berlin
Limpio	PY	America/Asuncion
Saint-Denis	FR	Europe/Paris
Khōst	AF	Asia/Kabul
Sparks	US	America/Los_Angeles
Erechim	BR	America/Sao_Paulo
Cáceres	ES	Europe/Madrid
Nanxi	CN	Asia/Shanghai
General Trias	PH	Asia/Manila
Pūth Kalān	IN	Asia/Kolkata
Japekrom	GH	Africa/Accra
Ramenskoye	RU	Europe/Moscow
Ouislane	MA	Africa/Casablanca
Hemel Hempstead	GB	Europe/London
Kuniyamuttūr	IN	Asia/Kolkata
Bang Na	TH	Asia/Bangkok
Sardārshahr	IN	Asia/Kolkata
Sānand	IN	Asia/Kolkata
Sāhibganj	IN	Asia/Kolkata
Ash-Shaykh Zāyid	EG	Africa/Cairo
Tema New Town	GH	Africa/Accra
Lubu	CN	Asia/Shanghai
Jastrzębie Zdrój	PL	Europe/Warsaw
Río Gallegos	AR	America/Argentina/Rio_Gallegos
Shimada	JP	Asia/Tokyo
Jinsha	CN	Asia/Shanghai
Ciudad Río Bravo	MX	America/Monterrey
Psie Pole	PL	Europe/Warsaw
Ŭnch’ŏn-ŭp	KP	Asia/Pyongyang
Paramagudi	IN	Asia/Kolkata
Shkodër	AL	Europe/Tirane
Zerakpur	IN	Asia/Kolkata
Las Rozas de Madrid	ES	Europe/Madrid
Yuma	US	America/Phoenix
Paranavaí	BR	America/Sao_Paulo
Ducheng	CN	Asia/Shanghai
Cipolletti	AR	America/Argentina/Salta
Kamisu	JP	Asia/Tokyo
Burdur	TR	Europe/Istanbul
Shenjiamen	CN	Asia/Shanghai
Ōmura	JP	Asia/Tokyo
San Carlos de Bariloche	AR	America/Argentina/Salta
Inhambane	MZ	Africa/Maputo
La Habana Vieja	CU	America/Havana
Novopolotsk	BY	Europe/Minsk
Tiruchengode	IN	Asia/Kolkata
Amozoc de Mota	MX	America/Mexico_City
Brockton	US	America/New_York
Owendo	GA	Africa/Libreville
Mons	BE	Europe/Brussels
Hương Thủy	VN	Asia/Ho_Chi_Minh
Yotsukaidō	JP	Asia/Tokyo
Boli	CN	Asia/Shanghai
Gafsa	TN	Africa/Tunis
Xiaoshan	CN	Asia/Shanghai
Saint-Michel de l'Atalaye	HT	America/Port-au-Prince
Xingguo	CN	Asia/Shanghai
Pagoh	MY	Asia/Kuala_Lumpur
San Fernando	ES	Europe/Madrid
Dearborn	US	America/Detroit
Federal Way	US	America/Los_Angeles
Closepet	IN	Asia/Kolkata
Emmiganūr	IN	Asia/Kolkata
Labuan	MY	Asia/Kuala_Lumpur
Lindi	TZ	Africa/Dar_es_Salaam
Lee's Summit	US	America/Chicago
Daanbantayan	PH	Asia/Manila
Vaniyambadi	IN	Asia/Kolkata
Delft	NL	Europe/Amsterdam
Kovilpatti	IN	Asia/Kolkata
Asheville	US	America/New_York
Zaxo	IQ	Asia/Baghdad
Ushirombo	TZ	Africa/Dar_es_Salaam
Aqaba	JO	Asia/Amman
Catumbela	AO	Africa/Luanda
Frederiksberg	DK	Europe/Copenhagen
Kutloanong	ZA	Africa/Johannesburg
Biu	NG	Africa/Lagos
Olupona	NG	Africa/Lagos
Romford	GB	Europe/London
Ozerki	RU	Europe/Moscow
Novogireyevo	RU	Europe/Moscow
Vostochnoe Degunino	RU	Europe/Moscow
Rawad	TN	Africa/Tunis
Cereté	CO	America/Bogota
Roquetas de Mar	ES	Europe/Madrid
Spokane Valley	US	America/Los_Angeles
Kanuma	JP	Asia/Tokyo
As Salamīyah	SY	Asia/Damascus
Parli Vaijnāth	IN	Asia/Kolkata
Bình Minh	VN	Asia/Ho_Chi_Minh
Alkmaar	NL	Europe/Amsterdam
Tiko	CM	Africa/Douala
Wuchang	CN	Asia/Shanghai
Djougou	BJ	Africa/Porto-Novo
Aracruz	BR	America/Sao_Paulo
Leskovac	RS	Europe/Belgrade
Behshahr	IR	Asia/Tehran
Hanamaki	JP	Asia/Tokyo
Tiflet	MA	Africa/Casablanca
Fordham	US	America/New_York
Bibā	EG	Africa/Cairo
Sanjō	JP	Asia/Tokyo
Nemby	PY	America/Asuncion
Livonia	US	America/Detroit
Al Qurayn	EG	Africa/Cairo
Mainpuri	IN	Asia/Kolkata
Jaçanã	BR	America/Sao_Paulo
Khāmgaon	IN	Asia/Kolkata
Anusawari	TH	Asia/Bangkok
Roswell	US	America/New_York
Aksum	ET	Africa/Addis_Ababa
Makrāna	IN	Asia/Kolkata
Yonezawa	JP	Asia/Tokyo
São João del Rei	BR	America/Sao_Paulo
Orem	US	America/Denver
Allinagaram	IN	Asia/Kolkata
Dunhou	CN	Asia/Shanghai
Bayan Hot	CN	Asia/Shanghai
Tsentralno-Miskyi	UA	Europe/Kyiv
Ximeicun	CN	Asia/Shanghai
Yuzivskyi	UA	Europe/Kyiv
Azumino	JP	Asia/Tokyo
Daxi	TW	Asia/Taipei
Novyy Urengoy	RU	Asia/Yekaterinburg
Boryeong	KR	Asia/Seoul
Yilan	TW	Asia/Taipei
Awsīm	EG	Africa/Cairo
Gjakovë	XK	Europe/Belgrade
Ruwa	ZW	Africa/Harare
Sông Cầu	VN	Asia/Ho_Chi_Minh
Pendang	MY	Asia/Kuala_Lumpur
Chomedey	CA	America/Toronto
Paracatu	BR	America/Sao_Paulo
Fall River	US	America/New_York
Cacém	PT	Europe/Lisbon
Gudiyatham	IN	Asia/Kolkata
Zhongduo	CN	Asia/Shanghai
Hayes	GB	Europe/London
Ashiya	JP	Asia/Tokyo
Dhār	IN	Asia/Kolkata
Lawrence	US	America/Chicago
Gambat	PK	Asia/Karachi
Gesundbrunnen	DE	Europe/Berlin
Novoural’sk	RU	Asia/Yekaterinburg
The Woodlands	US	America/Chicago
Zheleznogorsk	RU	Asia/Krasnoyarsk
Bandar Kinrara	MY	Asia/Kuala_Lumpur
Fangcheng	CN	Asia/Shanghai
West Albany	US	America/New_York
Khương Đình	VN	Asia/Bangkok
Norrköping	SE	Europe/Stockholm
Bohicon	BJ	Africa/Porto-Novo
Daotian	CN	Asia/Shanghai
Yakima	US	America/Los_Angeles
Kharkivskyi Masyv	UA	Europe/Kyiv
Yunnanyi	CN	Asia/Shanghai
Shuangliao	CN	Asia/Shanghai
Mogi Mirim	BR	America/Sao_Paulo
Lajeado	BR	America/Sao_Paulo
García	MX	America/Monterrey
Quincy	US	America/New_York
Aflou	DZ	Africa/Algiers
Yala	TH	Asia/Bangkok
Dipolog	PH	Asia/Manila
Al-Qāsim	IQ	Asia/Baghdad
Baraut	IN	Asia/Kolkata
Zhaoyuan	CN	Asia/Shanghai
Michurinsk	RU	Europe/Moscow
Kuala Nerus	MY	Asia/Kuala_Lumpur
Kribi	CM	Africa/Douala
Guadalajara	ES	Europe/Madrid
Düren	DE	Europe/Berlin
České Budějovice	CZ	Europe/Prague
Fuwwah	EG	Africa/Cairo
Yashio	JP	Asia/Tokyo
Flatbush	US	America/New_York
Lysychansk	UA	Europe/Kyiv
Monastir	TN	Africa/Tunis
Harlow	GB	Europe/London
Dalai	CN	Asia/Shanghai
Hesperia	US	America/Los_Angeles
Lere	NG	Africa/Lagos
La Spezia	IT	Europe/Rome
Carson	US	America/Los_Angeles
Barletta	IT	Europe/Rome
Modi‘in Makkabbim Re‘ut	IL	Asia/Jerusalem
Polatlı	TR	Europe/Istanbul
Tangwu	CN	Asia/Shanghai
Boca Raton	US	America/New_York
Jiayue	CN	Asia/Shanghai
Budapest XVIII. kerület	HU	Europe/Budapest
Santa Monica	US	America/Los_Angeles
Kalibo	PH	Asia/Manila
Rubio	VE	America/Caracas
Praga Północ	PL	Europe/Warsaw
Kalyani	IN	Asia/Kolkata
Changping	CN	Asia/Shanghai
Inagi	JP	Asia/Tokyo
Râmnicu Vâlcea	RO	Europe/Bucharest
Ōbu	JP	Asia/Tokyo
Galle	LK	Asia/Colombo
Stilfontein	ZA	Africa/Johannesburg
Doddaballapura	IN	Asia/Kolkata
Heerlen	NL	Europe/Amsterdam
Ozamiz City	PH	Asia/Manila
Lorca	ES	Europe/Madrid
Itajubá	BR	America/Sao_Paulo
Qonce	ZA	Africa/Johannesburg
Jinja	UG	Africa/Kampala
Nouméa	NC	Pacific/Noumea
Kitakami	JP	Asia/Tokyo
Heho	MM	Asia/Yangon
Kalaw	MM	Asia/Yangon
Osnovyanskyi	UA	Europe/Kyiv
Wonosobo	ID	Asia/Jakarta
La Marsa	TN	Africa/Tunis
Kineshma	RU	Europe/Moscow
Negage	AO	Africa/Luanda
Bafra	TR	Europe/Istanbul
Chīrāla	IN	Asia/Kolkata
Wukari	NG	Africa/Lagos
Krasnogorsk	RU	Europe/Moscow
San Marcos	US	America/Los_Angeles
Pushkin	RU	Europe/Moscow
Hastings	GB	Europe/London
Moa	CU	America/Havana
Lianzhou	CN	Asia/Shanghai
Sunyani	GH	Africa/Accra
Malacatán	GT	America/Guatemala
Avaré	BR	America/Sao_Paulo
Boyle Heights	US	America/Los_Angeles
Magadan	RU	Asia/Magadan
Banco Filipino Homes	PH	Asia/Manila
Beni Mered	DZ	Africa/Algiers
Igbo-Ora	NG	Africa/Lagos
Cajamar	BR	America/Sao_Paulo
High Peak	GB	Europe/London
Akot	IN	Asia/Kolkata
Kaizuka	JP	Asia/Tokyo
Palimanan	ID	Asia/Jakarta
Fatehpur	IN	Asia/Kolkata
Patos	BR	America/Fortaleza
Yingqiu	CN	Asia/Shanghai
Plantation	US	America/New_York
Grudziądz	PL	Europe/Warsaw
Gharroli	IN	Asia/Kolkata
Njombe	TZ	Africa/Dar_es_Salaam
Rahlstedt	DE	Europe/Berlin
Semenyih	MY	Asia/Kuala_Lumpur
Maizuru	JP	Asia/Tokyo
Selong	ID	Asia/Makassar
Concepción	VE	America/Caracas
Lynn	US	America/New_York
Villa María	AR	America/Argentina/Cordoba
Ratchaburi	TH	Asia/Bangkok
Pamekasan	ID	Asia/Jakarta
Gravatá	BR	America/Recife
Clementi Housing Estate	SG	Asia/Singapore
Sendai	JP	Asia/Tokyo
Al Hārithah	IQ	Asia/Baghdad
Esslingen	DE	Europe/Berlin
Darlington	GB	Europe/London
Muğla	TR	Europe/Istanbul
Bang Phlat	TH	Asia/Bangkok
Tübingen	DE	Europe/Berlin
Pandeglang	ID	Asia/Jakarta
Miami Beach	US	America/New_York
Rajpura	IN	Asia/Kolkata
Lucas do Rio Verde	BR	America/Cuiaba
Sibolga	ID	Asia/Jakarta
Serra Talhada	BR	America/Recife
Sakai	JP	Asia/Tokyo
Vila Formosa	BR	America/Sao_Paulo
Arden-Arcade	US	America/Los_Angeles
Pariaman	ID	Asia/Jakarta
Kudus	ID	Asia/Jakarta
Ballarpur	IN	Asia/Kolkata
Rohri	PK	Asia/Karachi
Westminster	US	America/Los_Angeles
Alessandria	IT	Europe/Rome
Longonjo	AO	Africa/Luanda
Longmont	US	America/Denver
Hohoe	GH	Africa/Accra
Delmas	ZA	Africa/Johannesburg
Nasinu	FJ	Pacific/Fiji
Duitama	CO	America/Bogota
Muan	KR	Asia/Seoul
Danjiangkou	CN	Asia/Shanghai
Kot Kapūra	IN	Asia/Kolkata
Tepatitlán de Morelos	MX	America/Mexico_City
Bai’anba	CN	Asia/Shanghai
Kabirwala	PK	Asia/Karachi
Erciş	TR	Europe/Istanbul
Bugulma	RU	Europe/Moscow
El Shorouk	EG	Africa/Cairo
Sassari	IT	Europe/Rome
Kilosa	TZ	Africa/Dar_es_Salaam
Manhuaçu	BR	America/Sao_Paulo
Caringin	ID	Asia/Jakarta
Bhandāra	IN	Asia/Kolkata
Santa Barbara	US	America/Los_Angeles
Ubatuba	BR	America/Sao_Paulo
Iserlohn	DE	Europe/Berlin
Witten	DE	Europe/Berlin
Nisshin	JP	Asia/Tokyo
Higashi-Matsuyama	JP	Asia/Tokyo
Cuamba	MZ	Africa/Maputo
Stevenage	GB	Europe/London
São João da Boa Vista	BR	America/Sao_Paulo
Pickering	CA	America/Toronto
Cidade Ocidental	BR	America/Sao_Paulo
Zhongshu	CN	Asia/Shanghai
Türkmenbaşy	TM	Asia/Ashgabat
Southport	GB	Europe/London
Huazhou	CN	Asia/Shanghai
Phú Thọ	VN	Asia/Bangkok
Ratingen	DE	Europe/Berlin
Porto Amboim	AO	Africa/Luanda
Soran	IQ	Asia/Baghdad
Redding	US	America/Los_Angeles
Xingren	CN	Asia/Shanghai
Cárdenas	MX	America/Mexico_City
Grahamstown	ZA	Africa/Johannesburg
Banga	PH	Asia/Manila
Longquan	CN	Asia/Shanghai
Kalamariá	GR	Europe/Athens
Yatou	CN	Asia/Shanghai
Tanfang	CN	Asia/Shanghai
Kars	TR	Europe/Istanbul
Patrocínio	BR	America/Sao_Paulo
Surallah	PH	Asia/Manila
Lodja	CD	Africa/Lubumbashi
Tartu	EE	Europe/Tallinn
Sablayan	PH	Asia/Manila
Molārband	IN	Asia/Kolkata
Pergamino	AR	America/Argentina/Buenos_Aires
Marl	DE	Europe/Berlin
Bagaha	IN	Asia/Kolkata
Macon	US	America/New_York
Bạch Mai	VN	Asia/Bangkok
Jirapa	GH	Africa/Accra
Rayachoti	IN	Asia/Kolkata
Arujá	BR	America/Sao_Paulo
Al Minshāh	EG	Africa/Cairo
Daisen	JP	Asia/Tokyo
Nakonde	ZM	Africa/Lusaka
Bethlehem	ZA	Africa/Johannesburg
Niğde	TR	Europe/Istanbul
Newmarket	CA	America/Toronto
Lünen	DE	Europe/Berlin
Yaroslavskiy	RU	Europe/Moscow
Lefortovo	RU	Europe/Moscow
Launceston	AU	Australia/Hobart
Ga-Rankuwa	ZA	Africa/Johannesburg
Gaoyou	CN	Asia/Shanghai
Kunjah	PK	Asia/Karachi
Lüleburgaz	TR	Europe/Istanbul
Myitkyina	MM	Asia/Yangon
Lqoliaa	MA	Africa/Casablanca
Yulinshi	CN	Asia/Shanghai
Chauk	MM	Asia/Yangon
Al Badrashayn	EG	Africa/Cairo
Thakhèk	LA	Asia/Vientiane
Chinhoyi	ZW	Africa/Harare
Namyangju	KR	Asia/Seoul
‘Amrān	YE	Asia/Aden
Imizu	JP	Asia/Tokyo
Meridian	US	America/Boise
San Leandro	US	America/Los_Angeles
Kishorganj	BD	Asia/Dhaka
Caratinga	BR	America/Sao_Paulo
Mtwapa	KE	Africa/Nairobi
Emure-Ekiti	NG	Africa/Lagos
Hanting	CN	Asia/Shanghai
Bohodukhivskyi	UA	Europe/Kyiv
Kattaqo’rg’on Shahri	UZ	Asia/Samarkand
Greenville	US	America/New_York
Hradec Králové	CZ	Europe/Prague
Tongren	CN	Asia/Shanghai
Saquarema	BR	America/Sao_Paulo
Körfez	TR	Europe/Istanbul
Mihara	JP	Asia/Tokyo
Çankırı	TR	Europe/Istanbul
Eslāmābād-e Gharb	IR	Asia/Tehran
Chester	GB	Europe/London
Moḩammadīyeh	IR	Asia/Tehran
Retalhuleu	GT	America/Guatemala
Araripina	BR	America/Recife
Nanaimo	CA	America/Vancouver
Ziway	ET	Africa/Addis_Ababa
Palmerston North	NZ	Pacific/Auckland
Kuznetsk	RU	Europe/Moscow
Tual	ID	Asia/Jayapura
Montelíbano	CO	America/Bogota
Xihe	CN	Asia/Shanghai
Guliston	UZ	Asia/Tashkent
San Juan Bautista	VE	America/Caracas
Ústí nad Labem	CZ	Europe/Prague
Cubal	AO	Africa/Luanda
Kadayanallur	IN	Asia/Kolkata
Phra Khanong	TH	Asia/Bangkok
Valparai	IN	Asia/Kolkata
Masvingo	ZW	Africa/Harare
Abū Qurqāş	EG	Africa/Cairo
Duobao	CN	Asia/Shanghai
Kirovo-Chepetsk	RU	Europe/Kirov
Berdsk	RU	Asia/Novosibirsk
Bougouni	ML	Africa/Bamako
Bela Bela	ZA	Africa/Johannesburg
Pleven	BG	Europe/Sofia
Reconquista	AR	America/Argentina/Cordoba
Huddinge	SE	Europe/Stockholm
Pollachi	IN	Asia/Kolkata
Daharki	PK	Asia/Karachi
Prosperidad	PH	Asia/Manila
El Khroub	DZ	Africa/Algiers
Alabel	PH	Asia/Manila
Wajir	KE	Africa/Nairobi
Marudi	MY	Asia/Kuching
New Plymouth	NZ	Pacific/Auckland
Kāvali	IN	Asia/Kolkata
Edmond	US	America/Chicago
Wembley	GB	Europe/London
Airdrie	CA	America/Edmonton
San Vicente	AR	America/Argentina/Buenos_Aires
Botoşani	RO	Europe/Bucharest
Dubai Silicon Oasis	AE	Asia/Dubai
Cela	AO	Africa/Luanda
Cafunfo	AO	Africa/Luanda
Quissecula	AO	Africa/Luanda
Kanata	CA	America/Toronto
Roha	IN	Asia/Kolkata
Alvand	IR	Asia/Tehran
Chinatown	US	America/New_York
Luomen	CN	Asia/Shanghai
Fort-de-France	MQ	America/Martinique
Ancona	IT	Europe/Rome
Isieke	NG	Africa/Lagos
Huaidian	CN	Asia/Shanghai
Mancherial	IN	Asia/Kolkata
Dinga	PK	Asia/Karachi
Kwail-ŭp	KP	Asia/Pyongyang
Ponte Rasa	BR	America/Sao_Paulo
Mogok	MM	Asia/Yangon
Nampa	US	America/Boise
Saphan Sung	TH	Asia/Bangkok
Point Pedro	LK	Asia/Colombo
Butajīra	ET	Africa/Addis_Ababa
Avignon	FR	Europe/Paris
Gatchina	RU	Europe/Moscow
Baisha	CN	Asia/Shanghai
Grays	GB	Europe/London
Msaken	TN	Africa/Tunis
Itapeva	BR	America/Sao_Paulo
Olavarría	AR	America/Argentina/Buenos_Aires
Masasi	TZ	Africa/Dar_es_Salaam
Lillestrøm	NO	Europe/Oslo
Cáceres	BR	America/Cuiaba
Calauan	PH	Asia/Manila
Avaniyāpuram	IN	Asia/Kolkata
Nyaunglebin	MM	Asia/Yangon
Trenton	US	America/New_York
Kōka	JP	Asia/Tokyo
Sangyoung	MM	Asia/Yangon
Miaohang	CN	Asia/Shanghai
Maitland	AU	Australia/Sydney
Sandy Hills	US	America/Denver
Aricanduva	BR	America/Sao_Paulo
Murādnagar	IN	Asia/Kolkata
Tuggeranong	AU	Australia/Sydney
Ankleshwar	IN	Asia/Kolkata
Circoiscrizione VII	IT	Europe/Rome
Fujin	CN	Asia/Shanghai
Yoff	SN	Africa/Dakar
Kadiri	IN	Asia/Kolkata
Granada	NI	America/Managua
Níkaia	GR	Europe/Athens
Tân Bình	VN	Asia/Ho_Chi_Minh
Katwa	CD	Africa/Lubumbashi
Mulongo	CD	Africa/Lubumbashi
Marseille 13	FR	Europe/Paris
Lankaran	AZ	Asia/Baku
Huaicheng	CN	Asia/Shanghai
Shahdol	IN	Asia/Kolkata
Shrirampur	IN	Asia/Kolkata
Kwangyang	KR	Asia/Seoul
Alīgūdarz	IR	Asia/Tehran
Ŭndŏk	KP	Asia/Pyongyang
Houmt Souk	TN	Africa/Tunis
Miragoâne	HT	America/Port-au-Prince
Gießen	DE	Europe/Berlin
Polangui	PH	Asia/Manila
Hongseong	KR	Asia/Seoul
Mahobā	IN	Asia/Kolkata
Guidonia Montecelio	IT	Europe/Rome
Micheng	CN	Asia/Shanghai
Lorena	BR	America/Sao_Paulo
Mudon	MM	Asia/Yangon
Lucheng	CN	Asia/Shanghai
Hede	CN	Asia/Shanghai
Kūhdasht	IR	Asia/Tehran
Chengxiang	CN	Asia/Shanghai
Cruzeiro do Sul	BR	America/Rio_Branco
Biyalā	EG	Africa/Cairo
Harrogate	GB	Europe/London
Banjar	ID	Asia/Makassar
Bibir Hat	BD	Asia/Dhaka
Sambava	MG	Indian/Antananarivo
Gantang	CN	Asia/Shanghai
Biryulëvo Zapadnoye	RU	Europe/Moscow
Kholodna Hora	UA	Europe/Kyiv
Nusaybin	TR	Europe/Istanbul
Cicurug	ID	Asia/Jakarta
Nandajie	CN	Asia/Shanghai
Lengshuitan	CN	Asia/Shanghai
Kartasura	ID	Asia/Jakarta
Calabanga	PH	Asia/Manila
Shwebo	MM	Asia/Yangon
Iga	JP	Asia/Tokyo
Sao Domingos	BR	America/Sao_Paulo
Talavera de la Reina	ES	Europe/Madrid
Hartlepool	GB	Europe/London
Ereğli	TR	Europe/Istanbul
Fusagasugá	CO	America/Bogota
Mangaldan	PH	Asia/Manila
Newton	US	America/New_York
Nuneaton	GB	Europe/London
Toms River	US	America/New_York
Rāmgarh	IN	Asia/Kolkata
Habiganj	BD	Asia/Dhaka
Wangqing	CN	Asia/Shanghai
Budapest II. kerület	HU	Europe/Budapest
Rafaela	AR	America/Argentina/Cordoba
Carmel	US	America/Indiana/Indianapolis
Xiazhuang	CN	Asia/Shanghai
Contai	IN	Asia/Kolkata
Khan Na Yao	TH	Asia/Bangkok
Hanau am Main	DE	Europe/Berlin
Montero	BO	America/La_Paz
Sangrūr	IN	Asia/Kolkata
Chosica	PE	America/Lima
Val Dor	MY	Asia/Kuala_Lumpur
Campo di Marte	IT	Europe/Rome
Alaghsas	NE	Africa/Niamey
Thul	PK	Asia/Karachi
Centro	ES	Atlantic/Canary
Gengqing	CN	Asia/Shanghai
Pardubice	CZ	Europe/Prague
Linjiacun	CN	Asia/Shanghai
Zhoujiaba	CN	Asia/Shanghai
Barra do Corda	BR	America/Fortaleza
Norwalk	US	America/New_York
Waukegan	US	America/Chicago
Deltona	US	America/New_York
Takayama	JP	Asia/Tokyo
Berisso	AR	America/Argentina/Buenos_Aires
La Haute-Saint-Charles	CA	America/Toronto
Honghe	CN	Asia/Shanghai
Hawthorne	US	America/Los_Angeles
Montepuez	MZ	Africa/Maputo
Nirmal	IN	Asia/Kolkata
Fūlād Shahr	IR	Asia/Tehran
Al Bahah	SA	Asia/Riyadh
Fukuroi	JP	Asia/Tokyo
Bhimdatta	NP	Asia/Kathmandu
Klangenan	ID	Asia/Jakarta
El Puerto de Santa María	ES	Europe/Madrid
Mobara	JP	Asia/Tokyo
Ben Arous	TN	Africa/Tunis
Quixadá	BR	America/Fortaleza
Ciénaga	CO	America/Bogota
Le Kram	TN	Africa/Tunis
Hastings	NZ	Pacific/Auckland
Heroica Ciudad de Juchitán de Zaragoza	MX	America/Mexico_City
Ifo	NG	Africa/Lagos
Laem Chabang	TH	Asia/Bangkok
Baixi	CN	Asia/Shanghai
Fort Smith	US	America/Chicago
Deoband	IN	Asia/Kolkata
North Vancouver	CA	America/Vancouver
Suffolk	US	America/New_York
Sugar Land	US	America/Chicago
Livermore	US	America/Los_Angeles
Lidu	CN	Asia/Shanghai
Kozan	TR	Europe/Istanbul
Neyyāttinkara	IN	Asia/Kolkata
Tāndā	IN	Asia/Kolkata
Bais	PH	Asia/Manila
Mogoditshane	BW	Africa/Gaborone
Nowshera Kalan	PK	Asia/Karachi
Taikkyi	MM	Asia/Yangon
Sarov	RU	Europe/Moscow
Arayat	PH	Asia/Manila
Nashua	US	America/New_York
Yuzhou	CN	Asia/Shanghai
Qorveh	IR	Asia/Tehran
Samannūd	EG	Africa/Cairo
Yingge	TW	Asia/Taipei
Wakiso	UG	Africa/Kampala
Idiofa	CD	Africa/Kinshasa
Gusong	CN	Asia/Shanghai
Kolar	IN	Asia/Kolkata
Yozgat	TR	Europe/Istanbul
Al-Tabqa	SY	Asia/Damascus
Reading	US	America/New_York
Jhumri Telaiya	IN	Asia/Kolkata
Amsterdam-Zuidoost	NL	Europe/Amsterdam
Redditch	GB	Europe/London
Surigao	PH	Asia/Manila
Perus	BR	America/Sao_Paulo
Balkanabat	TM	Asia/Ashgabat
Yeysk	RU	Europe/Moscow
Tagaytay	PH	Asia/Manila
Ŏrang	KP	Asia/Pyongyang
Arecibo	PR	America/Puerto_Rico
Hanchuan	CN	Asia/Shanghai
Aruppukkottai	IN	Asia/Kolkata
Takasago	JP	Asia/Tokyo
Maumere	ID	Asia/Makassar
Buzuluk	RU	Asia/Yekaterinburg
Dapitan	PH	Asia/Manila
Concord	US	America/New_York
Farīdkot	IN	Asia/Kolkata
Tiefu	CN	Asia/Shanghai
Maco	PH	Asia/Manila
San Antonio	CL	America/Santiago
Velbert	DE	Europe/Berlin
Kadugli	SD	Africa/Khartoum
Qiongshan	CN	Asia/Shanghai
Madgaon	IN	Asia/Kolkata
Gitarama	RW	Africa/Kigali
Ludwigsburg	DE	Europe/Berlin
Deqing	CN	Asia/Shanghai
Gurupi	BR	America/Araguaina
Indio	US	America/Los_Angeles
Rio Rancho	US	America/Denver
Enchanted Hills	US	America/Denver
Taroudant	MA	Africa/Casablanca
Shevchenkivskyi	UA	Europe/Kyiv
Junín	AR	America/Argentina/Buenos_Aires
Santa Fe	US	America/Denver
Sandy	US	America/Denver
Xujiang	CN	Asia/Shanghai
Settsu	JP	Asia/Tokyo
Wonosari	ID	Asia/Jakarta
Patnos	TR	Europe/Istanbul
Whittier	US	America/Los_Angeles
Velampālaiyam	IN	Asia/Kolkata
Thượng Cát	VN	Asia/Bangkok
Ben Gardane	TN	Africa/Tunis
Bantayan	PH	Asia/Manila
Midrand	ZA	Africa/Johannesburg
Maghnia	DZ	Africa/Algiers
Canarsie	US	America/New_York
Jamūī	IN	Asia/Kolkata
Qaraçuxur	AZ	Asia/Baku
Maladziečna	BY	Europe/Minsk
Bishan New Town	SG	Asia/Singapore
Glyfáda	GR	Europe/Athens
Lisovyi Masyv	UA	Europe/Kyiv
Igede-Ekiti	NG	Africa/Lagos
Kirkland	US	America/Los_Angeles
Ende	ID	Asia/Makassar
Mishan	CN	Asia/Shanghai
Lund	SE	Europe/Stockholm
Nenjiang	CN	Asia/Shanghai
Sefrou	MA	Africa/Casablanca
Anjār	IN	Asia/Kolkata
Menifee	US	America/Los_Angeles
Cornellà de Llobregat	ES	Europe/Madrid
Fulham	GB	Europe/London
Londonderry County Borough	GB	Europe/London
Paralakhemundi	IN	Asia/Kolkata
Houndé	BF	Africa/Ouagadougou
Brindisi	IT	Europe/Rome
Newport Beach	US	America/Los_Angeles
Tracy	US	America/Los_Angeles
Ad Douiem	SD	Africa/Khartoum
Citrus Heights	US	America/Los_Angeles
Norton	ZW	Africa/Harare
Bend	US	America/Los_Angeles
Lerik	AZ	Asia/Baku
Gubkin	RU	Europe/Moscow
Vavoua	CI	Africa/Abidjan
Brigittenau	AT	Europe/Vienna
Effium	NG	Africa/Lagos
Jharia	IN	Asia/Kolkata
Hacienda Santa Fe	MX	America/Mexico_City
Kongolo	CD	Africa/Lubumbashi
Ban Mai	TH	Asia/Bangkok
Sơn Trà	VN	Asia/Ho_Chi_Minh
Menglang	CN	Asia/Shanghai
San Ramón de la Nueva Orán	AR	America/Argentina/Salta
Ad Dawādimī	SA	Asia/Riyadh
Campana	AR	America/Argentina/Buenos_Aires
Montréal-Nord	CA	America/Toronto
Louis Trichardt	ZA	Africa/Johannesburg
Kāraikāl	IN	Asia/Kolkata
Canton	US	America/Detroit
Caguas	PR	America/Puerto_Rico
Kāmthi	IN	Asia/Kolkata
Lehigh Acres	US	America/New_York
Hānsi	IN	Asia/Kolkata
Greenburgh	US	America/New_York
Kasoa	GH	Africa/Accra
Shizilu	CN	Asia/Shanghai
Asnières-sur-Seine	FR	Europe/Paris
Batticaloa	LK	Asia/Colombo
Nanterre	FR	Europe/Paris
Gbawe	GH	Africa/Accra
Tumaco	CO	America/Bogota
Chaykovskiy	RU	Asia/Yekaterinburg
Rat Burana	TH	Asia/Bangkok
Atlixco	MX	America/Mexico_City
Brno střed	CZ	Europe/Prague
Ixelles	BE	Europe/Brussels
Mayiladuthurai	IN	Asia/Kolkata
Podilskyi	UA	Europe/Kyiv
Jiangshan	CN	Asia/Shanghai
Hualpén	CL	America/Santiago
Paraiso	MX	America/Mexico_City
Vĩnh Tuy	VN	Asia/Bangkok
Gotemba	JP	Asia/Tokyo
Abū an Numrus	EG	Africa/Cairo
Bojonegoro	ID	Asia/Jakarta
Zhaogezhuang	CN	Asia/Shanghai
Toledo	ES	Europe/Madrid
Al Farwānīyah	KW	Asia/Kuwait
Anakapalle	IN	Asia/Kolkata
Victorias	PH	Asia/Manila
Hamakita	JP	Asia/Tokyo
Tulcán	EC	America/Guayaquil
Idanre	NG	Africa/Lagos
Apartadó	CO	America/Bogota
Bloomington	US	America/Chicago
West Town	US	America/Chicago
Amsterdam-Centrum	NL	Europe/Amsterdam
Anlong	CN	Asia/Shanghai
Tagbilaran City	PH	Asia/Manila
Puli	TW	Asia/Taipei
Navegantes	BR	America/Sao_Paulo
Germantown	US	America/New_York
Kitanagoya	JP	Asia/Tokyo
Le Sud-Ouest	CA	America/Toronto
Gyōda	JP	Asia/Tokyo
Clifton	US	America/New_York
Nitra	SK	Europe/Bratislava
Miaoli	TW	Asia/Taipei
Qamdo	CN	Asia/Shanghai
Cái Răng	VN	Asia/Ho_Chi_Minh
Kampung Manjoi	MY	Asia/Kuala_Lumpur
Dunkirk	FR	Europe/Paris
Bangkalan	ID	Asia/Jakarta
Chigorodó	CO	America/Bogota
Kasihan	ID	Asia/Jakarta
Viacha	BO	America/La_Paz
Maduravoyal	IN	Asia/Kolkata
Ibshawāy	EG	Africa/Cairo
Kashiwazaki	JP	Asia/Tokyo
Lyon 08	FR	Europe/Paris
Sārni	IN	Asia/Kolkata
Grimsby	GB	Europe/London
Nanfeng	CN	Asia/Shanghai
Ama	JP	Asia/Tokyo
Cannock	GB	Europe/London
Duluth	US	America/Chicago
Moncton	CA	America/Moncton
Rutoma	UG	Africa/Kampala
Champaign	US	America/Chicago
Volos	GR	Europe/Athens
Samch’ŏn	KP	Asia/Pyongyang
Gbarnga	LR	Africa/Monrovia
Potiskum	NG	Africa/Lagos
Ar Rumaylah	AE	Asia/Dubai
Tajrīsh	IR	Asia/Tehran
Lianozovo	RU	Europe/Moscow
Babushkin	RU	Europe/Moscow
Novi Pazar	RS	Europe/Belgrade
Melilla	ES	Africa/Ceuta
Poitiers	FR	Europe/Paris
Dausa	IN	Asia/Kolkata
Kepong	MY	Asia/Kuala_Lumpur
Keffi	NG	Africa/Lagos
Coari	BR	America/Manaus
Galway	IE	Europe/Dublin
Usol’ye-Sibirskoye	RU	Asia/Irkutsk
Bukit Timah	SG	Asia/Singapore
Cacoal	BR	America/Porto_Velho
Lichterfelde	DE	Europe/Berlin
Panevėžys	LT	Europe/Vilnius
Zhonggulou	CN	Asia/Shanghai
Parādīp Garh	IN	Asia/Kolkata
Heidelberg	ZA	Africa/Johannesburg
Makoko	NG	Africa/Lagos
Flensburg	DE	Europe/Berlin
Longnan	CN	Asia/Shanghai
Peterborough	CA	America/Toronto
Agua Rasa	BR	America/Sao_Paulo
Ryūgasaki	JP	Asia/Tokyo
Treviso	IT	Europe/Rome
Helong	CN	Asia/Shanghai
Near North Side	US	America/Chicago
Tecomán	MX	America/Mexico_City
Peñaflor	CL	America/Santiago
Kosmichnyi	UA	Europe/Kyiv
Obruchevo	RU	Europe/Moscow
Adwa	ET	Africa/Addis_Ababa
Esmeraldas	BR	America/Sao_Paulo
Chino	US	America/Los_Angeles
Arauca	CO	America/Bogota
El Bayadh	DZ	Africa/Algiers
Mukachevo	UA	Europe/Kyiv
Krasnaya Glinka	RU	Asia/Yekaterinburg
Redenção	BR	America/Belem
Yokote	JP	Asia/Tokyo
Alhambra	US	America/Los_Angeles
Svetlanovskiy	RU	Europe/Moscow
Bangil	ID	Asia/Jakarta
Định Công	VN	Asia/Bangkok
Nanding	CN	Asia/Shanghai
Birni N Konni	NE	Africa/Niamey
Moriyama	JP	Asia/Tokyo
Ogden	US	America/Denver
Sóc Sơn	VN	Asia/Bangkok
Lakang	MM	Asia/Yangon
Versailles	FR	Europe/Paris
Guozhen	CN	Asia/Shanghai
Voznesenskyi	UA	Europe/Kyiv
Sandnes	NO	Europe/Oslo
Khalifah A City	AE	Asia/Dubai
Tārūt	SA	Asia/Riyadh
Los Reyes Acaquilpan	MX	America/Mexico_City
Maun	BW	Africa/Gaborone
Santo Amaro	BR	America/Sao_Paulo
Torre del Greco	IT	Europe/Rome
Al Marj	LY	Africa/Tripoli
Lido di Ostia	IT	Europe/Rome
Redwood City	US	America/Los_Angeles
Sekimachi	JP	Asia/Tokyo
Dengzhou	CN	Asia/Shanghai
Wedding	DE	Europe/Berlin
Mehestan	IR	Asia/Tehran
Yegor’yevsk	RU	Europe/Moscow
Goiana	BR	America/Recife
Courbevoie	FR	Europe/Paris
Bellingham	US	America/Los_Angeles
Qufu	CN	Asia/Shanghai
Essaouira	MA	Africa/Casablanca
Makeni	SL	Africa/Freetown
Iwamizawa	JP	Asia/Tokyo
Hingoli	IN	Asia/Kolkata
Gia Nghĩa	VN	Asia/Ho_Chi_Minh
Muñoz	PH	Asia/Manila
Monte Chingolo	AR	America/Argentina/Buenos_Aires
O'Fallon	US	America/Chicago
Puerto Maldonado	PE	America/Lima
Santa Inês	BR	America/Fortaleza
Mohammed Bin Zayed City	AE	Asia/Dubai
Sintang	ID	Asia/Pontianak
Rukban	JO	Asia/Amman
Damansara Damai	MY	Asia/Kuala_Lumpur
Vwawa	TZ	Africa/Dar_es_Salaam
Repentigny	CA	America/Toronto
Gonaïves	HT	America/Port-au-Prince
Unaí	BR	America/Sao_Paulo
Guanambi	BR	America/Bahia
Sathon	TH	Asia/Bangkok
Bāruni	IN	Asia/Kolkata
Hoover	US	America/Chicago
Créteil	FR	Europe/Paris
Jeypore	IN	Asia/Kolkata
Como	IT	Europe/Rome
Ílion	GR	Europe/Athens
Madaripur	BD	Asia/Dhaka
Ciudad Mante	MX	America/Monterrey
Konotop	UA	Europe/Kyiv
Ijuí	BR	America/Sao_Paulo
Pato Branco	BR	America/Sao_Paulo
Rivera	UY	America/Montevideo
Komae	JP	Asia/Tokyo
Laojunmiao	CN	Asia/Shanghai
Cottbus	DE	Europe/Berlin
Túxpam de Rodríguez Cano	MX	America/Mexico_City
Seropédica	BR	America/Sao_Paulo
Chiguayante	CL	America/Santiago
Epe	NG	Africa/Lagos
El Ejido	ES	Europe/Madrid
Nakatsu	JP	Asia/Tokyo
Al-Manākh	EG	Africa/Cairo
Melbourne	US	America/New_York
Gamboru	NG	Africa/Lagos
Dien Bien Phu	VN	Asia/Bangkok
Tlaxcala	MX	America/Mexico_City
Hawr al ‘Anz	AE	Asia/Dubai
Akhisar	TR	Europe/Istanbul
Danbury	US	America/New_York
Sumenep	ID	Asia/Jakarta
Ushiku	JP	Asia/Tokyo
Katunayaka	LK	Asia/Colombo
Yeongju	KR	Asia/Seoul
Dacheng	CN	Asia/Shanghai
Mianyang	CN	Asia/Shanghai
Bijnor	IN	Asia/Kolkata
Tanjay	PH	Asia/Manila
St Albans	GB	Europe/London
Fnidek	MA	Africa/Casablanca
Dhoraji	IN	Asia/Kolkata
East Norwalk	US	America/New_York
Gununo	ET	Africa/Addis_Ababa
Āreka	ET	Africa/Addis_Ababa
Edinburg	US	America/Chicago
Vīrappanchathiram	IN	Asia/Kolkata
Sunrise	US	America/New_York
Salina Cruz	MX	America/Mexico_City
Dundee	ZA	Africa/Johannesburg
Carrao	BR	America/Sao_Paulo
Wilhelmshaven	DE	Europe/Berlin
Qūş	EG	Africa/Cairo
Nowy Sącz	PL	Europe/Warsaw
Ogaminana	NG	Africa/Lagos
Akçapınar	TR	Europe/Istanbul
Kasserine	TN	Africa/Tunis
Chita	JP	Asia/Tokyo
Karakol	KG	Asia/Bishkek
Piet Retief	ZA	Africa/Johannesburg
Mackay	AU	Australia/Brisbane
Dazhong	CN	Asia/Shanghai
Ettadhamen	TN	Africa/Tunis
Suceava	RO	Europe/Bucharest
Heróica Zitácuaro	MX	America/Mexico_City
Liaolan	CN	Asia/Shanghai
Bālāghāt	IN	Asia/Kolkata
Trinidad	BO	America/La_Paz
Phuthaditjhaba	ZA	Africa/Johannesburg
Çerkezköy	TR	Europe/Istanbul
Jinxiang	CN	Asia/Shanghai
Yurga	RU	Asia/Novokuznetsk
Timbuktu	ML	Africa/Bamako
Voskresenka	UA	Europe/Kyiv
Hellersdorf	DE	Europe/Berlin
Dongxia	CN	Asia/Shanghai
Saint-Pierre	RE	Indian/Reunion
Techiman	GH	Africa/Accra
Bloomington	US	America/Indiana/Indianapolis
Komendantsky aerodrom	RU	Europe/Moscow
Belo Jardim	BR	America/Recife
Kampung Sungai Kajang	MY	Asia/Kuala_Lumpur
Feni	BD	Asia/Dhaka
Udhampur	IN	Asia/Kolkata
Wanju	KR	Asia/Seoul
Najībābād	IN	Asia/Kolkata
Wako	JP	Asia/Tokyo
Binonga	PH	Asia/Manila
Reinickendorf	DE	Europe/Berlin
Degan	CN	Asia/Shanghai
Xiannü	CN	Asia/Shanghai
Bāghestān	IR	Asia/Tehran
Ayase	JP	Asia/Tokyo
Idaiyarpālaiyam	IN	Asia/Kolkata
Higashiyamato	JP	Asia/Tokyo
Cicero	US	America/Chicago
Darhan	MN	Asia/Ulaanbaatar
Paris 10 Entrepôt	FR	Europe/Paris
Yinma	CN	Asia/Shanghai
Hemet	US	America/Los_Angeles
Chiclana de la Frontera	ES	Europe/Madrid
Cianorte	BR	America/Sao_Paulo
Pinheiro	BR	America/Fortaleza
Ocotlán	MX	America/Mexico_City
Fredrikstad	NO	Europe/Oslo
Sliven	BG	Europe/Sofia
Jardim Paulista	BR	America/Sao_Paulo
South Shields	GB	Europe/London
Derry	GB	Europe/London
Hilversum	NL	Europe/Amsterdam
Lingdong	CN	Asia/Shanghai
Nanzhang Chengguanzhen	CN	Asia/Shanghai
Hamma Bouziane	DZ	Africa/Algiers
Al Qanāţir al Khayrīyah	EG	Africa/Cairo
San Pedro	US	America/Los_Angeles
Đông Ngạc	VN	Asia/Bangkok
Ahwatukee Foothills	US	America/Phoenix
Paris 10e Arrondissement	FR	Europe/Paris
Kisilevsk	RU	Asia/Novokuznetsk
Busto Arsizio	IT	Europe/Rome
Şabrātah	LY	Africa/Tripoli
Yangp'yŏng	KR	Asia/Seoul
João Monlevade	BR	America/Sao_Paulo
Ungsang	KR	Asia/Seoul
Kafr az Zayyāt	EG	Africa/Cairo
Johns Creek	US	America/New_York
La Piedad de Cabadas	MX	America/Mexico_City
Mission	US	America/Chicago
Yamatokōriyama	JP	Asia/Tokyo
Troy	US	America/Detroit
São Bento do Sul	BR	America/Sao_Paulo
Marilao	PH	Asia/Manila
Buena Park	US	America/Los_Angeles
Xucheng	CN	Asia/Shanghai
Ihiala	NG	Africa/Lagos
Harihar	IN	Asia/Kolkata
Chilla Soroda Bāngar	IN	Asia/Kolkata
Kapiri Mposhi	ZM	Africa/Lusaka
Carpina	BR	America/Recife
Fort Abbas	PK	Asia/Karachi
Sirsilla	IN	Asia/Kolkata
Moju	BR	America/Belem
Ceuta	ES	Europe/Madrid
Sinwŏn-ŭp	KP	Asia/Pyongyang
Pori	FI	Europe/Helsinki
Owariasahi	JP	Asia/Tokyo
Margahayukencana	ID	Asia/Jakarta
Wensu	CN	Asia/Urumqi
Al Khārjah	EG	Africa/Cairo
Al-Khārijah	EG	Africa/Cairo
Bulacan	PH	Asia/Manila
San José de Guanipa	VE	America/Caracas
Picos	BR	America/Fortaleza
Amakusa	JP	Asia/Tokyo
Echizen	JP	Asia/Tokyo
Kimitsu	JP	Asia/Tokyo
Galesong	ID	Asia/Makassar
Bambari	CF	Africa/Bangui
Mar del Tuyú	AR	America/Argentina/Buenos_Aires
San Fernando	PH	Asia/Manila
Kamigyō-ku	JP	Asia/Tokyo
Mid-City	US	America/Los_Angeles
Ḩawsh ‘Īsá	EG	Africa/Cairo
Ningyang	CN	Asia/Shanghai
Bingerville	CI	Africa/Abidjan
Lodwar	KE	Africa/Nairobi
Karauli	IN	Asia/Kolkata
Mānsa	IN	Asia/Kolkata
Uccle	BE	Europe/Brussels
Prešov	SK	Europe/Bratislava
David	PA	America/Panama
Jinshi	CN	Asia/Shanghai
Weston-super-Mare	GB	Europe/London
Palm Coast	US	America/New_York
Botafogo	BR	America/Sao_Paulo
Minden	DE	Europe/Berlin
Charlesbourg	CA	America/Toronto
Montego Bay	JM	America/Jamaica
Kraljevo	RS	Europe/Belgrade
Norderstedt	DE	Europe/Berlin
Fayetteville	US	America/Chicago
Sioux City	US	America/Chicago
Yacuiba	BO	America/La_Paz
Pontevedra	ES	Europe/Madrid
Muhanga	RW	Africa/Kigali
Shīrvān	IR	Asia/Tehran
Marj Al Hamam	JO	Asia/Amman
Sobradinho II	BR	America/Sao_Paulo
Ochota	PL	Europe/Warsaw
Havířov	CZ	Europe/Prague
La Villa del Rosario	VE	America/Caracas
Shikokuchūō	JP	Asia/Tokyo
Atlantis	ZA	Africa/Johannesburg
Aoxi	CN	Asia/Shanghai
Liping	CN	Asia/Shanghai
Pau	FR	Europe/Paris
Rutshuru	CD	Africa/Lubumbashi
Kelo	TD	Africa/Ndjamena
An Hải	VN	Asia/Ho_Chi_Minh
Sidi Kacem	MA	Africa/Casablanca
Algorta	ES	Europe/Madrid
Halifax	GB	Europe/London
Torrevieja	ES	Europe/Madrid
Changqing	CN	Asia/Shanghai
Jacobina	BR	America/Bahia
Malapatan	PH	Asia/Manila
Lyon 07	FR	Europe/Paris
Cruzeiro	BR	America/Sao_Paulo
Dali Old Town	CN	Asia/Shanghai
Sinhyeon	KR	Asia/Seoul
Xindian	CN	Asia/Shanghai
San Martín	AR	America/Argentina/Mendoza
Saint-Hubert	CA	America/Toronto
Jangipur	IN	Asia/Kolkata
Ecunna	AO	Africa/Luanda
Muş	TR	Europe/Istanbul
Douar Hicher	TN	Africa/Tunis
Anzhero-Sudzhensk	RU	Asia/Novokuznetsk
Sahand	IR	Asia/Tehran
Lake Forest	US	America/Los_Angeles
Arcoverde	BR	America/Recife
Pernik	BG	Europe/Sofia
Qiaoguan	CN	Asia/Shanghai
Manono	CD	Africa/Lubumbashi
Merced	US	America/Los_Angeles
Minyat an Naşr	EG	Africa/Cairo
Sant Boi de Llobregat	ES	Europe/Madrid
Pozuelo de Alarcón	ES	Europe/Madrid
Bagamoyo	TZ	Africa/Dar_es_Salaam
Cukai	MY	Asia/Kuala_Lumpur
Parit Sulung	MY	Asia/Kuala_Lumpur
Nangong	CN	Asia/Shanghai
Mbalmayo	CM	Africa/Douala
Sabaneta	CO	America/Bogota
Limão	BR	America/Sao_Paulo
Lüshun	CN	Asia/Shanghai
Troitsk	RU	Asia/Yekaterinburg
Mādabā	JO	Asia/Amman
Maţāy	EG	Africa/Cairo
Hengelo	NL	Europe/Amsterdam
Reef Al Fujairah City	AE	Asia/Dubai
Nizip	TR	Europe/Istanbul
Nakhon Sawan	TH	Asia/Bangkok
Colombes	FR	Europe/Paris
Lākshām	BD	Asia/Dhaka
Longview	US	America/Chicago
Les Corts	ES	Europe/Madrid
Gobindgarh	IN	Asia/Kolkata
Dondo	MZ	Africa/Maputo
Maple Ridge	CA	America/Vancouver
Caldas	CO	America/Bogota
Ōmihachiman	JP	Asia/Tokyo
Budapest VIII. kerület	HU	Europe/Budapest
Atambua	ID	Asia/Makassar
Anguo	CN	Asia/Shanghai
Quixeramobim	BR	America/Fortaleza
Fatsa	TR	Europe/Istanbul
Três Rios	BR	America/Sao_Paulo
Azov	RU	Europe/Moscow
Pagbilao	PH	Asia/Manila
Bryan	US	America/Chicago
Ipoti	NG	Africa/Lagos
Tanashichō	JP	Asia/Tokyo
Shiwan	CN	Asia/Shanghai
Edmonton	GB	Europe/London
Westland	US	America/Detroit
Ishwardi	BD	Asia/Dhaka
Tamworth	GB	Europe/London
Limay	PH	Asia/Manila
Bolgatanga	GH	Africa/Accra
Donghe	CN	Asia/Shanghai
Gosport	GB	Europe/London
La Dorada	CO	America/Bogota
Le Tampon	RE	Indian/Reunion
Ratodero	PK	Asia/Karachi
Saunda	IN	Asia/Kolkata
Akiruno	JP	Asia/Tokyo
Breña	PE	America/Lima
Moema	BR	America/Sao_Paulo
Presidencia Roque Sáenz Peña	AR	America/Argentina/Cordoba
Maraimalainagar	IN	Asia/Kolkata
Huaiyang	CN	Asia/Shanghai
Coslada	ES	Europe/Madrid
Ashoknagar	IN	Asia/Kolkata
Sesto San Giovanni	IT	Europe/Rome
Macaíba	BR	America/Fortaleza
Gwangju	KR	Asia/Seoul
Agboville	CI	Africa/Abidjan
Villingen-Schwenningen	DE	Europe/Berlin
Tamanghasset	DZ	Africa/Algiers
Kaspiysk	RU	Europe/Moscow
Lucca	IT	Europe/Rome
Babamba	CD	Africa/Lubumbashi
Phulwari Sharif	IN	Asia/Kolkata
Tangping	CN	Asia/Shanghai
Ar Rass	SA	Asia/Riyadh
Mhow	IN	Asia/Kolkata
Warwick	US	America/New_York
Bartın	TR	Europe/Istanbul
Luzern	CH	Europe/Zurich
Barkā’	OM	Asia/Muscat
Al Khānkah	EG	Africa/Cairo
Kasongo	CD	Africa/Lubumbashi
Lakewood	US	America/Los_Angeles
Guider	CM	Africa/Douala
Salmās	IR	Asia/Tehran
Yirga ‘Alem	ET	Africa/Addis_Ababa
An Khê	VN	Asia/Ho_Chi_Minh
Naqadeh	IR	Asia/Tehran
São Sebastião	BR	America/Sao_Paulo
Būr Fu’ād	EG	Africa/Cairo
Timóteo	BR	America/Sao_Paulo
Scunthorpe	GB	Europe/London
Tiznit	MA	Africa/Casablanca
Muntilan	ID	Asia/Jakarta
Paysandú	UY	America/Montevideo
Uman	UA	Europe/Kyiv
Pacatuba	BR	America/Fortaleza
Yan Nawa	TH	Asia/Bangkok
Remedios de Escalada de San Martín	AR	America/Argentina/Buenos_Aires
Beauport	CA	America/Toronto
Yudong	CN	Asia/Shanghai
Malout	IN	Asia/Kolkata
Kadi	IN	Asia/Kolkata
Bulungu	CD	Africa/Kinshasa
Balqash	KZ	Asia/Almaty
Guaynabo	PR	America/Puerto_Rico
Farmington Hills	US	America/Detroit
Sarishābāri	BD	Asia/Dhaka
Fatehjang	PK	Asia/Karachi
San Tan Valley	US	America/Phoenix
Mount Pleasant	US	America/New_York
Athi River	KE	Africa/Nairobi
Lagoa Santa	BR	America/Sao_Paulo
Lambayong	PH	Asia/Manila
Konstanz	DE	Europe/Berlin
Tatebayashi	JP	Asia/Tokyo
Mweka	CD	Africa/Lubumbashi
Konin	PL	Europe/Warsaw
Nangen	KR	Asia/Seoul
Changning	CN	Asia/Shanghai
Vijalpor	IN	Asia/Kolkata
Pozzuoli	IT	Europe/Rome
Reşiţa	RO	Europe/Bucharest
Žilina	SK	Europe/Bratislava
Palakollu	IN	Asia/Kolkata
Kabalo	CD	Africa/Lubumbashi
Baudhuinville	CD	Africa/Lubumbashi
Sokcho	KR	Asia/Seoul
Xiugu	CN	Asia/Shanghai
Himatnagar	IN	Asia/Kolkata
Lalupon	NG	Africa/Lagos
Pilar	AR	America/Argentina/Buenos_Aires
Al Ḩurshah	LY	Africa/Tripoli
Worms	DE	Europe/Berlin
Cranston	US	America/New_York
Ozersk	RU	Asia/Yekaterinburg
Tallaght	IE	Europe/Dublin
Rockhampton	AU	Australia/Brisbane
Moabit	DE	Europe/Berlin
San Timoteo	VE	America/Caracas
Yessentuki	RU	Europe/Moscow
São Miguel	BR	America/Sao_Paulo
Vitry-sur-Seine	FR	Europe/Paris
Largo	US	America/New_York
Naesŏ	KR	Asia/Seoul
Santa Cecilia	BR	America/Sao_Paulo
Diyarb Najm	EG	Africa/Cairo
Dholka	IN	Asia/Kolkata
Feicheng	CN	Asia/Shanghai
Mooca	BR	America/Sao_Paulo
Aveiro	PT	Europe/Lisbon
Ravenna	IT	Europe/Rome
Shanting	CN	Asia/Shanghai
Rouissat	DZ	Africa/Algiers
Madido	ZM	Africa/Lusaka
Klin	RU	Europe/Moscow
Getxo	ES	Europe/Madrid
Buta	CD	Africa/Lubumbashi
Kotkapura	IN	Asia/Kolkata
East Hastings	CA	America/Vancouver
Fiumicino	IT	Europe/Rome
Homestead	US	America/New_York
Junlian	CN	Asia/Shanghai
Lecce	IT	Europe/Rome
South Suffolk	US	America/New_York
Avondale	US	America/Phoenix
Atakpamé	TG	Africa/Lome
Berestovskyi	UA	Europe/Kyiv
Curvelo	BR	America/Sao_Paulo
Lai Vung	VN	Asia/Ho_Chi_Minh
Mijas	ES	Europe/Madrid
Güigüe	VE	America/Caracas
Bargarh	IN	Asia/Kolkata
Nianzhuang	CN	Asia/Shanghai
Aulnay-sous-Bois	FR	Europe/Paris
Kharghar	IN	Asia/Kolkata
Tepeji del Río de Ocampo	MX	America/Mexico_City
Kōtari	JP	Asia/Tokyo
Chatham	GB	Europe/London
Varese	IT	Europe/Rome
Tustin	US	America/Los_Angeles
Santa Catarina Pinula	GT	America/Guatemala
Bustos	PH	Asia/Manila
Samā’il	OM	Asia/Muscat
Casa Verde	BR	America/Sao_Paulo
Khemis Miliana	DZ	Africa/Algiers
Ambalantota	LK	Asia/Colombo
Bakhmut	UA	Europe/Kyiv
Bani Yas City	AE	Asia/Dubai
Água Rasa	BR	America/Sao_Paulo
Yingjiang	CN	Asia/Shanghai
Elbistan	TR	Europe/Istanbul
Kondoa	TZ	Africa/Dar_es_Salaam
Serrinha	BR	America/Bahia
Mountain View	US	America/Los_Angeles
Napa	US	America/Los_Angeles
Kairāna	IN	Asia/Kolkata
Brajarajnagar	IN	Asia/Kolkata
Hannō	JP	Asia/Tokyo
Bonāb	IR	Asia/Tehran
Loushanguan	CN	Asia/Shanghai
Somerville	US	America/New_York
Kāmāreddi	IN	Asia/Kolkata
Baoying	CN	Asia/Shanghai
Giugliano in Campania	IT	Europe/Rome
Kedungwaru	ID	Asia/Jakarta
Kendall	US	America/New_York
Lawrence	US	America/New_York
Dashiqiao	CN	Asia/Shanghai
Budapest XV. kerület	HU	Europe/Budapest
Panshi	CN	Asia/Shanghai
Palwancha	IN	Asia/Kolkata
Neumünster	DE	Europe/Berlin
Chapadinha	BR	America/Fortaleza
Serpong	ID	Asia/Jakarta
Meru	KE	Africa/Nairobi
Piotrków Trybunalski	PL	Europe/Warsaw
Purmerend	NL	Europe/Amsterdam
Qŭnghirot	UZ	Asia/Samarkand
Alahabad	PK	Asia/Karachi
Nyeri	KE	Africa/Nairobi
Cachoeira do Sul	BR	America/Sao_Paulo
Xichang	CN	Asia/Shanghai
Gamagōri	JP	Asia/Tokyo
Manmād	IN	Asia/Kolkata
Srikalahasti	IN	Asia/Kolkata
Huanglou	CN	Asia/Shanghai
Dushan	CN	Asia/Shanghai
Kanyama	CD	Africa/Lubumbashi
Vorkuta	RU	Europe/Moscow
Sangmélima	CM	Africa/Douala
Três Corações	BR	America/Sao_Paulo
El Cafetal	VE	America/Caracas
Rikaze	CN	Asia/Shanghai
Sha Tin Wai	HK	Asia/Hong_Kong
Hajiawa	IQ	Asia/Baghdad
Khewra	PK	Asia/Karachi
Fili	RU	Europe/Moscow
Cung Kiệm	VN	Asia/Ho_Chi_Minh
Ughelli	NG	Africa/Lagos
Dorsten	DE	Europe/Berlin
Stockton-on-Tees	GB	Europe/London
Tan-Tan	MA	Africa/Casablanca
Parma	US	America/New_York
Miabi	CD	Africa/Lubumbashi
Drobeta-Turnu Severin	RO	Europe/Bucharest
New Rochelle	US	America/New_York
San José Pinula	GT	America/Guatemala
Paco	PH	Asia/Manila
Kottagūdem	IN	Asia/Kolkata
Lynchburg	US	America/New_York
Lelystad	NL	Europe/Amsterdam
Medford	US	America/Los_Angeles
Telêmaco Borba	BR	America/Sao_Paulo
Zrenjanin	RS	Europe/Belgrade
Deerfield Beach	US	America/New_York
Songlou	CN	Asia/Shanghai
Pongch’ŏn-ŭp	KP	Asia/Pyongyang
Bella Vista	AR	America/Argentina/Buenos_Aires
San Francisco	PH	Asia/Manila
Lerdo	MX	America/Monterrey
Taixing	CN	Asia/Shanghai
Genteng	ID	Asia/Jakarta
Kidapawan	PH	Asia/Manila
Bolenge	CD	Africa/Kinshasa
Amstelveen	NL	Europe/Amsterdam
Sathorn	TH	Asia/Bangkok
Bende	NG	Africa/Lagos
Sylmar	US	America/Los_Angeles
Kropotkin	RU	Europe/Moscow
Calarcá	CO	America/Bogota
Oke Mesi	NG	Africa/Lagos
Kimpese	CD	Africa/Kinshasa
Khrustalnyi	UA	Europe/Kyiv
Kafanchan	NG	Africa/Lagos
Edfu	EG	Africa/Cairo
Pleasanton	US	America/Los_Angeles
Saint-Léonard	CA	America/Toronto
Tangjiazhuang	CN	Asia/Shanghai
São Roque	BR	America/Sao_Paulo
Shadrinsk	RU	Asia/Yekaterinburg
Willowdale	CA	America/Toronto
Talagang	PK	Asia/Karachi
Huehuetenango	GT	America/Guatemala
Senhor do Bonfim	BR	America/Bahia
Dosso	NE	Africa/Niamey
Bang Sue subdistrict	TH	Asia/Bangkok
Lüdenscheid	DE	Europe/Berlin
Zarzis	TN	Africa/Tunis
Caçador	BR	America/Sao_Paulo
Phuket	TH	Asia/Bangkok
Kahna Nau	PK	Asia/Karachi
Polotsk	BY	Europe/Minsk
Tefé	BR	America/Manaus
Nong Prue	TH	Asia/Bangkok
Sant Cugat del Vallès	ES	Europe/Madrid
Nawābganj	IN	Asia/Kolkata
Gedangan	ID	Asia/Jakarta
Cyberjaya	MY	Asia/Kuala_Lumpur
Yanta	CN	Asia/Shanghai
Belmont Cragin	US	America/Chicago
Bwizibwera	UG	Africa/Kampala
Brooklyn Park	US	America/Chicago
Gueckedou	GN	Africa/Conakry
Gokak	IN	Asia/Kolkata
Ceará-Mirim	BR	America/Fortaleza
Mamou	GN	Africa/Conakry
Zhuangyuan	CN	Asia/Shanghai
Tīkamgarh	IN	Asia/Kolkata
Ikom	NG	Africa/Lagos
Arakkonam	IN	Asia/Kolkata
Wuyang	CN	Asia/Shanghai
Kashihara	JP	Asia/Tokyo
Xiongzhou	CN	Asia/Shanghai
Chaigou	CN	Asia/Shanghai
Būmahen	IR	Asia/Tehran
Matão	BR	America/Sao_Paulo
Ponorogo	ID	Asia/Jakarta
Arāria	IN	Asia/Kolkata
Agulu	NG	Africa/Lagos
Netrakona	BD	Asia/Dhaka
Goodyear	US	America/Phoenix
Kaambooni	SO	Africa/Mogadishu
Alfenas	BR	America/Sao_Paulo
Catanzaro	IT	Europe/Rome
Prince George	CA	America/Vancouver
Mossel Bay	ZA	Africa/Johannesburg
Nakatsugawa	JP	Asia/Tokyo
New Westminster	CA	America/Vancouver
Kennewick	US	America/Los_Angeles
Marburg an der Lahn	DE	Europe/Berlin
Russas	BR	America/Fortaleza
Bistriţa	RO	Europe/Bucharest
Marseille 08	FR	Europe/Paris
Cẩm Lệ	VN	Asia/Ho_Chi_Minh
Xinzhou	CN	Asia/Shanghai
Shitanjing	CN	Asia/Shanghai
Coffs Harbour	AU	Australia/Sydney
Chiang Rai	TH	Asia/Bangkok
Deurne	BE	Europe/Brussels
Sagaing	MM	Asia/Yangon
Koch Bihār	IN	Asia/Kolkata
Mooka	JP	Asia/Tokyo
Tumen	CN	Asia/Shanghai
Natori-shi	JP	Asia/Tokyo
Avilés	ES	Europe/Madrid
Armant	EG	Africa/Cairo
Kharakvasla	IN	Asia/Kolkata
Gualeguaychú	AR	America/Argentina/Cordoba
Thanhlyin	MM	Asia/Yangon
Isiolo	KE	Africa/Nairobi
Vyborg	RU	Europe/Moscow
Alameda	US	America/Los_Angeles
Palencia	ES	Europe/Madrid
Curepipe	MU	Indian/Mauritius
Danané	CI	Africa/Abidjan
Arona	ES	Atlantic/Canary
Waliso	ET	Africa/Addis_Ababa
Tupi	PH	Asia/Manila
Qinggang	CN	Asia/Shanghai
Hengbei	CN	Asia/Shanghai
Honjō	JP	Asia/Tokyo
Bhadohi	IN	Asia/Kolkata
Torrent	ES	Europe/Madrid
Circoiscrizione I	IT	Europe/Rome
Lins	BR	America/Sao_Paulo
Carlisle	GB	Europe/London
Town 'n' Country	US	America/New_York
Bellflower	US	America/Los_Angeles
Kőbánya	HU	Europe/Budapest
Yishan	CN	Asia/Shanghai
Kātoya	IN	Asia/Kolkata
Youhao	CN	Asia/Shanghai
Joensuu	FI	Europe/Helsinki
Medininagar	IN	Asia/Kolkata
Wāshīm	IN	Asia/Kolkata
Reutov	RU	Europe/Moscow
Bagbera	IN	Asia/Kolkata
Savarkundla	IN	Asia/Kolkata
Bandar-e Emam Khomeyni	IR	Asia/Tehran
Toyooka	JP	Asia/Tokyo
Putatan	MY	Asia/Kuching
Chino Hills	US	America/Los_Angeles
Bang Kruai	TH	Asia/Bangkok
Denov	UZ	Asia/Samarkand
Bloomington	US	America/Chicago
Basoda	IN	Asia/Kolkata
Santa Cruz del Quiché	GT	America/Guatemala
Daura	NG	Africa/Lagos
Al Ḩayy	IQ	Asia/Baghdad
Bamban	PH	Asia/Manila
Pingyi	CN	Asia/Shanghai
Southall	GB	Europe/London
Budapest XVII. kerület	HU	Europe/Budapest
Wulong	CN	Asia/Shanghai
Valvedditturai	LK	Asia/Colombo
Rheinhausen	DE	Europe/Berlin
Goma	CD	Africa/Lubumbashi
Linping	CN	Asia/Shanghai
Huai Khwang	TH	Asia/Bangkok
Sirs al Layyānah	EG	Africa/Cairo
Ilioúpoli	GR	Europe/Athens
San Juan	PE	America/Lima
Zahlé	LB	Asia/Beirut
Daet	PH	Asia/Manila
Daugavpils	LV	Europe/Riga
Blue Mountains	AU	Australia/Sydney
Rugby	GB	Europe/London
Kashiba	JP	Asia/Tokyo
Alafaya	US	America/New_York
Wa	GH	Africa/Accra
Vanadzor	AM	Asia/Yerevan
Kouvola	FI	Europe/Helsinki
Donggongon	MY	Asia/Kuching
Szombathely	HU	Europe/Budapest
Xixiang	CN	Asia/Shanghai
Matala	AO	Africa/Luanda
Colón	PA	America/Panama
Alekseyevka	RU	Europe/Moscow
Kuacjok	SS	Africa/Juba
Tanuku	IN	Asia/Kolkata
Gurdaspur	IN	Asia/Kolkata
Castrop-Rauxel	DE	Europe/Berlin
Marsala	IT	Europe/Rome
Ouro Preto	BR	America/Sao_Paulo
Kizugawa	JP	Asia/Tokyo
Pakse	LA	Asia/Vientiane
Tome	JP	Asia/Tokyo
Springdale	US	America/Chicago
Luleå	SE	Europe/Stockholm
Edattala	IN	Asia/Kolkata
Shap Pat Heung	HK	Asia/Hong_Kong
Marseille 15	FR	Europe/Paris
Jardim Botânico	BR	America/Sao_Paulo
Huankou	CN	Asia/Shanghai
Ciranjang-hilir	ID	Asia/Jakarta
Linkou	CN	Asia/Shanghai
Nchelenge	ZM	Africa/Lusaka
Racine	US	America/Chicago
Ipiales	CO	America/Bogota
Roosendaal	NL	Europe/Amsterdam
Hakkâri	TR	Europe/Istanbul
Ukunda	KE	Africa/Nairobi
Bauang	PH	Asia/Manila
Nikkō	JP	Asia/Tokyo
Jaboticabal	BR	America/Sao_Paulo
Hasselt	BE	Europe/Brussels
Keningau	MY	Asia/Kuching
Gateshead	GB	Europe/London
Huangmei	CN	Asia/Shanghai
Campo Limpo Paulista	BR	America/Sao_Paulo
Numan	NG	Africa/Lagos
Hammond	US	America/Chicago
Ītāy al Bārūd	EG	Africa/Cairo
Milpitas	US	America/Los_Angeles
Ouarzazate	MA	Africa/Casablanca
Inowrocław	PL	Europe/Warsaw
Ünye	TR	Europe/Istanbul
Bodhan	IN	Asia/Kolkata
Santo Ângelo	BR	America/Sao_Paulo
Songling	CN	Asia/Shanghai
Bogenhausen	DE	Europe/Berlin
Jishui	CN	Asia/Shanghai
Aalst	BE	Europe/Brussels
Lubin	PL	Europe/Warsaw
Mechelen	BE	Europe/Brussels
Santa Rosa	BR	America/Sao_Paulo
Lisburn	GB	Europe/London
Welk’īt’ē	ET	Africa/Addis_Ababa
Bagong Barrio	PH	Asia/Manila
Kambar	PK	Asia/Karachi
Barracas	AR	America/Argentina/Buenos_Aires
Nazareth	IL	Asia/Jerusalem
Mazatenango	GT	America/Guatemala
Khomeyn	IR	Asia/Tehran
Shulan	CN	Asia/Shanghai
Balrāmpur	IN	Asia/Kolkata
Tsubame	JP	Asia/Tokyo
Mandela	GH	Africa/Accra
Suva	FJ	Pacific/Fiji
Jelenia Góra	PL	Europe/Warsaw
Matehuala	MX	America/Mexico_City
Gebiley	SO	Africa/Mogadishu
Quatre Bornes	MU	Indian/Mauritius
Fukuchiyama	JP	Asia/Tokyo
Mungyeong	KR	Asia/Seoul
Bāramūla	IN	Asia/Kolkata
Paisley	GB	Europe/London
Keur Médoune	SN	Africa/Dakar
Agua Prieta	MX	America/Hermosillo
Canindé	BR	America/Fortaleza
Pesaro	IT	Europe/Rome
Kanasín	MX	America/Merida
Cozumel	MX	America/Cancun
Baicheng	CN	Asia/Shanghai
Lod	IL	Asia/Jerusalem
Wawer	PL	Europe/Warsaw
Aş Şuwayrah	IQ	Asia/Baghdad
Akihabara	JP	Asia/Tokyo
Siedlce	PL	Europe/Warsaw
Damiao	CN	Asia/Shanghai
South Surrey	CA	America/Vancouver
Santa Cruz de Barahona	DO	America/Santo_Domingo
Gary	US	America/Chicago
Shūsh	IR	Asia/Tehran
Putney	GB	Europe/London
Karwar	IN	Asia/Kolkata
Ovalle	CL	America/Santiago
Kunitachi	JP	Asia/Tokyo
Scranton	US	America/New_York
Şurmān	LY	Africa/Tripoli
Mafikeng	ZA	Africa/Johannesburg
Coyah	GN	Africa/Conakry
Pok Fu Lam	HK	Asia/Hong_Kong
Voskresensk	RU	Europe/Moscow
Keratsíni	GR	Europe/Athens
Baldwin Park	US	America/Los_Angeles
Dhuliān	IN	Asia/Kolkata
Yên Hòa	VN	Asia/Bangkok
Hunchun	CN	Asia/Shanghai
Nabari	JP	Asia/Tokyo
Kagoro	NG	Africa/Lagos
Auburn	US	America/Los_Angeles
Rabkavi-Banhatti	IN	Asia/Kolkata
Yalta	UA	Europe/Simferopol
Dubai Festival City	AE	Asia/Dubai
Les Rivières	CA	America/Toronto
Hassi Bahbah	DZ	Africa/Algiers
Zahir Pir	PK	Asia/Karachi
Mawāna	IN	Asia/Kolkata
Tsurusaki	JP	Asia/Tokyo
Józsefváros	HU	Europe/Budapest
Khlong Chan	TH	Asia/Bangkok
Sarqant	KZ	Asia/Almaty
Shirpur	IN	Asia/Kolkata
Kiserian	KE	Africa/Nairobi
Pirassununga	BR	America/Sao_Paulo
Valença	BR	America/Sao_Paulo
Marseille 09	FR	Europe/Paris
Puerto Padre	CU	America/Havana
Budge Budge	IN	Asia/Kolkata
Arraiján	PA	America/Panama
La Rochelle	FR	Europe/Paris
Kundla	IN	Asia/Kolkata
Itapetinga	BR	America/Bahia
Fishers	US	America/Indiana/Indianapolis
Shrewsbury	GB	Europe/London
Saint Joseph	US	America/Chicago
Al Maţār al ‘Atīq	QA	Asia/Qatar
Sandu	CN	Asia/Shanghai
Mmabatho	ZA	Africa/Johannesburg
Visnagar	IN	Asia/Kolkata
Liangxiang	CN	Asia/Shanghai
Champigny-sur-Marne	FR	Europe/Paris
Melong	CM	Africa/Douala
Brookes Point	PH	Asia/Manila
Kannauj	IN	Asia/Kolkata
Zhaodun	CN	Asia/Shanghai
Luxembourg	LU	Europe/Luxembourg
Yenakiyeve	UA	Europe/Kyiv
La Louvière	BE	Europe/Brussels
Giảng Võ	VN	Asia/Bangkok
Pančevo	RS	Europe/Belgrade
Fenghua	CN	Asia/Shanghai
Khajoori Khas	IN	Asia/Kolkata
Rueil-Malmaison	FR	Europe/Paris
Neelankarai	IN	Asia/Kolkata
Nagīna	IN	Asia/Kolkata
Caledon	CA	America/Toronto
Juhaynah	EG	Africa/Cairo
Biruaca	VE	America/Caracas
Vinhedo	BR	America/Sao_Paulo
Pharr	US	America/Chicago
Tianguá	BR	America/Fortaleza
Fuorigrotta	IT	Europe/Rome
Fylde	GB	Europe/London
Badagara	IN	Asia/Kolkata
Fazilka	IN	Asia/Kolkata
Rheine	DE	Europe/Berlin
Hujra Shah Muqim	PK	Asia/Karachi
Bawku	GH	Africa/Accra
Bunbury	AU	Australia/Perth
Shiki	JP	Asia/Tokyo
Upland	US	America/Los_Angeles
Crewe	GB	Europe/London
Viçosa	BR	America/Sao_Paulo
Oss	NL	Europe/Amsterdam
Yaxing	CN	Asia/Shanghai
Yuktae-dong	KP	Asia/Pyongyang
Dangkao	KH	Asia/Phnom_Penh
Ciudad Satelite	PE	America/Lima
Fünfhaus	AT	Europe/Vienna
Antibes	FR	Europe/Paris
Yangliuqing	CN	Asia/Shanghai
Stoney Creek	CA	America/Toronto
Folsom	US	America/Los_Angeles
Modiin Ilit	IL	Asia/Jerusalem
Bebedouro	BR	America/Sao_Paulo
Basoko	CD	Africa/Lubumbashi
Odendaalsrus	ZA	Africa/Johannesburg
Thawi Watthana	TH	Asia/Bangkok
Electronic City Phase I	IN	Asia/Kolkata
Aira	JP	Asia/Tokyo
Qiuji	CN	Asia/Shanghai
Budapest XXI. kerület	HU	Europe/Budapest
Baytown	US	America/Chicago
Sant'Ana do Livramento	BR	America/Sao_Paulo
Furukawa	JP	Asia/Tokyo
Latina	IT	Europe/Rome
Zhlobin	BY	Europe/Minsk
Mineralnye Vody	RU	Europe/Moscow
Babahoyo	EC	America/Guayaquil
Midyat	TR	Europe/Istanbul
Lae	PG	Pacific/Port_Moresby
Matara	LK	Asia/Colombo
Manresa	ES	Europe/Madrid
Nahāvand	IR	Asia/Tehran
Ramla	IL	Asia/Jerusalem
Tuban	ID	Asia/Jakarta
Thanh Liệt	VN	Asia/Bangkok
Sakon Nakhon	TH	Asia/Bangkok
Ratnagiri	IN	Asia/Kolkata
Mbabane	SZ	Africa/Mbabane
Kiyose	JP	Asia/Tokyo
Keshod	IN	Asia/Kolkata
Qingquan	CN	Asia/Shanghai
Viersen	DE	Europe/Berlin
Esteio	BR	America/Sao_Paulo
San Ramon	US	America/Los_Angeles
Adzopé	CI	Africa/Abidjan
Camden	US	America/New_York
Bracknell	GB	Europe/London
Shibukawa	JP	Asia/Tokyo
Oleksandriya	UA	Europe/Kyiv
Konnagar	IN	Asia/Kolkata
Shirbīn	EG	Africa/Cairo
Yurihonjō	JP	Asia/Tokyo
Ash Shuhadā’	EG	Africa/Cairo
Lake Charles	US	America/Chicago
Chintamani	IN	Asia/Kolkata
Kalamazoo	US	America/Detroit
Shouxian	CN	Asia/Shanghai
Paharpur	PK	Asia/Karachi
Brick	US	America/New_York
Nagornyy	RU	Europe/Moscow
Kebomas	ID	Asia/Jakarta
Cinisello Balsamo	IT	Europe/Rome
Itapema	BR	America/Sao_Paulo
Arlington Heights	US	America/Chicago
San Sebastián de los Reyes	ES	Europe/Madrid
Plymouth	US	America/Chicago
Maymana	AF	Asia/Kabul
Delmenhorst	DE	Europe/Berlin
Lintong	CN	Asia/Shanghai
La Libertad	EC	America/Guayaquil
South Ozone Park	US	America/New_York
Doral	US	America/New_York
Ciudad Choluteca	HN	America/Tegucigalpa
Pammal	IN	Asia/Kolkata
Karangsembung	ID	Asia/Jakarta
Buchanan	LR	Africa/Monrovia
Mashtūl as Sūq	EG	Africa/Cairo
Sindhnūr	IN	Asia/Kolkata
Sankt Gallen	CH	Europe/Zurich
Santo Antônio do Descoberto	BR	America/Sao_Paulo
Rolândia	BR	America/Sao_Paulo
Kamensk-Shakhtinsky	RU	Europe/Moscow
Belovo	RU	Asia/Novokuznetsk
Takefu	JP	Asia/Tokyo
Tarub	ID	Asia/Jakarta
Waterford	US	America/Detroit
Madhubani	IN	Asia/Kolkata
Kageleke	CN	Asia/Urumqi
Kotido	UG	Africa/Kampala
Turbat	PK	Asia/Karachi
Bodināyakkanūr	IN	Asia/Kolkata
Kanjia	CN	Asia/Shanghai
Yinzhu	CN	Asia/Shanghai
Khadki	IN	Asia/Kolkata
Battersea	GB	Europe/London
Chekhov	RU	Europe/Moscow
Bihać	BA	Europe/Sarajevo
Souk El Arbaa	MA	Africa/Casablanca
Battaramulla South	LK	Asia/Colombo
Warabi	JP	Asia/Tokyo
Sapiranga	BR	America/Sao_Paulo
Ibiúna	BR	America/Sao_Paulo
Kita	ML	Africa/Bamako
Gare	FR	Europe/Paris
Dhrāngadhra	IN	Asia/Kolkata
Kryukiv	UA	Europe/Kyiv
Al Karama	AE	Asia/Dubai
Tezpur	IN	Asia/Kolkata
Osijek	HR	Europe/Zagreb
Lapa	BR	America/Sao_Paulo
Piła	PL	Europe/Warsaw
Nevşehir	TR	Europe/Istanbul
Evanston	US	America/Chicago
Kanaker-Zeytun	AM	Asia/Yerevan
Gladbeck	DE	Europe/Berlin
Ode	NG	Africa/Lagos
Miki	JP	Asia/Tokyo
Manteca	US	America/Los_Angeles
Schiedam	NL	Europe/Amsterdam
Ra'anana	IL	Asia/Jerusalem
Döbling	AT	Europe/Vienna
Saint-Maur-des-Fossés	FR	Europe/Paris
Srivilliputhur	IN	Asia/Kolkata
Anhanguera	BR	America/Sao_Paulo
Bariq	SA	Asia/Riyadh
Ulu Tiram	MY	Asia/Kuala_Lumpur
Chaoyang	CN	Asia/Shanghai
Dawbon	MM	Asia/Yangon
Benipur	IN	Asia/Kolkata
Ekpé	BJ	Africa/Porto-Novo
Kai	JP	Asia/Tokyo
East Kilbride	GB	Europe/London
Wyoming	US	America/Detroit
Kruševac	RS	Europe/Belgrade
Hongch’ŏn	KR	Asia/Seoul
Kampong Chhnang	KH	Asia/Phnom_Penh
Trujillo Alto	PR	America/Puerto_Rico
Shangmei	CN	Asia/Shanghai
Pāloncha	IN	Asia/Kolkata
Igbo-Ukwu	NG	Africa/Lagos
Mek’ī	ET	Africa/Addis_Ababa
Loveland	US	America/Denver
Rundu	NA	Africa/Windhoek
Cheektowaga	US	America/New_York
Hove	GB	Europe/London
Concórdia	BR	America/Sao_Paulo
Crateús	BR	America/Fortaleza
Fuyu	CN	Asia/Shanghai
Virac	PH	Asia/Manila
Kings Bridge	US	America/New_York
Pedro Juan Caballero	PY	America/Asuncion
Bismarck	US	America/Chicago
Basyūn	EG	Africa/Cairo
Kpalimé	TG	Africa/Lome
Okegawa	JP	Asia/Tokyo
Kumanovo	MK	Europe/Skopje
Katano	JP	Asia/Tokyo
Gela	IT	Europe/Rome
Barra do Dande	AO	Africa/Luanda
Feriana	TN	Africa/Tunis
Katoro	TZ	Africa/Dar_es_Salaam
Tekstylnyk	UA	Europe/Kyiv
Củ Chi	VN	Asia/Ho_Chi_Minh
Sukagawa	JP	Asia/Tokyo
Spijkenisse	NL	Europe/Amsterdam
Encarnación	PY	America/Asuncion
Aprilia	IT	Europe/Rome
Xinying	TW	Asia/Taipei
Perris	US	America/Los_Angeles
Haninge	SE	Europe/Stockholm
Maozhou	CN	Asia/Shanghai
Jaora	IN	Asia/Kolkata
Bethlehem	US	America/New_York
Gävle	SE	Europe/Stockholm
Arnsberg	DE	Europe/Berlin
Topi	PK	Asia/Karachi
Molepolole	BW	Africa/Gaborone
Tura	IN	Asia/Kolkata
Gūdūr	IN	Asia/Kolkata
Albany	US	America/New_York
El Tocuyo	VE	America/Caracas
Hihyā	EG	Africa/Cairo
Huilong	CN	Asia/Shanghai
Keren	ER	Africa/Asmara
Ubud	ID	Asia/Makassar
Yotsuya	JP	Asia/Tokyo
Nam Cheong	HK	Asia/Hong_Kong
Beidao	CN	Asia/Shanghai
Troisdorf	DE	Europe/Berlin
Moroni	KM	Indian/Comoro
Aylesbury	GB	Europe/London
Valdemoro	ES	Europe/Madrid
Bhalwal	PK	Asia/Karachi
Ciudad Real	ES	Europe/Madrid
Helmond	NL	Europe/Amsterdam
Yanggu	CN	Asia/Shanghai
Kowloon West End	HK	Asia/Hong_Kong
Alicia	PH	Asia/Manila
Schaumburg	US	America/Chicago
Am Timan	TD	Africa/Ndjamena
Évosmos	GR	Europe/Athens
Parque Do Carmo	BR	America/Sao_Paulo
Changnyeong	KR	Asia/Seoul
Mirpur Mathelo	PK	Asia/Karachi
Gobernador Gálvez	AR	America/Argentina/Cordoba
Vedado del Cotorro	CU	America/Havana
Jōyō	JP	Asia/Tokyo
Longgang	CN	Asia/Shanghai
Banská Bystrica	SK	Europe/Bratislava
Asbest	RU	Asia/Yekaterinburg
Narnaul	IN	Asia/Kolkata
Sunāmganj	BD	Asia/Dhaka
Cannes	FR	Europe/Paris
Gastonia	US	America/New_York
Irecê	BR	America/Bahia
Hyosha	CD	Africa/Lubumbashi
Brownsville	US	America/New_York
Balotra	IN	Asia/Kolkata
Union City	US	America/Los_Angeles
Bismil	TR	Europe/Istanbul
Aramoko-Ekiti	NG	Africa/Lagos
Katori-shi	JP	Asia/Tokyo
Kharar	IN	Asia/Kolkata
Shancheng	CN	Asia/Shanghai
Bilecik	TR	Europe/Istanbul
Zhangzhai	CN	Asia/Shanghai
Calais	FR	Europe/Paris
Izumiōtsu	JP	Asia/Tokyo
Nanma	CN	Asia/Shanghai
Méagui	CI	Africa/Abidjan
Iţsā	EG	Africa/Cairo
Huicheng	CN	Asia/Shanghai
Asti	IT	Europe/Rome
Foumbot	CM	Africa/Douala
Tatsuno	JP	Asia/Tokyo
Bolingbrook	US	America/Chicago
Yadgir	IN	Asia/Kolkata
Bosaso	SO	Africa/Mogadishu
Rāmhormoz	IR	Asia/Tehran
Kilifi	KE	Africa/Nairobi
Harda	IN	Asia/Kolkata
Yuanshang	CN	Asia/Shanghai
Ragusa	IT	Europe/Rome
Silao de la Victoria	MX	America/Mexico_City
Iowa City	US	America/Chicago
Pilkhua	IN	Asia/Kolkata
Seosan	KR	Asia/Seoul
Tosu	JP	Asia/Tokyo
Khalándrion	GR	Europe/Athens
Vélez-Málaga	ES	Europe/Madrid
Suixi	CN	Asia/Shanghai
Eusébio	BR	America/Fortaleza
Layton	US	America/Denver
Missouri City	US	America/Chicago
Appleton	US	America/Chicago
Igbara-Odo	NG	Africa/Lagos
Zhangzhuang	CN	Asia/Shanghai
Ambājogāi	IN	Asia/Kolkata
Meshgīn Shahr	IR	Asia/Tehran
Al Qā’im	IQ	Asia/Baghdad
Shelby	US	America/Detroit
Fuentes del Valle	MX	America/Mexico_City
Imerintsiatosika	MG	Indian/Antananarivo
Béziers	FR	Europe/Paris
Kāpas Herd	IN	Asia/Kolkata
Bafia	CM	Africa/Douala
Gucheng Chengguanzhen	CN	Asia/Shanghai
Xianshuigu	CN	Asia/Shanghai
Zaraza	VE	America/Caracas
Oriximiná	BR	America/Santarem
Fort Myers	US	America/New_York
Inuyama	JP	Asia/Tokyo
Bela	IN	Asia/Kolkata
Ostrowiec Świętokrzyski	PL	Europe/Warsaw
Sarai Alamgir	PK	Asia/Karachi
Boynton Beach	US	America/New_York
Wattenscheid	DE	Europe/Berlin
Bocholt	DE	Europe/Berlin
Yunyang	CN	Asia/Shanghai
Casoria	IT	Europe/Rome
Msalātah	LY	Africa/Tripoli
Jonesboro	US	America/Chicago
Majene	ID	Asia/Makassar
Kortrijk	BE	Europe/Brussels
Youssoufia	MA	Africa/Casablanca
Sipalay	PH	Asia/Manila
Gbadolite	CD	Africa/Kinshasa
Rabkavi	IN	Asia/Kolkata
Pistoia	IT	Europe/Rome
Chimbas	AR	America/Argentina/San_Juan
Gandia	ES	Europe/Madrid
South Lawndale	US	America/Chicago
Prilep	MK	Europe/Skopje
Ozubulu	NG	Africa/Lagos
Vlaardingen	NL	Europe/Amsterdam
Ifrane	MA	Africa/Casablanca
Kyōtanabe	JP	Asia/Tokyo
Bundaberg	AU	Australia/Brisbane
Aku	NG	Africa/Lagos
Huayuan	CN	Asia/Shanghai
Shibīn al Qanāţir	EG	Africa/Cairo
Goianésia	BR	America/Sao_Paulo
Lanxi	CN	Asia/Shanghai
Logan Square	US	America/Chicago
Oudtshoorn	ZA	Africa/Johannesburg
Drohobych	UA	Europe/Kyiv
Detmold	DE	Europe/Berlin
Bawāna	IN	Asia/Kolkata
Al Buraymī	OM	Asia/Muscat
Kasama	JP	Asia/Tokyo
Genhe	CN	Asia/Shanghai
Gresik	ID	Asia/Jakarta
Birobidzhan	RU	Asia/Vladivostok
Oyan	NG	Africa/Lagos
Shāhābād	IN	Asia/Kolkata
Chokolivka	UA	Europe/Kyiv
Walvis Bay	NA	Africa/Windhoek
Don Carlos	PH	Asia/Manila
Sewon	ID	Asia/Jakarta
Virudhachalam	IN	Asia/Kolkata
Luocheng	CN	Asia/Shanghai
Kabanjahe	ID	Asia/Jakarta
Rapid City	US	America/Denver
Necochea	AR	America/Argentina/Buenos_Aires
Chāndpur	IN	Asia/Kolkata
Cao Bằng	VN	Asia/Bangkok
Târgu Jiu	RO	Europe/Bucharest
Bat Khela	PK	Asia/Karachi
Jega	NG	Africa/Lagos
Warner Robins	US	America/New_York
Cosmópolis	BR	America/Sao_Paulo
Heguan	CN	Asia/Shanghai
Solok	ID	Asia/Jakarta
Kāsipālaiyam	IN	Asia/Kolkata
Rochester Hills	US	America/Detroit
Viana	BR	America/Sao_Paulo
Chibuto	MZ	Africa/Maputo
Canary Wharf	GB	Europe/London
Sikandarābād	IN	Asia/Kolkata
Asaba	NG	Africa/Lagos
Chilca	PE	America/Lima
Cloverdale	CA	America/Vancouver
Ohafia-Ifigh	NG	Africa/Lagos
Juegang	CN	Asia/Shanghai
Virudunagar	IN	Asia/Kolkata
Bonao	DO	America/Santo_Domingo
Khlong San	TH	Asia/Bangkok
Yoshikawa	JP	Asia/Tokyo
Belek	TR	Europe/Istanbul
Decatur	US	America/Chicago
Kadiyivka	UA	Europe/Kyiv
Tatvan	TR	Europe/Istanbul
General Roca	AR	America/Argentina/Salta
Kawit	PH	Asia/Manila
Fada N'gourma	BF	Africa/Ouagadougou
Peterhof	RU	Europe/Moscow
Shostka	UA	Europe/Kyiv
Pierrefonds-Roxboro	CA	America/Toronto
Pacajus	BR	America/Fortaleza
Taman Senai	MY	Asia/Kuala_Lumpur
Dazaifu	JP	Asia/Tokyo
Southfield	US	America/Detroit
Richard-Toll	SN	Africa/Dakar
Pattukkottai	IN	Asia/Kolkata
Siemianowice Śląskie	PL	Europe/Warsaw
Negēlē	ET	Africa/Addis_Ababa
Mayagüez	PR	America/Puerto_Rico
Néa Smýrni	GR	Europe/Athens
Ţāmiyah	EG	Africa/Cairo
Joypur Hāt	BD	Asia/Dhaka
Ishioka	JP	Asia/Tokyo
Gaspar	BR	America/Sao_Paulo
Majalengka	ID	Asia/Jakarta
Pusad	IN	Asia/Kolkata
Berdychiv	UA	Europe/Kyiv
Sihanoukville	KH	Asia/Phnom_Penh
Ratchathewi	TH	Asia/Bangkok
Alegrete	BR	America/Sao_Paulo
Jatibarang	ID	Asia/Jakarta
Beled Hawo	SO	Africa/Mogadishu
Shixing	CN	Asia/Shanghai
Koch'ang	KR	Asia/Seoul
Rubí	ES	Europe/Madrid
Zlín	CZ	Europe/Prague
Jurong East	SG	Asia/Singapore
Dongdu	CN	Asia/Shanghai
Balanga	PH	Asia/Manila
San Juan de la Maguana	DO	America/Santo_Domingo
Bayreuth	DE	Europe/Berlin
Oyem	GA	Africa/Libreville
Rābigh	SA	Asia/Riyadh
Lappeenranta	FI	Europe/Helsinki
Ostrów Wielkopolski	PL	Europe/Warsaw
Saint George	US	America/Denver
Padre Las Casas	CL	America/Santiago
Rosh Ha‘Ayin	IL	Asia/Jerusalem
Caserta	IT	Europe/Rome
Dachnoye	RU	Europe/Moscow
Bethal	ZA	Africa/Johannesburg
Krathum Baen	TH	Asia/Bangkok
Nanyuki	KE	Africa/Nairobi
New Britain	US	America/New_York
Tindivanam	IN	Asia/Kolkata
Dongkan	CN	Asia/Shanghai
Chopda	IN	Asia/Kolkata
Minusinsk	RU	Asia/Krasnoyarsk
Paine	CL	America/Santiago
Almelo	NL	Europe/Amsterdam
Thaba Nchu	ZA	Africa/Johannesburg
Selva Alegre	PE	America/Lima
Hương Trà	VN	Asia/Bangkok
Huangchuan	CN	Asia/Shanghai
Georgiyevsk	RU	Europe/Moscow
Daytona Beach	US	America/New_York
Yelabuga	RU	Europe/Moscow
Franklin	US	America/Chicago
Naro-Fominsk	RU	Europe/Moscow
Port Area	PH	Asia/Manila
Sitrah	BH	Asia/Bahrain
Wusu	CN	Asia/Urumqi
Nutana Sector	CA	America/Regina
Talā	EG	Africa/Cairo
Lanxi	CN	Asia/Shanghai
Guamúchil	MX	America/Mazatlan
Tailândia	BR	America/Belem
Miyang	CN	Asia/Shanghai
Ferkessédougou	CI	Africa/Abidjan
Taliparamba	IN	Asia/Kolkata
Steglitz	DE	Europe/Berlin
Hekinan	JP	Asia/Tokyo
Jiangzhuang	CN	Asia/Shanghai
Beichengqu	CN	Asia/Shanghai
Gongju	KR	Asia/Seoul
Arua	UG	Africa/Kampala
Candeias	BR	America/Bahia
Socopó	VE	America/Caracas
Sangāreddi	IN	Asia/Kolkata
Shumen	BG	Europe/Sofia
Venado Tuerto	AR	America/Argentina/Cordoba
Pālghar	IN	Asia/Kolkata
Maroúsi	GR	Europe/Athens
Kalima	CD	Africa/Lubumbashi
Bangkok Yai	TH	Asia/Bangkok
Xinzhi	CN	Asia/Shanghai
Finlyandskiy	RU	Europe/Moscow
Turlock	US	America/Los_Angeles
Dharapuram	IN	Asia/Kolkata
Abancay	PE	America/Lima
Temple	US	America/Chicago
Licheng	CN	Asia/Shanghai
Sobradinho	BR	America/Sao_Paulo
Adelaide Hills	AU	Australia/Adelaide
Guanajuato	MX	America/Mexico_City
Cascavel	BR	America/Fortaleza
Suva Reka	XK	Europe/Belgrade
West Ridge	US	America/Chicago
Radès	TN	Africa/Tunis
K’olīto	ET	Africa/Addis_Ababa
Chiryū	JP	Asia/Tokyo
Ash Shafā	SA	Asia/Riyadh
Apple Valley	US	America/Los_Angeles
Sagay	PH	Asia/Manila
Sarnia	CA	America/Toronto
Kyosai	KR	Asia/Seoul
Mysłowice	PL	Europe/Warsaw
Payyanur	IN	Asia/Kolkata
Ōtawara	JP	Asia/Tokyo
Casa Nova	BR	America/Bahia
Nizwá	OM	Asia/Muscat
Zhoucheng	CN	Asia/Shanghai
Sault Ste. Marie	CA	America/Toronto
Sakrand	PK	Asia/Karachi
Itapira	BR	America/Sao_Paulo
Thị Trấn Mạo Khê	VN	Asia/Ho_Chi_Minh
Mariano Roque Alonso	PY	America/Asuncion
Rio do Sul	BR	America/Sao_Paulo
Larnaca	CY	Asia/Nicosia
Purley	GB	Europe/London
Bandar Saujana Utama	MY	Asia/Kuala_Lumpur
Al Līth	SA	Asia/Riyadh
Bromma	SE	Europe/Stockholm
Lynwood	US	America/Los_Angeles
La Paz	PH	Asia/Manila
Waukesha	US	America/Chicago
Le Bardo	TN	Africa/Tunis
Gouda	NL	Europe/Amsterdam
Sheopur	IN	Asia/Kolkata
Channapatna	IN	Asia/Kolkata
Bothaville	ZA	Africa/Johannesburg
Araranguá	BR	America/Sao_Paulo
Antalaha	MG	Indian/Antananarivo
Caidian	CN	Asia/Shanghai
Busia	KE	Africa/Nairobi
Canton	US	America/New_York
Guildford	GB	Europe/London
Koyilandy	IN	Asia/Kolkata
Mbouda	CM	Africa/Douala
Afikpo	NG	Africa/Lagos
Landshut	DE	Europe/Berlin
Santa Lucía	ES	Atlantic/Canary
Gulfport	US	America/Chicago
Panzos	GT	America/Guatemala
Sunzha	RU	Europe/Moscow
Santa Isabel do Pará	BR	America/Belem
Amatitlán	GT	America/Guatemala
Castro	BR	America/Sao_Paulo
Livyi Bereh	UA	Europe/Kyiv
Saint John	CA	America/Moncton
São Sebastião do Paraíso	BR	America/Sao_Paulo
Farīdpur	IN	Asia/Kolkata
Tando Jam	PK	Asia/Karachi
Yüksekova	TR	Europe/Istanbul
Birkhadem	DZ	Africa/Algiers
Zaandam	NL	Europe/Amsterdam
Borås	SE	Europe/Stockholm
Shakhtarsk	UA	Europe/Kyiv
Nyvky	UA	Europe/Kyiv
Mānikganj	BD	Asia/Dhaka
Esbjerg	DK	Europe/Copenhagen
Bouar	CF	Africa/Bangui
Migori	KE	Africa/Nairobi
Barauni	IN	Asia/Kolkata
Yawata	JP	Asia/Tokyo
Apomu	NG	Africa/Lagos
Minami-Alps	JP	Asia/Tokyo
Xiuyan	CN	Asia/Shanghai
Dārayyā	SY	Asia/Damascus
Delgado	SV	America/El_Salvador
Pawtucket	US	America/New_York
Chernogorsk	RU	Asia/Krasnoyarsk
Lauderhill	US	America/New_York
Peckham	GB	Europe/London
Rock Hill	US	America/New_York
Khanabad	AF	Asia/Kabul
Sragen	ID	Asia/Jakarta
Luohuang	CN	Asia/Shanghai
Madīnat as Sādāt	EG	Africa/Cairo
Tākestān	IR	Asia/Tehran
Campo Formoso	BR	America/Bahia
Dias d'Ávila	BR	America/Bahia
Fuengirola	ES	Europe/Madrid
Solana	PH	Asia/Manila
Shangsi	CN	Asia/Shanghai
Fiditi	NG	Africa/Lagos
Silver Spring	US	America/New_York
Barnsley	GB	Europe/London
Qarasu	CN	Asia/Urumqi
Tokmok	KG	Asia/Bishkek
Yumbo	CO	America/Bogota
Borongan	PH	Asia/Manila
Yukuhashi	JP	Asia/Tokyo
Medenine	TN	Africa/Tunis
Triyuga	NP	Asia/Kathmandu
Shahrixon	UZ	Asia/Tashkent
Oroquieta	PH	Asia/Manila
Upington	ZA	Africa/Johannesburg
Trujillo	VE	America/Caracas
Don Torcuato	AR	America/Argentina/Buenos_Aires
Zelenogorsk	RU	Asia/Krasnoyarsk
West Gulfport	US	America/Chicago
Lowestoft	GB	Europe/London
Krishnagiri	IN	Asia/Kolkata
Parys	ZA	Africa/Johannesburg
Agios Dimitrios	GR	Europe/Athens
Sopur	IN	Asia/Kolkata
Yalova	TR	Europe/Istanbul
Winneba	GH	Africa/Accra
Szolnok	HU	Europe/Budapest
Changtu	CN	Asia/Shanghai
Ban Ko Sire	TH	Asia/Bangkok
Växjö	SE	Europe/Stockholm
Huashan	CN	Asia/Shanghai
Ilidža	BA	Europe/Sarajevo
Lüneburg	DE	Europe/Berlin
Tôlanaro	MG	Indian/Antananarivo
El Pueblito	MX	America/Mexico_City
Flower Mound	US	America/Chicago
Stargard	PL	Europe/Warsaw
Cremona	IT	Europe/Rome
Rāyagada	IN	Asia/Kolkata
Serendah	MY	Asia/Kuala_Lumpur
Anlu	CN	Asia/Shanghai
Guasave	MX	America/Mazatlan
Fernandópolis	BR	America/Sao_Paulo
Yilan	CN	Asia/Shanghai
Zahirābād	IN	Asia/Kolkata
Sur	OM	Asia/Muscat
Linjiang	CN	Asia/Shanghai
Carpi	IT	Europe/Rome
Khopoli	IN	Asia/Kolkata
San Francisco del Rincón	MX	America/Mexico_City
Centreville	US	America/New_York
Grazhdanka	RU	Europe/Moscow
Ratangarh	IN	Asia/Kolkata
Lafayette	US	America/Indiana/Indianapolis
Moanda	GA	Africa/Libreville
Thākurgaon	BD	Asia/Dhaka
Hala	PK	Asia/Karachi
Mārkāpur	IN	Asia/Kolkata
Passaic	US	America/New_York
Billstedt	DE	Europe/Berlin
Guiping	CN	Asia/Shanghai
Gemlik	TR	Europe/Istanbul
Campo Belo	BR	America/Sao_Paulo
Tenri	JP	Asia/Tokyo
Riverview	US	America/New_York
Kalamassery	IN	Asia/Kolkata
Sougueur	DZ	Africa/Algiers
Redlands	US	America/Los_Angeles
Orita-Eruwa	NG	Africa/Lagos
Zográfos	GR	Europe/Athens
Missoula	US	America/Denver
Rancho Cordova	US	America/Los_Angeles
Farshūţ	EG	Africa/Cairo
Celle	DE	Europe/Berlin
Prymorskyi	UA	Europe/Kyiv
Bolpur	IN	Asia/Kolkata
Panjim	IN	Asia/Kolkata
Rānāghāt	IN	Asia/Kolkata
Horizonte	BR	America/Fortaleza
Tanabe	JP	Asia/Tokyo
Doba	TD	Africa/Ndjamena
Hongwŏn	KP	Asia/Pyongyang
Aubervilliers	FR	Europe/Paris
Indaial	BR	America/Sao_Paulo
Wilmington	US	America/New_York
Al Ghanāyim	EG	Africa/Cairo
Kuandian	CN	Asia/Shanghai
Gwadar	PK	Asia/Karachi
Kiến Hưng	VN	Asia/Bangkok
Musashimurayama	JP	Asia/Tokyo
Shenzhen City Centre	CN	Asia/Shanghai
Vila Nova de Gaia	PT	Europe/Lisbon
Aïn Temouchent	DZ	Africa/Algiers
Uwajima	JP	Asia/Tokyo
Ejura	GH	Africa/Accra
Poyang	CN	Asia/Shanghai
Yongfeng	CN	Asia/Shanghai
Lahraouyine	MA	Africa/Casablanca
Kopeysk	RU	Asia/Yekaterinburg
Eha Amufu	NG	Africa/Lagos
Fatehābād	IN	Asia/Kolkata
Bāpatla	IN	Asia/Kolkata
Södertälje	SE	Europe/Stockholm
Gongchangling	CN	Asia/Shanghai
Beypore	IN	Asia/Kolkata
Bir el Ater	DZ	Africa/Algiers
Jimo	CN	Asia/Shanghai
Malumfashi	NG	Africa/Lagos
Cổ Đô	VN	Asia/Bangkok
Janaúba	BR	America/Sao_Paulo
Koppal	IN	Asia/Kolkata
Buenavista	PH	Asia/Manila
Al Qanāyāt	EG	Africa/Cairo
Pala	TD	Africa/Ndjamena
Tongyeong	KR	Asia/Seoul
Badvel	IN	Asia/Kolkata
Antanifotsy	MG	Indian/Antananarivo
Dialakorodji	ML	Africa/Bamako
Sherwood Park	CA	America/Edmonton
Dādri	IN	Asia/Kolkata
Kurortnyy	RU	Europe/Moscow
Chingford	GB	Europe/London
Samar	UA	Europe/Kyiv
Thenkasi	IN	Asia/Kolkata
New Braunfels	US	America/Chicago
Pabianice	PL	Europe/Warsaw
Altamura	IT	Europe/Rome
Berekum	GH	Africa/Accra
Suratgarh	IN	Asia/Kolkata
Santa María Chimalhuacán	MX	America/Mexico_City
Mariano	PH	Asia/Manila
Auraiya	IN	Asia/Kolkata
Lamezia Terme	IT	Europe/Rome
Vol’sk	RU	Europe/Saratov
Nungua	GH	Africa/Accra
Bailundo	AO	Africa/Luanda
Halmstad	SE	Europe/Stockholm
Cherry Hill	US	America/New_York
Mykytivskyi	UA	Europe/Kyiv
Baiquan	CN	Asia/Shanghai
Beloretsk	RU	Asia/Yekaterinburg
Palani	IN	Asia/Kolkata
Benidorm	ES	Europe/Madrid
Contramaestre	CU	America/Havana
Nabeul	TN	Africa/Tunis
Ishimbay	RU	Asia/Yekaterinburg
Alamata	ET	Africa/Addis_Ababa
Capanema	BR	America/Belem
Pagar Alam	ID	Asia/Jakarta
Grande Prairie	CA	America/Edmonton
Linares	MX	America/Monterrey
Bayramaly	TM	Asia/Ashgabat
Jiangyan	CN	Asia/Shanghai
Maidenhead	GB	Europe/London
Shiguai	CN	Asia/Shanghai
Faro	PT	Europe/Lisbon
Maebaru-chūō	JP	Asia/Tokyo
Eniwa	JP	Asia/Tokyo
Flagstaff	US	America/Phoenix
Rittō	JP	Asia/Tokyo
Chivacoa	VE	America/Caracas
Farroupilha	BR	America/Sao_Paulo
Anan	JP	Asia/Tokyo
Martil	MA	Africa/Casablanca
Danao	PH	Asia/Manila
Gniezno	PL	Europe/Warsaw
Brumado	BR	America/Bahia
Alphen aan den Rijn	NL	Europe/Amsterdam
Kadirli	TR	Europe/Istanbul
Goya	AR	America/Argentina/Cordoba
Châu Đốc	VN	Asia/Ho_Chi_Minh
Phaya Thai	TH	Asia/Bangkok
Dārāb	IR	Asia/Tehran
Şirvan	AZ	Asia/Baku
Schweizer-Reneke	ZA	Africa/Johannesburg
Adler	RU	Europe/Moscow
Dimbokro	CI	Africa/Abidjan
Confederation	CA	America/Regina
Fuyang	CN	Asia/Shanghai
Faranah	GN	Africa/Conakry
Haining	CN	Asia/Shanghai
Doğubayazıt	TR	Europe/Istanbul
Alcalá de Guadaira	ES	Europe/Madrid
Shankou	CN	Asia/Shanghai
Chapayevsk	RU	Europe/Samara
Stafford	GB	Europe/London
Mauban	PH	Asia/Manila
Tsurugashima	JP	Asia/Tokyo
Nallūr	IN	Asia/Kolkata
Taungdwingyi	MM	Asia/Yangon
Inaruwa	NP	Asia/Kathmandu
Indang	PH	Asia/Manila
Muncie	US	America/Indiana/Indianapolis
Mineiros	BR	America/Sao_Paulo
Pan’an	CN	Asia/Shanghai
Grajaú	BR	America/Fortaleza
Cahama	AO	Africa/Luanda
Bamberg	DE	Europe/Berlin
Khāliş	IQ	Asia/Baghdad
Ayvalık	TR	Europe/Istanbul
Uxbridge	GB	Europe/London
Baikonur	KZ	Asia/Qostanay
Dainava (Kaunas)	LT	Europe/Vilnius
Rabwah	PK	Asia/Karachi
Fordon	PL	Europe/Warsaw
Vikindu	TZ	Africa/Dar_es_Salaam
Mira Mesa	US	America/Los_Angeles
Woodland Hills	US	America/Los_Angeles
Linh Đàm	VN	Asia/Bangkok
Raha	ID	Asia/Makassar
Duyên Hải	VN	Asia/Ho_Chi_Minh
Weston	US	America/New_York
Imola	IT	Europe/Rome
Aigáleo	GR	Europe/Athens
Izmayil	UA	Europe/Kyiv
Mengcheng Chengguanzhen	CN	Asia/Shanghai
San Joaquín	VE	America/Caracas
Abhar	IR	Asia/Tehran
Xinhe	CN	Asia/Shanghai
Moquegua	PE	America/Lima
Shima	CN	Asia/Shanghai
Güira de Melena	CU	America/Havana
Chamrajnagar	IN	Asia/Kolkata
Mertoyudan	ID	Asia/Jakarta
Consolación del Sur	CU	America/Havana
Mīthepur	IN	Asia/Kolkata
Vaasa	FI	Europe/Helsinki
Segamat	MY	Asia/Kuala_Lumpur
Rājbirāj	NP	Asia/Kathmandu
Ciro	ET	Africa/Addis_Ababa
Vidradnyi	UA	Europe/Kyiv
Mérignac	FR	Europe/Paris
Bondowoso	ID	Asia/Jakarta
Satpayev	KZ	Asia/Almaty
Santa Cruz de Mara	VE	America/Caracas
Māngrol	IN	Asia/Kolkata
Kahror Pakka	PK	Asia/Karachi
Kladno	CZ	Europe/Prague
Kaura Namoda	NG	Africa/Lagos
Basavakalyan	IN	Asia/Kolkata
Planeta Rica	CO	America/Bogota
Āsosa	ET	Africa/Addis_Ababa
Las Piedras	UY	America/Montevideo
Pul Pehlad	IN	Asia/Kolkata
Tacarigua	VE	America/Caracas
Abū ‘Arīsh	SA	Asia/Riyadh
Bairro Parque Nossa Senhora do Carmo	BR	America/Sao_Paulo
Khāsh	IR	Asia/Tehran
Fengping	CN	Asia/Shanghai
Brossard	CA	America/Toronto
Chāībāsa	IN	Asia/Kolkata
Dougnane	SN	Africa/Dakar
Tournai	BE	Europe/Brussels
Yokota	JP	Asia/Tokyo
Linares	CL	America/Santiago
Rhondda	GB	Europe/London
Biguaçu	BR	America/Sao_Paulo
Karonga	MW	Africa/Blantyre
Frederick	US	America/New_York
Fuefuki	JP	Asia/Tokyo
Frontera	MX	America/Monterrey
Minamiarupusu	JP	Asia/Tokyo
Villa Carlos Paz	AR	America/Argentina/Cordoba
Pasco	US	America/Los_Angeles
Mobārakeh	IR	Asia/Tehran
Thanlyin	MM	Asia/Yangon
Dobrich	BG	Europe/Sofia
Chengxian Chengguanzhen	CN	Asia/Shanghai
Pittsburg	US	America/Los_Angeles
Luquembo	AO	Africa/Luanda
Núi Thành	VN	Asia/Ho_Chi_Minh
Sayyān	YE	Asia/Aden
Tripunittura	IN	Asia/Kolkata
Bongabon	PH	Asia/Manila
Gujar Khan	PK	Asia/Karachi
Kungsholmen	SE	Europe/Stockholm
Xininglu	CN	Asia/Urumqi
Kot Malik Barkhurdar	PK	Asia/Karachi
Chuhar Kana	PK	Asia/Karachi
Ridgewood	US	America/New_York
Palatine	US	America/Chicago
Kampung Baru Balakong	MY	Asia/Kuala_Lumpur
Toyoake	JP	Asia/Tokyo
Bitola	MK	Europe/Skopje
Ambovombe	MG	Indian/Antananarivo
Shājāpur	IN	Asia/Kolkata
Anseong	KR	Asia/Seoul
Xuantan	CN	Asia/Shanghai
Jiehu	CN	Asia/Shanghai
Bargny	SN	Africa/Dakar
Ōdate	JP	Asia/Tokyo
Verdun	CA	America/Toronto
Suwałki	PL	Europe/Warsaw
Mettupalayam	IN	Asia/Kolkata
North Richland Hills	US	America/Chicago
San Leonardo	PH	Asia/Manila
Valdefuentes	ES	Europe/Madrid
Union City	US	America/New_York
Kissimmee	US	America/New_York
Linjiang	CN	Asia/Shanghai
Hunedoara	RO	Europe/Bucharest
Las Cumbres	PA	America/Panama
San Carlo All'Arena	IT	Europe/Rome
Khlong Kum	TH	Asia/Bangkok
Sunām	IN	Asia/Kolkata
Tantou	CN	Asia/Shanghai
Bhawānipatna	IN	Asia/Kolkata
Sōja	JP	Asia/Tokyo
Mindelo	CV	Atlantic/Cape_Verde
Ostend	BE	Europe/Brussels
Nganjuk	ID	Asia/Jakarta
Sint-Niklaas	BE	Europe/Brussels
Chicoutimi	CA	America/Toronto
Calauag	PH	Asia/Manila
Xiaoshi	CN	Asia/Shanghai
Ziauddin Pur	IN	Asia/Kolkata
Lençóis Paulista	BR	America/Sao_Paulo
Boconó	VE	America/Caracas
Magalang	PH	Asia/Manila
Ihnāsyā al Madīnah	EG	Africa/Cairo
Jamkhandi	IN	Asia/Kolkata
Bogale	MM	Asia/Yangon
Güines	CU	America/Havana
Royal Tunbridge Wells	GB	Europe/London
Walnut Creek	US	America/Los_Angeles
Ad Dilinjāt	EG	Africa/Cairo
Darnytskyi Masyv	UA	Europe/Kyiv
Koson	UZ	Asia/Samarkand
Cantaura	VE	America/Caracas
Granada	CO	America/Bogota
Inongo	CD	Africa/Kinshasa
Hoorn	NL	Europe/Amsterdam
Basmat	IN	Asia/Kolkata
Libon	PH	Asia/Manila
Assen	NL	Europe/Amsterdam
Chulucanas	PE	America/Lima
Tuymazy	RU	Asia/Yekaterinburg
Taj Pul	IN	Asia/Kolkata
Enugu-Ukwu	NG	Africa/Lagos
Cordova	US	America/Chicago
Moriya	JP	Asia/Tokyo
Itō	JP	Asia/Tokyo
Yachimata	JP	Asia/Tokyo
Cabedelo	BR	America/Fortaleza
Venâncio Aires	BR	America/Sao_Paulo
Ponferrada	ES	Europe/Madrid
Itapecuru Mirim	BR	America/Fortaleza
Jinjiang	CN	Asia/Shanghai
Lupon	PH	Asia/Manila
Gion	JP	Asia/Tokyo
Idah	NG	Africa/Lagos
Yunmen	CN	Asia/Shanghai
Lys’va	RU	Asia/Yekaterinburg
Knysna	ZA	Africa/Johannesburg
Wushan	CN	Asia/Shanghai
Kayamkulam	IN	Asia/Kolkata
Mount Vernon	US	America/New_York
Darya Khan	PK	Asia/Karachi
Dharmapuri	IN	Asia/Kolkata
Heishan	CN	Asia/Shanghai
Conroe	US	America/Chicago
Borisoglebsk	RU	Europe/Moscow
Obonoma	NG	Africa/Lagos
Dothan	US	America/Chicago
Sosnovyy Bor	RU	Europe/Moscow
Feodosiya	UA	Europe/Simferopol
Aschaffenburg	DE	Europe/Berlin
Bouïra	DZ	Africa/Algiers
Chinchiná	CO	America/Bogota
Ouricuri	BR	America/Recife
Budapest XVI. kerület	HU	Europe/Budapest
Tsuruga	JP	Asia/Tokyo
Hämeenlinna	FI	Europe/Helsinki
Northridge	US	America/Los_Angeles
Waterloo	US	America/Chicago
Tanauan	PH	Asia/Manila
Pengcheng	CN	Asia/Shanghai
Wenjiang	CN	Asia/Shanghai
Al Balyanā	EG	Africa/Cairo
Rivas-Vaciamadrid	ES	Europe/Madrid
Sheki	AZ	Asia/Baku
Nakivale Refugee Camp	UG	Africa/Kampala
Maple Grove	US	America/Chicago
Baranoa	CO	America/Bogota
Shima	CN	Asia/Shanghai
Aparri	PH	Asia/Manila
Bīsalpur	IN	Asia/Kolkata
Peruíbe	BR	America/Sao_Paulo
Ninghai	CN	Asia/Shanghai
Framingham	US	America/New_York
San Isidro	PE	America/Lima
Icó	BR	America/Fortaleza
Sabae	JP	Asia/Tokyo
Al Faḩāḩīl	KW	Asia/Kuwait
Saldanha	ZA	Africa/Johannesburg
Adrar	DZ	Africa/Algiers
Issia	CI	Africa/Abidjan
Dolgoprudnyy	RU	Europe/Moscow
Formiga	BR	America/Sao_Paulo
Söke	TR	Europe/Istanbul
Altagracia de Orituco	VE	America/Caracas
Nghĩa Lộ	VN	Asia/Ho_Chi_Minh
Attili	IN	Asia/Kolkata
Wimbledon	GB	Europe/London
Ina	JP	Asia/Tokyo
Redondo Beach	US	America/Los_Angeles
Corby	GB	Europe/London
Aïn Harrouda	MA	Africa/Casablanca
Notre-Dame-de-Grâce	CA	America/Toronto
Langarūd	IR	Asia/Tehran
Guiglo	CI	Africa/Abidjan
Cadereyta Jiménez	MX	America/Monterrey
Majadahonda	ES	Europe/Madrid
Bossier City	US	America/Chicago
Cumbum	IN	Asia/Kolkata
Morón	VE	America/Caracas
Neubrandenburg	DE	Europe/Berlin
Artemisa	CU	America/Havana
Valle de Santiago	MX	America/Mexico_City
Stamford Hill	GB	Europe/London
Sanlúcar de Barrameda	ES	Europe/Madrid
Bir el Djir	DZ	Africa/Algiers
Bungoma	KE	Africa/Nairobi
Macenta	GN	Africa/Conakry
Amparo	BR	America/Sao_Paulo
Munnar	IN	Asia/Kolkata
Dorogomilovo	RU	Europe/Moscow
Balanbale	SO	Africa/Addis_Ababa
Panipat Taraf Makhdum Zadgan	IN	Asia/Kolkata
Cadereyta	MX	America/Monterrey
Bourges	FR	Europe/Paris
Yorba Linda	US	America/Los_Angeles
Nābha	IN	Asia/Kolkata
Mustamäe	EE	Europe/Tallinn
Ardeşen	TR	Europe/Istanbul
Chaihe	CN	Asia/Shanghai
Budyonnovsk	RU	Europe/Moscow
Bihāt	IN	Asia/Kolkata
Minggang	CN	Asia/Shanghai
Tangzhai	CN	Asia/Shanghai
Xunyang	CN	Asia/Shanghai
Barberton	ZA	Africa/Johannesburg
Samāstipur	IN	Asia/Kolkata
Calbayog City	PH	Asia/Manila
Belogorsk	RU	Asia/Yakutsk
Hashima	JP	Asia/Tokyo
Kāranja	IN	Asia/Kolkata
Stróvolos	CY	Asia/Nicosia
Campiña	ES	Europe/Madrid
Yanghe	CN	Asia/Shanghai
Gode	ET	Africa/Addis_Ababa
Concepción del Uruguay	AR	America/Argentina/Cordoba
San Mateo Atenco	MX	America/Mexico_City
Angat	PH	Asia/Manila
Woodbury	US	America/Chicago
San Fernando	PE	America/Lima
Tanjung Selor	ID	Asia/Makassar
Conceição do Coité	BR	America/Bahia
Dongfeng	CN	Asia/Shanghai
Roman	RO	Europe/Bucharest
Sītāmarhi	IN	Asia/Kolkata
Bârlad	RO	Europe/Bucharest
Blagoevgrad	BG	Europe/Sofia
Deva	RO	Europe/Bucharest
Kamuli	UG	Africa/Kampala
Xo‘jayli Shahri	UZ	Asia/Samarkand
Rājsamand	IN	Asia/Kolkata
Huamak	TH	Asia/Bangkok
Kaga	JP	Asia/Tokyo
Tamano	JP	Asia/Tokyo
Quillota	CL	America/Santiago
Eau Claire	US	America/Chicago
Jiang’an	CN	Asia/Shanghai
Kesklinn	EE	Europe/Tallinn
Saraburi	TH	Asia/Bangkok
Ishim	RU	Asia/Yekaterinburg
Zhenlai	CN	Asia/Shanghai
Velsen-Zuid	NL	Europe/Amsterdam
Waldorf	US	America/New_York
Dessau	DE	Europe/Berlin
Malkāpur	IN	Asia/Kolkata
La Carlota	PH	Asia/Manila
Santo Domingo Tehuantepec	MX	America/Mexico_City
Shuangfengqiao	CN	Asia/Shanghai
Forest Hills	US	America/New_York
Apac	UG	Africa/Kampala
Dāmghān	IR	Asia/Tehran
Mococa	BR	America/Sao_Paulo
Hwadae	KP	Asia/Pyongyang
Ji’an	CN	Asia/Shanghai
Songjianghe	CN	Asia/Shanghai
Ede	NL	Europe/Amsterdam
Davis	US	America/Los_Angeles
Subic	PH	Asia/Manila
Şırnak	TR	Europe/Istanbul
Tsushima	JP	Asia/Tokyo
Yan Besar	MY	Asia/Kuala_Lumpur
Pālang	BD	Asia/Dhaka
Modāsa	IN	Asia/Kolkata
Glen Burnie	US	America/New_York
Arenella	IT	Europe/Rome
Banepā	NP	Asia/Kathmandu
Agbor	NG	Africa/Lagos
Camarillo	US	America/Los_Angeles
Jaisalmer	IN	Asia/Kolkata
Xaçmaz	AZ	Asia/Baku
Luorong	CN	Asia/Shanghai
Tomé-Açu	BR	America/Belem
Kovel	UA	Europe/Kyiv
Victoria	US	America/Chicago
Trapani	IT	Europe/Rome
Paignton	GB	Europe/London
Rosales	PH	Asia/Manila
Lüeyang Chengguanzhen	CN	Asia/Shanghai
Tejen	TM	Asia/Ashgabat
Gaithersburg	US	America/New_York
Babati	TZ	Africa/Dar_es_Salaam
Shorkot	PK	Asia/Karachi
Wenling	CN	Asia/Shanghai
Chaguanas	TT	America/Port_of_Spain
Buldāna	IN	Asia/Kolkata
Montemorelos	MX	America/Monterrey
Omīdīyeh	IR	Asia/Tehran
Liepāja	LV	Europe/Riga
Huajing	CN	Asia/Shanghai
Dhenkānāl	IN	Asia/Kolkata
Ezza-Ohu	NG	Africa/Lagos
Ixtapa-Zihuatanejo	MX	America/Mexico_City
Rossendale	GB	Europe/London
Fuqing	CN	Asia/Shanghai
Urun-Islāmpur	IN	Asia/Kolkata
Caohe	CN	Asia/Shanghai
Eskilstuna	SE	Europe/Stockholm
Jacksonville	US	America/New_York
Kiyosu	JP	Asia/Tokyo
Kostyantynivka	UA	Europe/Kyiv
Gaoliu	CN	Asia/Shanghai
Gopālganj	IN	Asia/Kolkata
City of Isabela	PH	Asia/Manila
Breu Branco	BR	America/Belem
Bongaigaon	IN	Asia/Kolkata
Xinzhou	CN	Asia/Shanghai
Zadar	HR	Europe/Zagreb
Sangamner	IN	Asia/Kolkata
San Luis	CU	America/Havana
Caicara del Orinoco	VE	America/Caracas
Pingzhuang	CN	Asia/Shanghai
South San Francisco	US	America/Los_Angeles
Sousa	BR	America/Fortaleza
Kstovo	RU	Europe/Moscow
Shiojiri	JP	Asia/Tokyo
Lippstadt	DE	Europe/Berlin
Oum el Bouaghi	DZ	Africa/Algiers
Tomaszów Mazowiecki	PL	Europe/Warsaw
Tabatinga	BR	America/Manaus
Tianliu	CN	Asia/Shanghai
Minchinabad	PK	Asia/Karachi
Lushar	CN	Asia/Shanghai
Ödemiş	TR	Europe/Istanbul
Köpenick	DE	Europe/Berlin
Wanggou	CN	Asia/Shanghai
Fengkou	CN	Asia/Shanghai
Néa Ionía	GR	Europe/Athens
Hāveri	IN	Asia/Kolkata
Dolores Hidalgo	MX	America/Mexico_City
Shajing Town	CN	Asia/Shanghai
Kenner	US	America/Chicago
Melati	ID	Asia/Jakarta
Santa Cruz Xoxocotlán	MX	America/Mexico_City
Aalen	DE	Europe/Berlin
Washington	GB	Europe/London
Jackson Heights	US	America/New_York
Saint-Nazaire	FR	Europe/Paris
Fukutsu	JP	Asia/Tokyo
Przemyśl	PL	Europe/Warsaw
Estepona	ES	Europe/Madrid
Nunukan	ID	Asia/Makassar
Mannargudi	IN	Asia/Kolkata
Dinslaken	DE	Europe/Berlin
Nizhyn	UA	Europe/Kyiv
Rockville	US	America/New_York
Liuhe	CN	Asia/Shanghai
Jackson	US	America/Chicago
Embu-Guaçu	BR	America/Sao_Paulo
Târgovişte	RO	Europe/Bucharest
Lincoln Park	US	America/Chicago
Kashima-shi	JP	Asia/Tokyo
Abū al Maţāmīr	EG	Africa/Cairo
Yuba City	US	America/Los_Angeles
Hanyin Chengguanzhen	CN	Asia/Shanghai
Tataouine	TN	Africa/Tunis
Jhālāwār	IN	Asia/Kolkata
Solna	SE	Europe/Stockholm
Aleksin	RU	Europe/Moscow
Portland	US	America/New_York
Sidi Aïssa	DZ	Africa/Algiers
Palo Alto	US	America/Los_Angeles
Saiki	JP	Asia/Tokyo
Wacheng Neighborhood	CN	Asia/Shanghai
Seinäjoki	FI	Europe/Helsinki
Tarn Taran	IN	Asia/Kolkata
General Pico	AR	America/Argentina/Salta
Neuwied	DE	Europe/Berlin
Ferrol	ES	Europe/Madrid
Casas Adobes	US	America/Phoenix
Phúc Lợi	VN	Asia/Bangkok
Bajos de Haina	DO	America/Santo_Domingo
Point Cook	AU	Australia/Melbourne
Marysville	US	America/Los_Angeles
Duoba	CN	Asia/Shanghai
Siddipet	IN	Asia/Kolkata
Unna	DE	Europe/Berlin
Shaozhuang	CN	Asia/Shanghai
Dambulla	LK	Asia/Colombo
Trang	TH	Asia/Bangkok
Baní	DO	America/Santo_Domingo
Sayhāt	SA	Asia/Riyadh
Tēpī	ET	Africa/Addis_Ababa
Parnas	RU	Europe/Moscow
Bakıxanov	AZ	Asia/Baku
Korabelna Storona	UA	Europe/Simferopol
Chiyoda	JP	Asia/Tokyo
Karlskrona	SE	Europe/Stockholm
Dinalupihan	PH	Asia/Manila
Bellampalli	IN	Asia/Kolkata
Focșani	RO	Europe/Bucharest
South Jordan	US	America/Denver
Santa Cruz	PH	Asia/Manila
Tailai	CN	Asia/Shanghai
Lishi	CN	Asia/Shanghai
Quartu Sant'Elena	IT	Europe/Rome
La Mohammedia	TN	Africa/Tunis
Jidd Ḩafş	BH	Asia/Bahrain
Chengyang	CN	Asia/Shanghai
Aluche	ES	Europe/Madrid
Sanchazi	CN	Asia/Shanghai
Fort McMurray	CA	America/Edmonton
Kurihara	JP	Asia/Tokyo
Daxu	CN	Asia/Shanghai
Oshkosh	US	America/Chicago
Ramos Arizpe	MX	America/Monterrey
Aflao	GH	Africa/Accra
Qaraqash	CN	Asia/Urumqi
Barbil	IN	Asia/Kolkata
Taihe	CN	Asia/Shanghai
Koratla	IN	Asia/Kolkata
North Little Rock	US	America/Chicago
Lianyuan	CN	Asia/Shanghai
Goba	ET	Africa/Addis_Ababa
Stalowa Wola	PL	Europe/Warsaw
Mansehra	PK	Asia/Karachi
Sokaraja	ID	Asia/Jakarta
Camaquã	BR	America/Sao_Paulo
Smila	UA	Europe/Kyiv
Bayside	US	America/New_York
Bununka Kunda	GM	Africa/Banjul
Wuxi	CN	Asia/Shanghai
Vicálvaro	ES	Europe/Madrid
Folkestone	GB	Europe/London
Qipan	CN	Asia/Shanghai
Plauen	DE	Europe/Berlin
Napier	NZ	Pacific/Auckland
San Antonio del Táchira	VE	America/Caracas
Rishīkesh	IN	Asia/Kolkata
Kungur	RU	Asia/Yekaterinburg
Kituku	CD	Africa/Lubumbashi
Castelldefels	ES	Europe/Madrid
Goyerkāta	IN	Asia/Kolkata
Klintsy	RU	Europe/Moscow
Tōgane	JP	Asia/Tokyo
Tangxiang	CN	Asia/Shanghai
Neryungri	RU	Asia/Yakutsk
Huinan	CN	Asia/Shanghai
Bayonne	US	America/New_York
Brixton	GB	Europe/London
Hounslow	GB	Europe/London
Besbes	DZ	Africa/Algiers
Eagan	US	America/Chicago
Beimeng	CN	Asia/Shanghai
Leninogorsk	RU	Europe/Moscow
Cataguases	BR	America/Sao_Paulo
Bergen op Zoom	NL	Europe/Amsterdam
Delray Beach	US	America/New_York
Algueirão	PT	Europe/Lisbon
Loures	PT	Europe/Lisbon
Sosnovka	RU	Europe/Moscow
Rajin	KP	Asia/Pyongyang
Granby	CA	America/Toronto
Marondera	ZW	Africa/Harare
Gama	AO	Africa/Luanda
Luoyang	CN	Asia/Shanghai
Mandamarri	IN	Asia/Kolkata
Jesus Maria	PE	America/Lima
Muling	CN	Asia/Shanghai
Viladecans	ES	Europe/Madrid
Castellammare di Stabia	IT	Europe/Rome
Cheria	DZ	Africa/Algiers
Kasungu	MW	Africa/Blantyre
Qionghu	CN	Asia/Shanghai
I‘zāz	SY	Asia/Damascus
Thái Hòa	VN	Asia/Ho_Chi_Minh
Camucuio	AO	Africa/Luanda
Gamping Lor	ID	Asia/Jakarta
Nikki	BJ	Africa/Porto-Novo
Tanjong Malim	MY	Asia/Kuala_Lumpur
Oued Lill	TN	Africa/Tunis
Beruniy	UZ	Asia/Samarkand
Huanan	CN	Asia/Shanghai
Tissemsilt	DZ	Africa/Algiers
Wamena	ID	Asia/Jayapura
Gukovo	RU	Europe/Moscow
Sagunto	ES	Europe/Madrid
Morón	CU	America/Havana
Liberdade	BR	America/Sao_Paulo
Puliyankudi	IN	Asia/Kolkata
Zamość	PL	Europe/Warsaw
Xiaolingwei	CN	Asia/Shanghai
Ambilobe	MG	Indian/Antananarivo
Johnson City	US	America/New_York
Kitamoto	JP	Asia/Tokyo
Gwa	MM	Asia/Yangon
Ţurayf	SA	Asia/Riyadh
Calapan	PH	Asia/Manila
Johor Jaya	MY	Asia/Kuala_Lumpur
Kherson	UA	Europe/Kyiv
Ganshui	CN	Asia/Shanghai
Dale City	US	America/New_York
Namyang-nodongjagu	KP	Asia/Pyongyang
Silvan	TR	Europe/Istanbul
Salgueiro	BR	America/Recife
Lesosibirsk	RU	Asia/Krasnoyarsk
Cedar Park	US	America/Chicago
Jablah	SY	Asia/Damascus
Waterfront Communities-The Island	CA	America/Toronto
Niitsu-honchō	JP	Asia/Tokyo
Lahat	ID	Asia/Jakarta
Tanabe	JP	Asia/Tokyo
Rotorua	NZ	Pacific/Auckland
Duramē	ET	Africa/Addis_Ababa
Yaoji	CN	Asia/Shanghai
Qiantang	CN	Asia/Shanghai
Vilanova i la Geltrú	ES	Europe/Madrid
Mengyin	CN	Asia/Shanghai
Parkchester	US	America/New_York
Palín	GT	America/Guatemala
Lichtenburg	ZA	Africa/Johannesburg
Tatabánya	HU	Europe/Budapest
Atascocita	US	America/Chicago
Jietou	CN	Asia/Shanghai
Saint Cloud	US	America/Chicago
Ellicott City	US	America/New_York
Xiangcheng	CN	Asia/Shanghai
Palāsa	IN	Asia/Kolkata
Bayiji	CN	Asia/Shanghai
Finchley	GB	Europe/London
Laguna Niguel	US	America/Los_Angeles
Polewali	ID	Asia/Makassar
Chegutu	ZW	Africa/Harare
Myŏngch’ŏn	KP	Asia/Pyongyang
Saint Charles	US	America/Chicago
União dos Palmares	BR	America/Maceio
Harlingen	US	America/Chicago
Shangkou	CN	Asia/Shanghai
Polevskoy	RU	Asia/Yekaterinburg
Pavia	IT	Europe/Rome
Ligezhuang	CN	Asia/Shanghai
Mitoyo	JP	Asia/Tokyo
Gohāna	IN	Asia/Kolkata
Pulivendla	IN	Asia/Kolkata
Từ Sơn	VN	Asia/Bangkok
Wrexham	GB	Europe/London
Quwaysinā	EG	Africa/Cairo
Chengalpattu	IN	Asia/Kolkata
Dashitou	CN	Asia/Shanghai
Rovaniemi	FI	Europe/Helsinki
San Ildefonso	PH	Asia/Manila
San Miguel	PH	Asia/Manila
Huanghua	CN	Asia/Shanghai
Kędzierzyn-Koźle	PL	Europe/Warsaw
Ipixuna do Pará	BR	America/Belem
Tulcea	RO	Europe/Bucharest
Qingyang	CN	Asia/Shanghai
Wadgaon Kolhati	IN	Asia/Kolkata
Babu	CN	Asia/Shanghai
Souq Sebt Oulad Nemma	MA	Africa/Casablanca
Barreirinhas	BR	America/Fortaleza
Chivilcoy	AR	America/Argentina/Buenos_Aires
Lādnūn	IN	Asia/Kolkata
Ioánnina	GR	Europe/Athens
Tupã	BR	America/Sao_Paulo
Wufeng	TW	Asia/Taipei
Fleetwood	CA	America/Vancouver
Bom Jesus da Lapa	BR	America/Bahia
Nūrābād	IR	Asia/Tehran
Coroatá	BR	America/Fortaleza
Korba	TN	Africa/Tunis
Basirpur	PK	Asia/Karachi
Yebaishou	CN	Asia/Shanghai
Huaiyuan Chengguanzhen	CN	Asia/Shanghai
San Clemente	US	America/Los_Angeles
West Lynchburg	US	America/New_York
Iganga	UG	Africa/Kampala
Al Manşūrah	QA	Asia/Qatar
Middletown	US	America/New_York
Burām	SD	Africa/Khartoum
Dār Kulayb	BH	Asia/Bahrain
Afgooye	SO	Africa/Mogadishu
Torremolinos	ES	Europe/Madrid
Sattahip	TH	Asia/Bangkok
Sokhumi	GE	Europe/Moscow
Supaul	IN	Asia/Kolkata
Ellesmere Port Town	GB	Europe/London
Narok	KE	Africa/Nairobi
Fort Garry South	CA	America/Winnipeg
Fīrūzābād	IR	Asia/Tehran
Framingham Center	US	America/New_York
Dancheng	CN	Asia/Shanghai
Itapoã	BR	America/Sao_Paulo
Colmar	FR	Europe/Paris
Ārān Bīdgol	IR	Asia/Tehran
Głogów	PL	Europe/Warsaw
Tendō	JP	Asia/Tokyo
Torquay	GB	Europe/London
Bāqershahr	IR	Asia/Tehran
Bianzhuang	CN	Asia/Shanghai
Pankow	DE	Europe/Berlin
Aïn M’Lila	DZ	Africa/Algiers
Meleuz	RU	Asia/Yekaterinburg
Ban Khoan	LA	Asia/Vientiane
Tultepec	MX	America/Mexico_City
Suyangshan	CN	Asia/Shanghai
Kumertau	RU	Asia/Yekaterinburg
Gangārāmpur	IN	Asia/Kolkata
Ramanathapuram	IN	Asia/Kolkata
Herten	DE	Europe/Berlin
Jagraon	IN	Asia/Kolkata
Schenectady	US	America/New_York
Perai	MY	Asia/Kuala_Lumpur
Urgut Shahri	UZ	Asia/Samarkand
Sinnar	IN	Asia/Kolkata
Hepingjie	CN	Asia/Shanghai
Salamá	GT	America/Guatemala
Bairro Militar	GW	Africa/Bissau
Kopargaon	IN	Asia/Kolkata
Skhirate	MA	Africa/Casablanca
Nioko I	BF	Africa/Ouagadougou
Tulungagung	ID	Asia/Jakarta
Liuxin	CN	Asia/Shanghai
Capelle aan den IJssel	NL	Europe/Amsterdam
Gushikawa	JP	Asia/Tokyo
Caoqiao	CN	Asia/Shanghai
Manhiça	MZ	Africa/Maputo
Alīpur Duār	IN	Asia/Kolkata
Belize City	BZ	America/Belize
Lala Musa	PK	Asia/Karachi
Slavyansk-na-Kubani	RU	Europe/Moscow
Longshan	CN	Asia/Shanghai
Craigieburn	AU	Australia/Melbourne
Irpin	UA	Europe/Kyiv
Villa de Vallecas	ES	Europe/Madrid
Januária	BR	America/Sao_Paulo
Fengrun	CN	Asia/Shanghai
Pinheiros	BR	America/Sao_Paulo
Cheyenne	US	America/Denver
Lalmonirhat	BD	Asia/Dhaka
Aquiraz	BR	America/Fortaleza
Tandur	IN	Asia/Kolkata
Ambarawa	ID	Asia/Jakarta
Ouezzane	MA	Africa/Casablanca
Kalush	UA	Europe/Kyiv
Villasis	PH	Asia/Manila
Estância	BR	America/Maceio
Broomfield	US	America/Denver
Ames	US	America/Chicago
Park Slope	US	America/New_York
Shawnee	US	America/Chicago
Mecheria	DZ	Africa/Algiers
Maués	BR	America/Manaus
Kunyang	CN	Asia/Shanghai
Bezerros	BR	America/Recife
Bāzār-e Yakāwlang	AF	Asia/Kabul
Bāzārak	AF	Asia/Kabul
Ganda	AO	Africa/Luanda
Patuakhali	BD	Asia/Dhaka
Cricklewood	GB	Europe/London
Wrzeszcz	PL	Europe/Warsaw
King Faisal Military City	SA	Asia/Riyadh
Reseda	US	America/Los_Angeles
Itauguá	PY	America/Asuncion
Guildford	CA	America/Vancouver
Pampatar	VE	America/Caracas
Conway	US	America/Chicago
Embu	KE	Africa/Nairobi
Sumusţā al Waqf	EG	Africa/Cairo
Tianzhuang	CN	Asia/Shanghai
Villa del Rosario	CO	America/Bogota
East Orange	US	America/New_York
Khulm	AF	Asia/Kabul
Gitega	BI	Africa/Bujumbura
Sodegaura	JP	Asia/Tokyo
Bodītī	ET	Africa/Addis_Ababa
Busia	UG	Africa/Kampala
Oas	PH	Asia/Manila
Kolonnawa	LK	Asia/Colombo
Azul	AR	America/Argentina/Buenos_Aires
Loughborough	GB	Europe/London
Herford	DE	Europe/Berlin
Lingao	CN	Asia/Shanghai
Hita	JP	Asia/Tokyo
Portage Park	US	America/Chicago
Igarapé Miri	BR	America/Belem
Tongaat	ZA	Africa/Johannesburg
Skokie	US	America/Chicago
Shikang	CN	Asia/Shanghai
Massa	IT	Europe/Rome
Grevenbroich	DE	Europe/Berlin
Čair	MK	Europe/Skopje
Tecate	MX	America/Tijuana
Valverde	ES	Europe/Madrid
Dishnā	EG	Africa/Cairo
Rechytsa	BY	Europe/Minsk
Khatauli	IN	Asia/Kolkata
Weimar	DE	Europe/Berlin
Bertioga	BR	America/Sao_Paulo
Hwawŏn	KR	Asia/Seoul
Fenggang	CN	Asia/Shanghai
Vīrarāghavapuram	IN	Asia/Kolkata
Ahlat	TR	Europe/Istanbul
Asahi	JP	Asia/Tokyo
West Bloomfield Township	US	America/Detroit
Tamarac	US	America/New_York
Yendi	GH	Africa/Accra
Siuri	IN	Asia/Kolkata
Rāipur	BD	Asia/Dhaka
Itaberaba	BR	America/Bahia
Meulaboh	ID	Asia/Jakarta
Dondo	AO	Africa/Luanda
Dondo	AO	Africa/Luanda
Malanville	BJ	Africa/Porto-Novo
Usta Muhammad	PK	Asia/Karachi
Youngstown	US	America/New_York
Taunton	GB	Europe/London
Tomigusuku	JP	Asia/Tokyo
Talavera	PH	Asia/Manila
Chacao	VE	America/Caracas
Guasdualito	VE	America/Caracas
Crotone	IT	Europe/Rome
Lodi	US	America/Los_Angeles
La Línea de la Concepción	ES	Europe/Madrid
North Hollywood	US	America/Los_Angeles
Picheng	CN	Asia/Shanghai
Greenville	US	America/New_York
Renzhao	CN	Asia/Shanghai
Kotikawatta	LK	Asia/Colombo
Haskovo	BG	Europe/Sofia
Puerto Madryn	AR	America/Argentina/Catamarca
Fujioka	JP	Asia/Tokyo
Muncar	ID	Asia/Jakarta
Bīna	IN	Asia/Kolkata
Koboko	UG	Africa/Kampala
Pālitāna	IN	Asia/Kolkata
Taman Senawang Indah	MY	Asia/Kuala_Lumpur
Changli	CN	Asia/Shanghai
Yanagawa	JP	Asia/Tokyo
Afragola	IT	Europe/Rome
Preaek Prasab	KH	Asia/Phnom_Penh
Itamaraju	BR	America/Bahia
Akşehir	TR	Europe/Istanbul
Sahuayo de Morelos	MX	America/Mexico_City
Celina	US	America/Chicago
Chaumu	IN	Asia/Kolkata
Bandar Seri Begawan	BN	Asia/Brunei
Kaihua	CN	Asia/Shanghai
Yunmeng Chengguanzhen	CN	Asia/Shanghai
Tikhoretsk	RU	Europe/Moscow
Gelang Patah	MY	Asia/Kuala_Lumpur
Bantul	ID	Asia/Jakarta
Waterlooville	GB	Europe/London
Yangzhou	CN	Asia/Shanghai
Sandefjord	NO	Europe/Oslo
Imaichi	JP	Asia/Tokyo
Rossosh’	RU	Europe/Moscow
Montenegro	BR	America/Sao_Paulo
Maison Blanche	FR	Europe/Paris
Gimbi	ET	Africa/Addis_Ababa
Sheptytskyi	UA	Europe/Kyiv
Tamana	JP	Asia/Tokyo
Enrique B. Magalona	PH	Asia/Manila
Kaposvár	HU	Europe/Budapest
Mansfield	US	America/Chicago
Hālol	IN	Asia/Kolkata
T’aet’an-ŭp	KP	Asia/Pyongyang
Taloqan	AF	Asia/Kabul
Ongjin	KP	Asia/Pyongyang
Punta Alta	AR	America/Argentina/Buenos_Aires
Kodār	IN	Asia/Kolkata
Tuapse	RU	Europe/Moscow
Alba Iulia	RO	Europe/Bucharest
Kerpen	DE	Europe/Berlin
Skanes	TN	Africa/Tunis
Santa Cruz	US	America/Los_Angeles
Pico Rivera	US	America/Los_Angeles
Bāngarda Chhota	IN	Asia/Kolkata
Tshela	CD	Africa/Kinshasa
Madera	US	America/Los_Angeles
Vacaria	BR	America/Sao_Paulo
Qinggang	CN	Asia/Shanghai
Uga	NG	Africa/Lagos
Fria	GN	Africa/Conakry
Tādepalle	IN	Asia/Kolkata
Koulikoro	ML	Africa/Bamako
Tirupattur	IN	Asia/Kolkata
Janesville	US	America/Chicago
Surubim	BR	America/Recife
Ali Mendjeli	DZ	Africa/Algiers
Boryspil	UA	Europe/Kyiv
West Des Moines	US	America/Chicago
Villa Elisa	PY	America/Asuncion
Aleksandrov	RU	Europe/Moscow
Narutochō-mitsuishi	JP	Asia/Tokyo
Santiago	PE	America/Lima
Sibi	PK	Asia/Karachi
Molina de Segura	ES	Europe/Madrid
Ihnāsīyah	EG	Africa/Cairo
Mutengene	CM	Africa/Douala
Chinnachowk	IN	Asia/Kolkata
Bishnupur	IN	Asia/Kolkata
Paterna	ES	Europe/Madrid
Āmūr	IN	Asia/Kolkata
Palaió Fáliro	GR	Europe/Athens
Wik’ro	ET	Africa/Addis_Ababa
Kotlovka	RU	Europe/Moscow
Polomolok	PH	Asia/Manila
Ensenada	AR	America/Argentina/Buenos_Aires
Baheri	IN	Asia/Kolkata
Nawalgarh	IN	Asia/Kolkata
Paranoá	BR	America/Sao_Paulo
Montebello	US	America/Los_Angeles
Ānaiyūr	IN	Asia/Kolkata
Camocim	BR	America/Fortaleza
Kunnamkulam	IN	Asia/Kolkata
Tulangan Utara	ID	Asia/Jakarta
Bognor Regis	GB	Europe/London
Ambanja	MG	Indian/Antananarivo
Colón	CU	America/Havana
Rāghogarh	IN	Asia/Kolkata
San Antonio de Los Altos	VE	America/Caracas
Tohāna	IN	Asia/Kolkata
Kangar	MY	Asia/Kuala_Lumpur
Valence	FR	Europe/Paris
Newtownabbey	GB	Europe/London
Cosenza	IT	Europe/Rome
Quimper	FR	Europe/Paris
Pateros	PH	Asia/Manila
San Pedro de Copán	HN	America/Tegucigalpa
Thành Phố Uông Bí	VN	Asia/Ho_Chi_Minh
Dengbu	CN	Asia/Shanghai
Pindi Gheb	PK	Asia/Karachi
Piripiri	BR	America/Fortaleza
Machakos	KE	Africa/Nairobi
Kulai	MY	Asia/Kuala_Lumpur
Fulda	DE	Europe/Berlin
Yangcun	CN	Asia/Shanghai
Zhicheng	CN	Asia/Shanghai
Shendi	SD	Africa/Khartoum
Magong	TW	Asia/Taipei
Mpika	ZM	Africa/Lusaka
Boké	GN	Africa/Conakry
Georgetown	US	America/Chicago
Mangai	CD	Africa/Kinshasa
As Safīrah	SY	Asia/Damascus
Lulou	CN	Asia/Shanghai
Hull	CA	America/Toronto
‘Alemaya	ET	Africa/Addis_Ababa
Bongor	TD	Africa/Ndjamena
Kanchanaburi	TH	Asia/Bangkok
Jatani	IN	Asia/Kolkata
Chokwé	MZ	Africa/Maputo
Alpharetta	US	America/New_York
Fujiidera	JP	Asia/Tokyo
Arni	IN	Asia/Kolkata
Genk	BE	Europe/Brussels
Shimodate	JP	Asia/Tokyo
Yambol	BG	Europe/Sofia
Chik Ballāpur	IN	Asia/Kolkata
Kilju	KP	Asia/Pyongyang
Lorain	US	America/New_York
Baihecun	CN	Asia/Shanghai
Dédougou	BF	Africa/Ouagadougou
Bowling Green	US	America/Chicago
Nong Khai	TH	Asia/Bangkok
Guanyin	CN	Asia/Shanghai
Flatlands	US	America/New_York
Dundalk	US	America/New_York
Capão da Canoa	BR	America/Sao_Paulo
New Halfa	SD	Africa/Khartoum
Dormagen	DE	Europe/Berlin
Zarechnyy	RU	Europe/Moscow
Užice	RS	Europe/Belgrade
Buckley	GB	Europe/London
Mabai	CN	Asia/Shanghai
Benevides	BR	America/Belem
Leszno	PL	Europe/Warsaw
Bergheim	DE	Europe/Berlin
Nago	JP	Asia/Tokyo
El Mgarsa	TN	Africa/Tunis
Ganta	LR	Africa/Monrovia
Jelutong	MY	Asia/Kuala_Lumpur
Samut Sakhon	TH	Asia/Bangkok
Eden Prairie	US	America/Chicago
Jitra	MY	Asia/Kuala_Lumpur
Slatina	RO	Europe/Bucharest
North Bergen	US	America/New_York
Zayed City	AE	Asia/Dubai
Pittwater	AU	Australia/Sydney
Most	CZ	Europe/Prague
Korydallós	GR	Europe/Athens
Great Yarmouth	GB	Europe/London
Buin	CL	America/Santiago
El Prat de Llobregat	ES	Europe/Madrid
Nanlong	CN	Asia/Shanghai
Mitcham	GB	Europe/London
Dhubri	IN	Asia/Kolkata
Florence-Graham	US	America/Los_Angeles
Youxi	CN	Asia/Shanghai
Waltham	US	America/New_York
Borsad	IN	Asia/Kolkata
Budapest XX. kerület	HU	Europe/Budapest
Feltham	GB	Europe/London
Siddharthanagar	NP	Asia/Kathmandu
Garbsen	DE	Europe/Berlin
Zagné	CI	Africa/Abidjan
Pavlovo	RU	Europe/Moscow
Margate	GB	Europe/London
Githunguri	KE	Africa/Nairobi
Githunguri	KE	Africa/Nairobi
Kenge	CD	Africa/Kinshasa
Xiazhuang	CN	Asia/Shanghai
Mercedes	AR	America/Argentina/Buenos_Aires
West Hartford	US	America/New_York
Kelaa Kebira	TN	Africa/Tunis
Ōjima	JP	Asia/Tokyo
Mila	DZ	Africa/Algiers
Padre Hurtado	CL	America/Santiago
Põhja-Tallinn	EE	Europe/Tallinn
Cajazeiras	BR	America/Fortaleza
Buduburam	GH	Africa/Accra
Gorno-Altaysk	RU	Asia/Barnaul
Changcheng	CN	Asia/Shanghai
Shanwang	CN	Asia/Shanghai
Lugano	CH	Europe/Zurich
Gadwāl	IN	Asia/Kolkata
Kuşadası	TR	Europe/Istanbul
Tetovo	MK	Europe/Skopje
Hod HaSharon	IL	Asia/Jerusalem
Żory	PL	Europe/Warsaw
Godean	ID	Asia/Jakarta
Rogers	US	America/Chicago
Medicine Hat	CA	America/Edmonton
Lushnjë	AL	Europe/Tirane
Qurayyāt	OM	Asia/Muscat
Fredericton	CA	America/Moncton
Acaraú	BR	America/Fortaleza
Pidugurālla	IN	Asia/Kolkata
Melipilla	CL	America/Santiago
Novaya Balakhna	RU	Europe/Moscow
Limón	CR	America/Costa_Rica
Collado-Villalba	ES	Europe/Madrid
Botou	CN	Asia/Shanghai
Orion	PH	Asia/Manila
Uiwang	KR	Asia/Seoul
Vaslui	RO	Europe/Bucharest
Carol City	US	America/New_York
Pubal	KR	Asia/Seoul
Agnibilékrou	CI	Africa/Abidjan
Liuku	CN	Asia/Shanghai
Los Andes	CL	America/Santiago
Florida	CU	America/Havana
Kélibia	TN	Africa/Tunis
Baoqing	CN	Asia/Shanghai
Urla	TR	Europe/Istanbul
Horad Zhodzina	BY	Europe/Minsk
Nkwerre	NG	Africa/Lagos
Mong Kok	HK	Asia/Hong_Kong
Al Bājūr	EG	Africa/Cairo
Shizhai	CN	Asia/Shanghai
Halton Hills	CA	America/Toronto
Portel	BR	America/Belem
Encinitas	US	America/Los_Angeles
Sheikhpura	IN	Asia/Kolkata
Jinggou	CN	Asia/Shanghai
Māhdāsht	IR	Asia/Tehran
Auchi	NG	Africa/Lagos
Bełchatów	PL	Europe/Warsaw
Graaff Reinet	ZA	Africa/Johannesburg
Campo Bom	BR	America/Sao_Paulo
Sirsi	IN	Asia/Kolkata
Nipāni	IN	Asia/Kolkata
Sorgun	TR	Europe/Istanbul
Fanlou	CN	Asia/Shanghai
Nasugbu	PH	Asia/Manila
Brighouse-City Centre	CA	America/Vancouver
Pueblo Nuevo	ES	Europe/Madrid
Kannur	IN	Asia/Kolkata
East Village	US	America/New_York
Tagajō-shi	JP	Asia/Tokyo
Butare	RW	Africa/Kigali
Trnava	SK	Europe/Bratislava
Randers	DK	Europe/Copenhagen
Moknine	TN	Africa/Tunis
Qingshuping	CN	Asia/Shanghai
Caltanissetta	IT	Europe/Rome
Ashford	GB	Europe/London
Haverhill	US	America/New_York
Changle	CN	Asia/Shanghai
Sumbawa Besar	ID	Asia/Makassar
Gus’-Khrustal’nyy	RU	Europe/Moscow
Pesqueira	BR	America/Recife
Bāri	IN	Asia/Kolkata
Jupiter	US	America/New_York
Nokha	IN	Asia/Kolkata
Santa Lucía	AR	America/Argentina/San_Juan
Dovzhansk	UA	Europe/Kyiv
Puerto Peñasco	MX	America/Hermosillo
Buynaksk	RU	Europe/Moscow
Tiquipaya	BO	America/La_Paz
Semporna	MY	Asia/Kuching
Çubuk	TR	Europe/Istanbul
Krasnoturinsk	RU	Asia/Yekaterinburg
Council Bluffs	US	America/Chicago
Phitsanulok	TH	Asia/Bangkok
Belebey	RU	Asia/Yekaterinburg
Pedro Leopoldo	BR	America/Sao_Paulo
Nyunzu	CD	Africa/Lubumbashi
Wellington	US	America/New_York
Sale	GB	Europe/London
Vinukonda	IN	Asia/Kolkata
Tonypandy	GB	Europe/London
Miaojie	CN	Asia/Shanghai
Kaitong	CN	Asia/Shanghai
West Coon Rapids	US	America/Chicago
Colón	VE	America/Caracas
Zhangjiachuan	CN	Asia/Shanghai
Drancy	FR	Europe/Paris
Pingnan	CN	Asia/Shanghai
Acton	GB	Europe/London
Phalia	PK	Asia/Karachi
Kosong	KR	Asia/Seoul
Ntoum	GA	Africa/Libreville
Shiroi	JP	Asia/Tokyo
North Miami	US	America/New_York
Pervomaysk	UA	Europe/Kyiv
Noisy-le-Grand	FR	Europe/Paris
Fochville	ZA	Africa/Johannesburg
Renukūt	IN	Asia/Kolkata
Mohammadia	DZ	Africa/Algiers
Érd	HU	Europe/Budapest
Hamilton	US	America/New_York
Dêqên	CN	Asia/Shanghai
Villeneuve-d'Ascq	FR	Europe/Paris
San Francisco Tesistán	MX	America/Mexico_City
Songyang	CN	Asia/Shanghai
Grao de Murviedro	ES	Europe/Madrid
Yucheng	CN	Asia/Shanghai
Benslimane	MA	Africa/Casablanca
North Port	US	America/New_York
Marechal Deodoro	BR	America/Maceio
La Seyne-sur-Mer	FR	Europe/Paris
Dom Eliseu	BR	America/Belem
Shuikou	CN	Asia/Shanghai
Tulare	US	America/Los_Angeles
Ras Tanura	SA	Asia/Riyadh
Kogon Shahri	UZ	Asia/Samarkand
Carazinho	BR	America/Sao_Paulo
Nagari	IN	Asia/Kolkata
Abepura	ID	Asia/Jayapura
Sopron	HU	Europe/Budapest
Rzhev	RU	Europe/Moscow
Coon Rapids	US	America/Chicago
Berat	AL	Europe/Tirane
Chistopol’	RU	Europe/Moscow
Holosiyiv	UA	Europe/Kyiv
Shulyavka	UA	Europe/Kyiv
Asaka	UZ	Asia/Tashkent
Levallois-Perret	FR	Europe/Paris
Escada	BR	America/Recife
Huaral	PE	America/Lima
Inhulets	UA	Europe/Kyiv
Boituva	BR	America/Sao_Paulo
Viareggio	IT	Europe/Rome
Nioki	CD	Africa/Kinshasa
Chidambaram	IN	Asia/Kolkata
Tanba	JP	Asia/Tokyo
Tinongan	PH	Asia/Manila
Zarechnyy	RU	Europe/Moscow
Millcreek	US	America/Denver
Shuangyang	CN	Asia/Shanghai
Nianzishan	CN	Asia/Shanghai
La Habra	US	America/Los_Angeles
Blaine	US	America/Chicago
Dabwāli	IN	Asia/Kolkata
Sibsāgar	IN	Asia/Kolkata
Asakusa	JP	Asia/Tokyo
Narwāna	IN	Asia/Kolkata
Yangambi	CD	Africa/Lubumbashi
Tikhvin	RU	Europe/Moscow
Sagua la Grande	CU	America/Havana
Auburn	US	America/Chicago
Minglanilla	PH	Asia/Manila
Okha	IN	Asia/Kolkata
Kiffa	MR	Africa/Nouakchott
Lār	IR	Asia/Tehran
Floriano	BR	America/Fortaleza
Sanghar	PK	Asia/Karachi
Korogwe	TZ	Africa/Dar_es_Salaam
Downtown Vancouver	CA	America/Vancouver
Nova Odessa	BR	America/Sao_Paulo
Łomża	PL	Europe/Warsaw
Bin Xian	CN	Asia/Shanghai
Kempas	MY	Asia/Kuala_Lumpur
Angyalföld	HU	Europe/Budapest
Meshkīn Dasht	IR	Asia/Tehran
Mīzan Teferī	ET	Africa/Addis_Ababa
Erzsébetváros	HU	Europe/Budapest
Nani Daman	IN	Asia/Kolkata
Seremban 2	MY	Asia/Kuala_Lumpur
Smederevo	RS	Europe/Belgrade
Rossosh’	RU	Europe/Moscow
gorod Solnetchnogorsk	RU	Europe/Moscow
Irun	ES	Europe/Madrid
Lake Elsinore	US	America/Los_Angeles
Zhaobaoshan	CN	Asia/Shanghai
Hushitai	CN	Asia/Shanghai
Petrodvorets	RU	Europe/Moscow
Kuchāman	IN	Asia/Kolkata
Miyoshi	JP	Asia/Tokyo
Nīmbāhera	IN	Asia/Kolkata
Labinsk	RU	Europe/Moscow
Tenkodogo	BF	Africa/Ouagadougou
Zhangji	CN	Asia/Shanghai
Marseille 14	FR	Europe/Paris
Picpus	FR	Europe/Paris
Maputsoe	LS	Africa/Maseru
Asker	NO	Europe/Oslo
Huoqiu Chengguanzhen	CN	Asia/Shanghai
Mudu	CN	Asia/Shanghai
Zalaegerszeg	HU	Europe/Budapest
Fengyi	CN	Asia/Shanghai
Nandu	CN	Asia/Shanghai
Pisco	PE	America/Lima
Siddhapur	IN	Asia/Kolkata
Bāmyān	AF	Asia/Kabul
Longfeng	CN	Asia/Shanghai
Taoluo	CN	Asia/Shanghai
Bassar	TG	Africa/Lome
Moca	DO	America/Santo_Domingo
Zamora	ES	Europe/Madrid
Iskitim	RU	Asia/Novosibirsk
Kiryat Gat	IL	Asia/Jerusalem
Svetlogorsk	BY	Europe/Minsk
São Miguel dos Campos	BR	America/Maceio
Diphu	IN	Asia/Kolkata
Attur	IN	Asia/Kolkata
Darāw	EG	Africa/Cairo
Beni Enzar	MA	Africa/Casablanca
Revda	RU	Asia/Yekaterinburg
Long Mỹ	VN	Asia/Ho_Chi_Minh
Kōshi	JP	Asia/Tokyo
Lobnya	RU	Europe/Moscow
Yingshang Chengguanzhen	CN	Asia/Shanghai
Tempelhof	DE	Europe/Berlin
San Andrés Tuxtla	MX	America/Mexico_City
Carmichael	US	America/Los_Angeles
Songkhla	TH	Asia/Bangkok
Kokstad	ZA	Africa/Johannesburg
Kampong Cham	KH	Asia/Phnom_Penh
Scarborough	GB	Europe/London
Rāyadrug	IN	Asia/Kolkata
Xiangzhou	CN	Asia/Shanghai
Yamato-Takada	JP	Asia/Tokyo
Morada Nova	BR	America/Fortaleza
Rāth	IN	Asia/Kolkata
Ngozi	BI	Africa/Bujumbura
Al Shamkhah City	AE	Asia/Dubai
Lakshmīpur	BD	Asia/Dhaka
Yangiyŭl	UZ	Asia/Tashkent
Yongning	CN	Asia/Shanghai
Wesel	DE	Europe/Berlin
Penápolis	BR	America/Sao_Paulo
Vyksa	RU	Europe/Moscow
Cortazar	MX	America/Mexico_City
Tríkala	GR	Europe/Athens
Kolea	DZ	Africa/Algiers
Chambéry	FR	Europe/Paris
Kolding	DK	Europe/Copenhagen
Extremoz	BR	America/Fortaleza
Xinye	CN	Asia/Shanghai
Cheruvannur	IN	Asia/Kolkata
Budapest XIX. kerület	HU	Europe/Budapest
Ad Dir‘īyah	SA	Asia/Riyadh
Dmitrov	RU	Europe/Moscow
Ueno-ebisumachi	JP	Asia/Tokyo
Sibay	RU	Asia/Yekaterinburg
Faqirwali	PK	Asia/Karachi
Lishu	CN	Asia/Shanghai
Oroqen Zizhiqi	CN	Asia/Shanghai
Béja	TN	Africa/Tunis
Taylor	US	America/Detroit
La Fría	VE	America/Caracas
Alcoy	ES	Europe/Madrid
Cayenne	GF	America/Cayenne
Hasuda	JP	Asia/Tokyo
Gaya	NE	Africa/Niamey
Xianju	CN	Asia/Shanghai
Aş Şaff	EG	Africa/Cairo
Malaybalay	PH	Asia/Manila
Mora	CM	Africa/Douala
Porirua	NZ	Pacific/Auckland
Vriddhāchalam	IN	Asia/Kolkata
Korosten	UA	Europe/Kyiv
Karlstad	SE	Europe/Stockholm
Nieuwegein	NL	Europe/Amsterdam
Burnsville	US	America/Chicago
Tamba	JP	Asia/Tokyo
Bārh	IN	Asia/Kolkata
Jianguang	CN	Asia/Shanghai
Monterey Park	US	America/Los_Angeles
Widnes	GB	Europe/London
Djibo	BF	Africa/Ouagadougou
Euclides da Cunha	BR	America/Bahia
Kispest	HU	Europe/Budapest
Issy-les-Moulineaux	FR	Europe/Paris
Dongning	CN	Asia/Shanghai
Aketi	CD	Africa/Lubumbashi
Dashi	CN	Asia/Shanghai
Viçosa do Ceará	BR	America/Fortaleza
Stryi	UA	Europe/Kyiv
Kempten (Allgäu)	DE	Europe/Berlin
Mdiq	MA	Africa/Casablanca
Abū Ḩummuş	EG	Africa/Cairo
Castro Valley	US	America/Los_Angeles
Mariana	BR	America/Sao_Paulo
Shāhāda	IN	Asia/Kolkata
Tunasan	PH	Asia/Manila
Sig	DZ	Africa/Algiers
San Salvador Tizatlalli	MX	America/Mexico_City
Arrecife	ES	Atlantic/Canary
Savona	IT	Europe/Rome
Mushie	CD	Africa/Kinshasa
Irvington	US	America/New_York
Sindelfingen	DE	Europe/Berlin
Výronas	GR	Europe/Athens
Mojo	ET	Africa/Addis_Ababa
Neuilly-sur-Seine	FR	Europe/Paris
Tianchang	CN	Asia/Shanghai
Mizusawa	JP	Asia/Tokyo
Dabra	IN	Asia/Kolkata
Veenendaal	NL	Europe/Amsterdam
Mateare	NI	America/Managua
La Chorrera	PA	America/Panama
Kuroiso	JP	Asia/Tokyo
Barbalha	BR	America/Fortaleza
Schwäbisch Gmünd	DE	Europe/Berlin
Rocklin	US	America/Los_Angeles
Slawi	ID	Asia/Jakarta
Gaalkacyo	SO	Africa/Mogadishu
Apatity	RU	Europe/Moscow
Chichibu	JP	Asia/Tokyo
Kesennuma	JP	Asia/Tokyo
Caicó	BR	America/Fortaleza
Runcorn	GB	Europe/London
Barra do Garças	BR	America/Cuiaba
Udumalaippettai	IN	Asia/Kolkata
Dembī Dolo	ET	Africa/Addis_Ababa
Utica	US	America/New_York
Gubat	PH	Asia/Manila
Dar Naim	MR	Africa/Nouakchott
Xifeng	CN	Asia/Shanghai
Datong	CN	Asia/Shanghai
Punta de Mata	VE	America/Caracas
Horsens	DK	Europe/Copenhagen
Banfield	AR	America/Argentina/Buenos_Aires
Malden	US	America/New_York
Biga	TR	Europe/Istanbul
Hashimoto	JP	Asia/Tokyo
National City	US	America/Los_Angeles
Novoaltaysk	RU	Asia/Barnaul
Pecangaan	ID	Asia/Jakarta
Bury	GB	Europe/London
Dewsbury	GB	Europe/London
Valjevo	RS	Europe/Belgrade
Nanhu	CN	Asia/Shanghai
Yicheng	CN	Asia/Shanghai
Svobodnyy	RU	Asia/Yakutsk
Bangor	GB	Europe/London
Ban Tha Kham	TH	Asia/Bangkok
Itoman	JP	Asia/Tokyo
Felege Neway	ET	Africa/Addis_Ababa
Villa Poeta José Gálvez Barrenechea	PE	America/Lima
Sal’sk	RU	Europe/Moscow
Stupino	RU	Europe/Moscow
Fier-Çifçi	AL	Europe/Tirane
Nekā	IR	Asia/Tehran
Parit	MY	Asia/Kuala_Lumpur
Kampong Sidam	MY	Asia/Kuala_Lumpur
Granollers	ES	Europe/Madrid
Fano	IT	Europe/Rome
Financial District	US	America/New_York
Chinch'ŏn	KR	Asia/Seoul
Tiptūr	IN	Asia/Kolkata
Sahaswān	IN	Asia/Kolkata
Wanparti	IN	Asia/Kolkata
Zeist	NL	Europe/Amsterdam
Sidi Bennour	MA	Africa/Casablanca
Anuradhapura	LK	Asia/Colombo
Tarnowskie Góry	PL	Europe/Warsaw
Xiema	CN	Asia/Shanghai
Buluan	PH	Asia/Manila
Grosseto	IT	Europe/Rome
Kırıkhan	TR	Europe/Istanbul
Soroti	UG	Africa/Kampala
Yanliang	CN	Asia/Shanghai
Tahe	CN	Asia/Shanghai
Springfield	US	America/Los_Angeles
Mbinga	TZ	Africa/Dar_es_Salaam
Bethesda	US	America/New_York
San Miguel	PE	America/Lima
Uyovu	TZ	Africa/Dar_es_Salaam
Norfolk County	CA	America/Toronto
Sirhind	IN	Asia/Kolkata
Dayr Mawās	EG	Africa/Cairo
Jōsō	JP	Asia/Tokyo
Erdaojiang	CN	Asia/Shanghai
Aisai	JP	Asia/Tokyo
Terre Haute	US	America/Indiana/Indianapolis
Bārdoli	IN	Asia/Kolkata
Kolomyia	UA	Europe/Kyiv
Tartagal	AR	America/Argentina/Salta
Vineland	US	America/New_York
West Hollywood	US	America/New_York
Prokhladnyy	RU	Europe/Moscow
Fort Portal	UG	Africa/Kampala
Tianpeng	CN	Asia/Shanghai
Troyes	FR	Europe/Paris
Kertosono	ID	Asia/Jakarta
North Delta	CA	America/Vancouver
Stodůlky	CZ	Europe/Prague
Monte Mor	BR	America/Sao_Paulo
Sarandí	AR	America/Argentina/Buenos_Aires
Xixiang	CN	Asia/Shanghai
Beckenham	GB	Europe/London
Yazman	PK	Asia/Karachi
Seraing	BE	Europe/Brussels
San Marcos	CO	America/Bogota
Chicacao	GT	America/Guatemala
El Wak	KE	Africa/Nairobi
Republica	BR	America/Sao_Paulo
Gilgil	KE	Africa/Nairobi
Upper Gilgil	KE	Africa/Nairobi
Shuya	RU	Europe/Moscow
Shchëkino	RU	Europe/Moscow
Ban Lam Luk Ka	TH	Asia/Bangkok
Towada	JP	Asia/Tokyo
San Marcos	US	America/Chicago
Mokameh	IN	Asia/Kolkata
Yaowan	CN	Asia/Shanghai
Brentwood	US	America/New_York
Farnborough	GB	Europe/London
Bor	RU	Europe/Moscow
Givatayim	IL	Asia/Jerusalem
Arāmbāgh	IN	Asia/Kolkata
Lakeville	US	America/Chicago
Mujiayingzi	CN	Asia/Shanghai
West Allis	US	America/Chicago
Yame	JP	Asia/Tokyo
Poonamalle	IN	Asia/Kolkata
Tynemouth	GB	Europe/London
Akim Oda	GH	Africa/Accra
Dubna	RU	Europe/Moscow
Ibitinga	BR	America/Sao_Paulo
Redmond	US	America/Los_Angeles
Motril	ES	Europe/Madrid
Kinokawa	JP	Asia/Tokyo
Keonjhargarh	IN	Asia/Kolkata
Tacuarembó	UY	America/Montevideo
Dingjia	CN	Asia/Shanghai
Mene Grande	VE	America/Caracas
Lokoja	NG	Africa/Lagos
Canoga Park	US	America/Los_Angeles
Cupertino	US	America/Los_Angeles
Bhadravati	IN	Asia/Kolkata
Ualog	PH	Asia/Manila
Langzhong	CN	Asia/Shanghai
Ciudad Hidalgo	MX	America/Mexico_City
Taylorsville	US	America/Denver
Takaishi	JP	Asia/Tokyo
Liancheng	CN	Asia/Shanghai
Jiangbei	CN	Asia/Shanghai
Moramanga	MG	Indian/Antananarivo
Bristol	US	America/New_York
Moore	US	America/Chicago
Gardena	US	America/Los_Angeles
Longgang	CN	Asia/Shanghai
Novo Repartimento	BR	America/Belem
Petaluma	US	America/Los_Angeles
Fethiye	TR	Europe/Istanbul
Bensalem	US	America/New_York
District of Taher	DZ	Africa/Algiers
Zacapa	GT	America/Guatemala
Hereford	GB	Europe/London
Matera	IT	Europe/Rome
Midelt	MA	Africa/Casablanca
Grand Junction	US	America/Denver
Taitou	CN	Asia/Shanghai
Świdnica	PL	Europe/Warsaw
Cruz das Almas	BR	America/Bahia
Olbia	IT	Europe/Rome
Mangochi	MW	Africa/Blantyre
Gushu	CN	Asia/Shanghai
Sanyōonoda	JP	Asia/Tokyo
Panruti	IN	Asia/Kolkata
Al Burj	EG	Africa/Cairo
Fenshui	CN	Asia/Shanghai
Mirassol	BR	America/Sao_Paulo
Mirdif	AE	Asia/Dubai
Casper	US	America/Denver
Monze	ZM	Africa/Lusaka
Setia Tropika	MY	Asia/Kuala_Lumpur
Shimotsuke	JP	Asia/Tokyo
Wujing	CN	Asia/Shanghai
Ilkal	IN	Asia/Kolkata
Rowlett	US	America/Chicago
Vejle	DK	Europe/Copenhagen
Chełm	PL	Europe/Warsaw
Cogan	PH	Asia/Manila
Kīratpur	IN	Asia/Kolkata
Wucheng	CN	Asia/Shanghai
Cristalina	BR	America/Sao_Paulo
Yuxia	CN	Asia/Shanghai
Trinidad	CU	America/Havana
Tahara	JP	Asia/Tokyo
Runan	CN	Asia/Shanghai
Parkent	UZ	Asia/Tashkent
Vrindāvan	IN	Asia/Kolkata
Douane	TN	Africa/Tunis
Kodungallūr	IN	Asia/Kolkata
Penedo	BR	America/Maceio
Bandar-e Kangān	IR	Asia/Tehran
Vavuniya	LK	Asia/Colombo
Ech Chettia	DZ	Africa/Algiers
Rosenheim	DE	Europe/Berlin
Nagakute	JP	Asia/Tokyo
Nedumangād	IN	Asia/Kolkata
Stroud	GB	Europe/London
Gucheng	CN	Asia/Shanghai
Bambang	PH	Asia/Manila
Taozhuang	CN	Asia/Shanghai
Tczew	PL	Europe/Warsaw
Santo Amaro	BR	America/Bahia
Sandaohezi	CN	Asia/Urumqi
Pokrovsk	UA	Europe/Kyiv
Hpākān	MM	Asia/Yangon
Ābyek	IR	Asia/Tehran
Sennan	JP	Asia/Tokyo
Laascaanood	SO	Africa/Mogadishu
Yongbei	CN	Asia/Shanghai
Halesowen	GB	Europe/London
La Mesa	US	America/Los_Angeles
Waterford	IE	Europe/Dublin
Pine Hills	US	America/New_York
Martínez de la Torre	MX	America/Mexico_City
Kuwait City	KW	Asia/Kuwait
Melbourne City Centre	AU	Australia/Melbourne
Zushi	JP	Asia/Tokyo
Pavlovskiy Posad	RU	Europe/Moscow
Hyūga	JP	Asia/Tokyo
Dazeshan	CN	Asia/Shanghai
Bela Vista	BR	America/Sao_Paulo
São Borja	BR	America/Sao_Paulo
Sarāvān	IR	Asia/Tehran
Villa Vicente Guerrero	MX	America/Mexico_City
Nzagi	AO	Africa/Luanda
Hurlingham	AR	America/Argentina/Buenos_Aires
Zhujiajiao	CN	Asia/Shanghai
Wuzhen	CN	Asia/Shanghai
Gamonal	ES	Europe/Madrid
Santutxu	ES	Europe/Madrid
Juan-les-Pins	FR	Europe/Paris
Chelsea	GB	Europe/London
Bangaon	IN	Asia/Kolkata
Mbale	KE	Africa/Nairobi
Néma	MR	Africa/Nouakchott
Colonia Nativitas	MX	America/Mexico_City
Putra Heights	MY	Asia/Kuala_Lumpur
Ara Damansara	MY	Asia/Kuala_Lumpur
Bukit Indah	MY	Asia/Kuala_Lumpur
Faruka	PK	Asia/Karachi
Sviblovo	RU	Europe/Moscow
Ostankinskiy	RU	Europe/Moscow
Bensonhurst	US	America/New_York
Coney Island	US	America/New_York
Rancho Penasquitos	US	America/Los_Angeles
Valley Glen	US	America/Los_Angeles
Vinhomes Ocean Park	VN	Asia/Bangkok
Meriden	US	America/New_York
Dại Mỗ	VN	Asia/Bangkok
Narsimhapur	IN	Asia/Kolkata
Tanay	PH	Asia/Manila
Obando	PH	Asia/Manila
Uki	JP	Asia/Tokyo
Heroica Caborca	MX	America/Hermosillo
Pontiac	US	America/Detroit
Temerluh	MY	Asia/Kuala_Lumpur
Hwasun	KR	Asia/Seoul
Ponnur	IN	Asia/Kolkata
Acerra	IT	Europe/Rome
Jiangkou	CN	Asia/Shanghai
Maqin County	CN	Asia/Shanghai
Limoeiro do Norte	BR	America/Fortaleza
Yamethin	MM	Asia/Yangon
Kathua	IN	Asia/Kolkata
Port Orange	US	America/New_York
Mérida	ES	Europe/Madrid
Boyolali	ID	Asia/Jakarta
Hamden	US	America/New_York
Antony	FR	Europe/Paris
Jacundá	BR	America/Belem
North Lakhimpur	IN	Asia/Kolkata
Pucheng	CN	Asia/Shanghai
Lakewood	US	America/Los_Angeles
Brandenburg an der Havel	DE	Europe/Berlin
Balagtas	PH	Asia/Manila
Buyeo	KR	Asia/Seoul
Bang Khae Nuea	TH	Asia/Bangkok
Masaurhi Buzurg	IN	Asia/Kolkata
Nerkunram	IN	Asia/Kolkata
Kosai	JP	Asia/Tokyo
Fountainebleau	US	America/New_York
Piekary Śląskie	PL	Europe/Warsaw
Itogon	PH	Asia/Manila
Békéscsaba	HU	Europe/Budapest
Rüsselsheim am Main	DE	Europe/Berlin
Zvishavane	ZW	Africa/Harare
Saint Clair Shores	US	America/Detroit
Agía Paraskeví	GR	Europe/Athens
Metu	ET	Africa/Addis_Ababa
Prachantakham	TH	Asia/Bangkok
Springfield	US	America/New_York
Shegaon	IN	Asia/Kolkata
Pampán	VE	America/Caracas
Mandideep	IN	Asia/Kolkata
Katiola	CI	Africa/Abidjan
Great Falls	US	America/Denver
Ksar el Boukhari	DZ	Africa/Algiers
São Miguel do Guamá	BR	America/Belem
Date	JP	Asia/Tokyo
Ekpoma	NG	Africa/Lagos
Pāchora	IN	Asia/Kolkata
Nag Hammâdi	EG	Africa/Cairo
Baimajing	CN	Asia/Shanghai
Tuanbao	CN	Asia/Shanghai
San Cristobal	CU	America/Havana
Den Helder	NL	Europe/Amsterdam
Chapel Hill	US	America/New_York
Berlin Köpenick	DE	Europe/Berlin
Molfetta	IT	Europe/Rome
Altamira	MX	America/Monterrey
Canyon Country	US	America/Los_Angeles
Sengkang	ID	Asia/Makassar
Gobichettipalayam	IN	Asia/Kolkata
Gangoh	IN	Asia/Kolkata
Mielec	PL	Europe/Warsaw
Dayr al Balaḩ	PS	Asia/Gaza
Ferizaj	XK	Europe/Belgrade
Shirakawa	JP	Asia/Tokyo
Itanagar	IN	Asia/Kolkata
Esfarāyen	IR	Asia/Tehran
Drummondville	CA	America/Toronto
Comitancillo	GT	America/Guatemala
Sonsonate	SV	America/El_Salvador
Wenshang	CN	Asia/Shanghai
Ipirá	BR	America/Bahia
Mölndal	SE	Europe/Stockholm
Huntington Park	US	America/Los_Angeles
Meïganga	CM	Africa/Douala
La Roche-sur-Yon	FR	Europe/Paris
Tutóia	BR	America/Fortaleza
Kurkali Sindh Pakistan	PK	Asia/Karachi
Chikuma	JP	Asia/Tokyo
Mingshui	CN	Asia/Shanghai
Ogōri	JP	Asia/Tokyo
Azrou	MA	Africa/Casablanca
Galátsi	GR	Europe/Athens
Lancaster	US	America/New_York
Jaitpur	IN	Asia/Kolkata
Huiqu	CN	Asia/Shanghai
Aş Şāliḩīyah al Jadīdah	EG	Africa/Cairo
Narasapur	IN	Asia/Kolkata
Cachoeiras de Macacu	BR	America/Sao_Paulo
Coconut Creek	US	America/New_York
Wendo	ET	Africa/Addis_Ababa
San Felipe	CL	America/Santiago
Dhone	IN	Asia/Kolkata
Irati	BR	America/Sao_Paulo
Gannan	CN	Asia/Shanghai
Offenburg	DE	Europe/Berlin
Craigavon	GB	Europe/London
Aboisso	CI	Africa/Abidjan
Lamongan	ID	Asia/Jakarta
Pánlóngchéng Jīngjì Kāifāqū	CN	Asia/Shanghai
Nabarūh	EG	Africa/Cairo
Leander	US	America/Chicago
Mikhaylovsk	RU	Europe/Moscow
Rājgarh	IN	Asia/Kolkata
Sahagún	CO	America/Bogota
Jian’ou	CN	Asia/Shanghai
Idaho Falls	US	America/Boise
Kotlas	RU	Europe/Moscow
Fundación	CO	America/Bogota
Veliko Tŭrnovo	BG	Europe/Sofia
Tashan	CN	Asia/Shanghai
San Rafael	US	America/Los_Angeles
Jixian	CN	Asia/Shanghai
Hezuo	CN	Asia/Shanghai
Azua	DO	America/Santo_Domingo
Wanchaq	PE	America/Lima
Chalkída	GR	Europe/Athens
Oltinko‘l	UZ	Asia/Samarkand
Ullal	IN	Asia/Kolkata
Ābādeh	IR	Asia/Tehran
Abadeh	IR	Asia/Tehran
Manaoag	PH	Asia/Manila
Rio Bonito	BR	America/Sao_Paulo
Langenfeld	DE	Europe/Berlin
Al Warqaa	AE	Asia/Dubai
Umm Al Quwain City	AE	Asia/Dubai
Haizhou	CN	Asia/Shanghai
Pierrefonds	CA	America/Toronto
Noblesville	US	America/Indiana/Indianapolis
Panna	IN	Asia/Kolkata
Dilling	SD	Africa/Khartoum
Longgu	CN	Asia/Shanghai
Yigou	CN	Asia/Shanghai
Santo Tomé	AR	America/Argentina/Cordoba
Yagoua	CM	Africa/Douala
Marietta	US	America/New_York
San Francisco	AR	America/Argentina/Cordoba
Tauá	BR	America/Fortaleza
Verkhnyaya Pyshma	RU	Asia/Yekaterinburg
Ferencváros	HU	Europe/Budapest
As-Suwayda	SY	Asia/Damascus
Fairfield	US	America/New_York
Talnakh	RU	Asia/Krasnoyarsk
Langtoucun	CN	Asia/Shanghai
Owensboro	US	America/Chicago
Jose Rizal	PH	Asia/Manila
Eastvale	US	America/Los_Angeles
Sarpsborg	NO	Europe/Oslo
Simpang Renggam	MY	Asia/Kuala_Lumpur
El Palomar	AR	America/Argentina/Buenos_Aires
Qiryat Ata	IL	Asia/Jerusalem
Acará	BR	America/Belem
Royal Oak	US	America/Detroit
Minami-Sōma	JP	Asia/Tokyo
Camacupa	AO	Africa/Luanda
Mot’a	ET	Africa/Addis_Ababa
Slutsk	BY	Europe/Minsk
Gola Gokarannāth	IN	Asia/Kolkata
Mbera	MR	Africa/Nouakchott
Zarand	IR	Asia/Tehran
Petroúpolis	GR	Europe/Athens
Stralsund	DE	Europe/Berlin
Brentwood	US	America/Los_Angeles
Juruti	BR	America/Santarem
Goz Beida	TD	Africa/Ndjamena
Gohad	IN	Asia/Kolkata
Golpāyegān	IR	Asia/Tehran
Torbat-e Jām	IR	Asia/Tehran
Fraijanes	GT	America/Guatemala
Kitahiroshima	JP	Asia/Tokyo
Mpanda	BI	Africa/Bujumbura
Cruz Alta	BR	America/Sao_Paulo
Xiaoweizhai	CN	Asia/Shanghai
Baki	ID	Asia/Jakarta
Cerro de Pasco	PE	America/Lima
Mikhaylovka	RU	Europe/Volgograd
Solnechnogorsk	RU	Europe/Moscow
Villach	AT	Europe/Vienna
Antu	CN	Asia/Shanghai
Bañga	PH	Asia/Manila
Benalmádena	ES	Europe/Madrid
Wani	IN	Asia/Kolkata
Ardakān	IR	Asia/Tehran
Avan	AM	Asia/Yerevan
Menzel Bourguiba	TN	Africa/Tunis
Dubuque	US	America/Chicago
Wallasey	GB	Europe/London
Kamphaeng Phet	TH	Asia/Bangkok
Koga	JP	Asia/Tokyo
Comayagua	HN	America/Tegucigalpa
Thiruvarur	IN	Asia/Kolkata
Upleta	IN	Asia/Kolkata
Suozhen	CN	Asia/Shanghai
Ishikari	JP	Asia/Tokyo
Tessaoua	NE	Africa/Niamey
Cerdanyola del Vallès	ES	Europe/Madrid
Vinto	BO	America/La_Paz
Kayes	CG	Africa/Brazzaville
Marseille 12	FR	Europe/Paris
Brookline	US	America/New_York
Novi	US	America/Detroit
Jaguariúna	BR	America/Sao_Paulo
Pestlőrinc	HU	Europe/Budapest
Littlehampton	GB	Europe/London
Er Roseires	SD	Africa/Khartoum
Tokoname	JP	Asia/Tokyo
Arsen’yev	RU	Asia/Vladivostok
Shwegu	MM	Asia/Yangon
Viseu	BR	America/Belem
Hanyū	JP	Asia/Tokyo
Ṣāleḥīeh	IR	Asia/Tehran
Des Plaines	US	America/Chicago
Beliatta	LK	Asia/Colombo
Kampong Dungun	MY	Asia/Kuala_Lumpur
Hameln	DE	Europe/Berlin
Carrara	IT	Europe/Rome
Taifu	CN	Asia/Shanghai
Los Patios	CO	America/Bogota
Mnihla	TN	Africa/Tunis
Carson City	US	America/Los_Angeles
Padangpanjang	ID	Asia/Jakarta
Orland Park	US	America/Chicago
San Pedro Ayampuc	GT	America/Guatemala
Oumé	CI	Africa/Abidjan
Mpondwe	UG	Africa/Kampala
Nūzvīd	IN	Asia/Kolkata
Frutal	BR	America/Sao_Paulo
Ngã Năm	VN	Asia/Ho_Chi_Minh
Bartlett	US	America/Chicago
Glogovac	XK	Europe/Belgrade
Beitbridge	ZW	Africa/Harare
Guerara	DZ	Africa/Algiers
Toki	JP	Asia/Tokyo
Woodland	US	America/Los_Angeles
Lonavla	IN	Asia/Kolkata
Loum	CM	Africa/Douala
Shiqiaozi	CN	Asia/Shanghai
Una	IN	Asia/Kolkata
Jidong	CN	Asia/Shanghai
São Gabriel	BR	America/Sao_Paulo
Lehi	US	America/Denver
Ouled Djellal	DZ	Africa/Algiers
Fenyi	CN	Asia/Shanghai
Racibórz	PL	Europe/Warsaw
White Plains	US	America/New_York
Uzlovaya	RU	Europe/Moscow
Vasastaden	SE	Europe/Stockholm
Paombong	PH	Asia/Manila
Weleri	ID	Asia/Jakarta
Chonglong	CN	Asia/Shanghai
Sayama	JP	Asia/Tokyo
Xinglongshan	CN	Asia/Shanghai
Choshi	JP	Asia/Tokyo
San Pedro de Jujuy	AR	America/Argentina/Jujuy
Al Ḩāmūl	EG	Africa/Cairo
Fort Beaufort	ZA	Africa/Johannesburg
Benevento	IT	Europe/Rome
Arcadia	US	America/Los_Angeles
Reston	US	America/New_York
Friedrichshafen	DE	Europe/Berlin
Batatais	BR	America/Sao_Paulo
Finote Selam	ET	Africa/Addis_Ababa
Barkam	CN	Asia/Shanghai
Sakurai	JP	Asia/Tokyo
Chaiyaphum	TH	Asia/Bangkok
Tongchuan	CN	Asia/Shanghai
Shibuzi	CN	Asia/Shanghai
Uttaradit	TH	Asia/Bangkok
Lixian	CN	Asia/Shanghai
Murakami	JP	Asia/Tokyo
Larbaâ	DZ	Africa/Algiers
Hongqiao	CN	Asia/Shanghai
Sérres	GR	Europe/Athens
Antsalova	MG	Indian/Antananarivo
Trenčín	SK	Europe/Bratislava
Žižkov	CZ	Europe/Prague
Changbai	CN	Asia/Shanghai
Zhutuo	CN	Asia/Shanghai
Korçë	AL	Europe/Tirane
San Andrés	CO	America/Bogota
Patzún	GT	America/Guatemala
Będzin	PL	Europe/Warsaw
Sillod	IN	Asia/Kolkata
Kırklareli	TR	Europe/Istanbul
Colón	AR	America/Argentina/Cordoba
Ocala	US	America/New_York
Kisela Voda	MK	Europe/Skopje
Nikšić	ME	Europe/Podgorica
Dingtao	CN	Asia/Shanghai
Clay	US	America/New_York
Myaungmya	MM	Asia/Yangon
Omoa	HN	America/Tegucigalpa
Dongxi	CN	Asia/Shanghai
Los Dos Caminos	VE	America/Caracas
Monte Alegre	BR	America/Santarem
Arzew	DZ	Africa/Algiers
Central City	US	America/Phoenix
Petauke	ZM	Africa/Lusaka
Kanbe	MM	Asia/Yangon
Ar Rumaythīyah	KW	Asia/Kuwait
Täby	SE	Europe/Stockholm
South Vineland	US	America/New_York
Lorient	FR	Europe/Paris
Sanford	US	America/New_York
Juye	CN	Asia/Shanghai
Ekangala	ZA	Africa/Johannesburg
Nahariyya	IL	Asia/Jerusalem
Dapaong	TG	Africa/Lome
Felgueiras	PT	Europe/Lisbon
Serian	MY	Asia/Kuching
Streatham	GB	Europe/London
Göppingen	DE	Europe/Berlin
Zgierz	PL	Europe/Warsaw
Caucasia	CO	America/Bogota
Bowie	US	America/New_York
Simpang Empat	MY	Asia/Kuala_Lumpur
Port Coquitlam	CA	America/Vancouver
Invercargill	NZ	Pacific/Auckland
Volzhsk	RU	Europe/Moscow
Kokomo	US	America/Indiana/Indianapolis
Chornomors’k	UA	Europe/Kyiv
Sarcelles	FR	Europe/Paris
Jatiwangi	ID	Asia/Jakarta
Acámbaro	MX	America/Mexico_City
Vigevano	IT	Europe/Rome
Kawthoung	MM	Asia/Yangon
Pessac	FR	Europe/Paris
Imarichō-kō	JP	Asia/Tokyo
Magsaysay	PH	Asia/Manila
Santa Rosa de Cabal	CO	America/Bogota
Sīra	IN	Asia/Kolkata
Baekrajan	ID	Asia/Jakarta
Wayne	US	America/New_York
União da Vitória	BR	America/Sao_Paulo
Kraaifontein	ZA	Africa/Johannesburg
Hardenberg	NL	Europe/Amsterdam
Ivry-sur-Seine	FR	Europe/Paris
Kokubu-matsuki	JP	Asia/Tokyo
San Francisco El Alto	GT	America/Guatemala
Chikhli	IN	Asia/Kolkata
Veles	MK	Europe/Skopje
Al Wāsiţah	EG	Africa/Cairo
Tabaco	PH	Asia/Manila
Jing'an	CN	Asia/Shanghai
Belen	PE	America/Lima
Pianura	IT	Europe/Rome
Kogalym	RU	Asia/Yekaterinburg
Jhārgrām	IN	Asia/Kolkata
Évreux	FR	Europe/Paris
Bootle	GB	Europe/London
Santee	US	America/Los_Angeles
Emin	CN	Asia/Urumqi
Ponte Nova	BR	America/Sao_Paulo
Orito	CO	America/Bogota
Longtan	CN	Asia/Shanghai
Shenliu	CN	Asia/Shanghai
Lop Buri	TH	Asia/Bangkok
Ksar	MR	Africa/Nouakchott
Görlitz	DE	Europe/Berlin
Dublin	US	America/Los_Angeles
St. Albert	CA	America/Edmonton
Hagere Maryam	ET	Africa/Addis_Ababa
Stolberg	DE	Europe/Berlin
la Nova Esquerra de l'Eixample	ES	Europe/Madrid
Ash Shāmīyah	IQ	Asia/Baghdad
Ávila	ES	Europe/Madrid
Moreno	BR	America/Recife
Maocun	CN	Asia/Shanghai
Mongaguá	BR	America/Sao_Paulo
Harsīn	IR	Asia/Tehran
Santa Luzia	BR	America/Fortaleza
Sundsvall	SE	Europe/Stockholm
Bebington	GB	Europe/London
El Hatillo	VE	America/Caracas
Legnano	IT	Europe/Rome
Taquara	BR	America/Sao_Paulo
Vénissieux	FR	Europe/Paris
Kagaznāgār	IN	Asia/Kolkata
Cergy	FR	Europe/Paris
Ālbū Kamāl	SY	Asia/Damascus
Trảng Bom	VN	Asia/Ho_Chi_Minh
Ban Pong	TH	Asia/Bangkok
Krymsk	RU	Europe/Moscow
Huangpi	CN	Asia/Shanghai
Shanhecun	CN	Asia/Shanghai
Hernals	AT	Europe/Vienna
Biała Podlaska	PL	Europe/Warsaw
Bhātāpāra	IN	Asia/Kolkata
Yantongshan	CN	Asia/Shanghai
Kāsībugga	IN	Asia/Kolkata
Vynohradar	UA	Europe/Kyiv
Guarabira	BR	America/Fortaleza
Cupang	PH	Asia/Manila
Hasanpur	IN	Asia/Kolkata
Clichy	FR	Europe/Paris
Na Di	TH	Asia/Bangkok
Guiren	CN	Asia/Shanghai
Chongwe	ZM	Africa/Lusaka
Maulavi Bāzār	BD	Asia/Dhaka
Palm Harbor	US	America/New_York
Kan’onjichō	JP	Asia/Tokyo
Santo Tomas	PH	Asia/Manila
Linares	ES	Europe/Madrid
Lohārdagā	IN	Asia/Kolkata
Kentau	KZ	Asia/Almaty
Manicoré	BR	America/Manaus
Marinilla	CO	America/Bogota
Medford	US	America/New_York
Kidderminster	GB	Europe/London
Myaydo	MM	Asia/Yangon
Cheremkhovo	RU	Asia/Irkutsk
Morley	GB	Europe/London
Taquaritinga	BR	America/Sao_Paulo
Jahāngīrābād	IN	Asia/Kolkata
Sherkot	IN	Asia/Kolkata
Siu Lek Yuen	HK	Asia/Hong_Kong
Kātrās	IN	Asia/Kolkata
El Menia	DZ	Africa/Algiers
Minbu	MM	Asia/Yangon
Zhongxing	CN	Asia/Shanghai
Halabja	IQ	Asia/Baghdad
Talagante	CL	America/Santiago
Langxiang	CN	Asia/Shanghai
Kaffrine	SN	Africa/Dakar
Catacaos	PE	America/Lima
Garoowe	SO	Africa/Mogadishu
Kota Sambas	ID	Asia/Ho_Chi_Minh
Coruripe	BR	America/Maceio
Mācherla	IN	Asia/Kolkata
Naksalbāri	IN	Asia/Kolkata
Sankarankovil	IN	Asia/Kolkata
Mulbāgal	IN	Asia/Kolkata
Paris 09 Opéra	FR	Europe/Paris
Kolaboui	GN	Africa/Conakry
Midwest City	US	America/Chicago
Içara	BR	America/Sao_Paulo
Kandukūr	IN	Asia/Kolkata
Center City	US	America/New_York
Nonoichi	JP	Asia/Tokyo
Margate	US	America/New_York
Tiruvalla	IN	Asia/Kolkata
Roshanpura	IN	Asia/Kolkata
Villa Hayes	PY	America/Asuncion
Thanbyuzayat	MM	Asia/Yangon
Andradina	BR	America/Sao_Paulo
Andradas	BR	America/Sao_Paulo
Bergama	TR	Europe/Istanbul
Ponnūru	IN	Asia/Kolkata
Vargem Grande	BR	America/Fortaleza
Boufarik	DZ	Africa/Algiers
Chitral	PK	Asia/Karachi
South Whittier	US	America/Los_Angeles
Bageqi	CN	Asia/Urumqi
Saint-André	RE	Indian/Reunion
Kollegāl	IN	Asia/Kolkata
Tinley Park	US	America/Chicago
Hamada	JP	Asia/Tokyo
Mukandpur	IN	Asia/Kolkata
Bandō	JP	Asia/Tokyo
Anamur	TR	Europe/Istanbul
Suiling	CN	Asia/Shanghai
Pflugerville	US	America/Chicago
Mafraq	JO	Asia/Amman
Wenxing	CN	Asia/Shanghai
Unjha	IN	Asia/Kolkata
Frankfurt (Oder)	DE	Europe/Berlin
Fichē	ET	Africa/Addis_Ababa
Zhigulëvsk	RU	Europe/Samara
Alenquer	BR	America/Santarem
Yingli	CN	Asia/Shanghai
Sakaidechō	JP	Asia/Tokyo
Cristo Rey	DO	America/Santo_Domingo
Kāmyārān	IR	Asia/Tehran
Chhibrāmau	IN	Asia/Kolkata
Borūjen	IR	Asia/Tehran
As Sawānī	LY	Africa/Tripoli
Nūrābād	IR	Asia/Tehran
Tilhar	IN	Asia/Kolkata
Dehdasht	IR	Asia/Tehran
New Brunswick	US	America/New_York
Annaka	JP	Asia/Tokyo
Lunglei	IN	Asia/Kolkata
Jahangira	PK	Asia/Karachi
Grand Forks	US	America/Chicago
Emmen	NL	Europe/Amsterdam
Phra Phutthabat	TH	Asia/Bangkok
Colegiales	AR	America/Argentina/Buenos_Aires
Sokol’niki	RU	Europe/Moscow
Sokol	RU	Europe/Moscow
Reyhanlı	TR	Europe/Istanbul
Baishishan	CN	Asia/Shanghai
Fountain Valley	US	America/Los_Angeles
Hoskote	IN	Asia/Kolkata
Hendala	LK	Asia/Colombo
Haripur	PK	Asia/Karachi
Minokamo	JP	Asia/Tokyo
Roslavl’	RU	Europe/Moscow
Stourbridge	GB	Europe/London
Byasanagar	IN	Asia/Kolkata
North Hills	US	America/Los_Angeles
Três Pontas	BR	America/Sao_Paulo
Ninghai	CN	Asia/Shanghai
Manfredonia	IT	Europe/Rome
Veszprém	HU	Europe/Budapest
Anlong Veaeng	KH	Asia/Phnom_Penh
Neu-Hohenschönhausen	DE	Europe/Berlin
Bayt Lāhyā	PS	Asia/Gaza
Foligno	IT	Europe/Rome
Zhuzhai	CN	Asia/Shanghai
Purbalingga	ID	Asia/Jakarta
Xam Nua	LA	Asia/Vientiane
Diamond Bar	US	America/Los_Angeles
Kitgum	UG	Africa/Kampala
Baden-Baden	DE	Europe/Berlin
Bada Barabīl	IN	Asia/Kolkata
Hattingen	DE	Europe/Berlin
Sāmalkot	IN	Asia/Kolkata
Caacupé	PY	America/Asuncion
Mukō	JP	Asia/Tokyo
Karīmganj	IN	Asia/Kolkata
La Dolorita	VE	America/Caracas
Livingston	GB	Europe/London
Umm Ruwaba	SD	Africa/Khartoum
Ushuaia	AR	America/Argentina/Ushuaia
Nōgata	JP	Asia/Tokyo
Bobbili	IN	Asia/Kolkata
Barri de Sant Andreu	ES	Europe/Madrid
Jinji	CN	Asia/Shanghai
Fana	ML	Africa/Bamako
Marseille 11	FR	Europe/Paris
Taunton	US	America/New_York
Fussa	JP	Asia/Tokyo
Ambalangoda	LK	Asia/Colombo
Batac City	PH	Asia/Manila
Oak Lawn	US	America/Chicago
Union	US	America/New_York
Ankeny	US	America/Chicago
Battir	PS	Asia/Jerusalem
Malārd	IR	Asia/Tehran
Weining	CN	Asia/Shanghai
Mettur	IN	Asia/Kolkata
Chicopee	US	America/New_York
Sattenapalle	IN	Asia/Kolkata
San Vicent del Raspeig	ES	Europe/Madrid
Castlereagh	GB	Europe/London
Kettering	GB	Europe/London
Morondava	MG	Indian/Antananarivo
Paudalho	BR	America/Recife
Qingfu	CN	Asia/Shanghai
Jamrud	PK	Asia/Karachi
Pirapora	BR	America/Sao_Paulo
Daokou	CN	Asia/Shanghai
Okcheon	KR	Asia/Seoul
Tirūrangādi	IN	Asia/Kolkata
Yashan	CN	Asia/Shanghai
Woluwe-Saint-Lambert	BE	Europe/Brussels
Lingayen	PH	Asia/Manila
Masinloc	PH	Asia/Manila
Borovichi	RU	Europe/Moscow
Hilden	DE	Europe/Berlin
Wellingborough	GB	Europe/London
Mafra	BR	America/Sao_Paulo
Tennala	IN	Asia/Kolkata
Budapest XII. kerület	HU	Europe/Budapest
Aylmer	CA	America/Toronto
Chakradharpur	IN	Asia/Kolkata
Oberá	AR	America/Argentina/Cordoba
Irving Park	US	America/Chicago
Dörtyol	TR	Europe/Istanbul
Limoeiro	BR	America/Recife
Ureña	VE	America/Caracas
Capitão Poço	BR	America/Belem
Porto Ferreira	BR	America/Sao_Paulo
Açu	BR	America/Fortaleza
Sendhwa	IN	Asia/Kolkata
Nantai	CN	Asia/Shanghai
São Francisco	BR	America/Sao_Paulo
Palmares	BR	America/Recife
Sukuta	GM	Africa/Banjul
Balai Pungut	ID	Asia/Jakarta
Talegaon Dābhāde	IN	Asia/Kolkata
Potenza	IT	Europe/Rome
Changleng	CN	Asia/Shanghai
Chernaya Rechka	RU	Europe/Moscow
Saint-Michel	CA	America/Toronto
Hiriyūr	IN	Asia/Kolkata
Rolim de Moura	BR	America/Porto_Velho
Chino	JP	Asia/Tokyo
Mocoa	CO	America/Bogota
Boudouaou	DZ	Africa/Algiers
Registro	BR	America/Sao_Paulo
Mizuho	JP	Asia/Tokyo
Winterhude	DE	Europe/Berlin
Anjangaon	IN	Asia/Kolkata
Mon Repos	TT	America/Port_of_Spain
Tarneit	AU	Australia/Melbourne
Canguçu	BR	America/Sao_Paulo
Hutang	CN	Asia/Shanghai
Pul-e Khumrī	AF	Asia/Kabul
Berwyn	US	America/Chicago
Sanchuan	CN	Asia/Shanghai
Charkhi Dādri	IN	Asia/Kolkata
Châu Phong	VN	Asia/Ho_Chi_Minh
Caleta Olivia	AR	America/Argentina/Rio_Gallegos
Ujhāni	IN	Asia/Kolkata
Manhattan	US	America/Chicago
Honiara	SB	Pacific/Guadalcanal
Fier	AL	Europe/Tirane
Trairi	BR	America/Fortaleza
Sitou	CN	Asia/Shanghai
Kaédi	MR	Africa/Nouakchott
Bankra	IN	Asia/Kolkata
Mendaha	ID	Asia/Jakarta
Forest	BE	Europe/Brussels
Dabhoi	IN	Asia/Kolkata
Kūt-e ‘Abdollāh	IR	Asia/Tehran
Zibihu	CN	Asia/Shanghai
Mutsu	JP	Asia/Tokyo
Teghra	IN	Asia/Kolkata
Baidi	CN	Asia/Shanghai
Sleman	ID	Asia/Jakarta
Gaogou	CN	Asia/Shanghai
Espinal	CO	America/Bogota
Huauchinango	MX	America/Mexico_City
Vranje	RS	Europe/Belgrade
Kirishi	RU	Europe/Moscow
Gölcük	TR	Europe/Istanbul
Khartsyzk	UA	Europe/Kyiv
Linghai	CN	Asia/Shanghai
Turbaco	CO	America/Bogota
Dongola	SD	Africa/Khartoum
Paita	PE	America/Lima
Kendale Lakes	US	America/New_York
Smyrna	US	America/New_York
Dearborn Heights	US	America/Detroit
Humaitá	BR	America/Manaus
Longshi	CN	Asia/Shanghai
Hermanus	ZA	Africa/Johannesburg
Moncalieri	IT	Europe/Rome
Rhodes	GR	Europe/Athens
Obra	IN	Asia/Kolkata
Umm el Faḥm	IL	Asia/Jerusalem
Kobo	ET	Africa/Addis_Ababa
Xuzhuang	CN	Asia/Shanghai
Sankt Augustin	DE	Europe/Berlin
Dương Nội	VN	Asia/Bangkok
Ayapel	CO	America/Bogota
Tiruvallur	IN	Asia/Kolkata
Mandapeta	IN	Asia/Kolkata
Kutu	CD	Africa/Kinshasa
Tirur	IN	Asia/Kolkata
Porterville	US	America/Los_Angeles
Kimilili	KE	Africa/Nairobi
Piscataway	US	America/New_York
Kandi	BJ	Africa/Porto-Novo
Pandak	ID	Asia/Jakarta
Ropar	IN	Asia/Kolkata
Gongyi	CN	Asia/Shanghai
Al Badārī	EG	Africa/Cairo
Hendersonville	US	America/Chicago
Roeselare	BE	Europe/Brussels
Melo	UY	America/Montevideo
Papatoetoe	NZ	Pacific/Auckland
Eisen	KR	Asia/Seoul
Dangila	ET	Africa/Addis_Ababa
Bonga	ET	Africa/Addis_Ababa
Kapenguria	KE	Africa/Nairobi
Ezhva	RU	Europe/Moscow
Nāmakkal	IN	Asia/Kolkata
Toumodi	CI	Africa/Abidjan
Cuneo	IT	Europe/Rome
Qinnan	CN	Asia/Shanghai
Barabai	ID	Asia/Makassar
Arcot	IN	Asia/Kolkata
Liski	RU	Europe/Moscow
Gelan	CN	Asia/Shanghai
Morningside Heights	US	America/New_York
Zvyahel	UA	Europe/Kyiv
San Francisco	CR	America/Costa_Rica
Lāharpur	IN	Asia/Kolkata
Impasugong	PH	Asia/Manila
Trần Văn Thời	VN	Asia/Ho_Chi_Minh
Kudamatsu	JP	Asia/Tokyo
Kuala Selangor	MY	Asia/Kuala_Lumpur
Vryburg	ZA	Africa/Johannesburg
Bolvadin	TR	Europe/Istanbul
Dalianwan	CN	Asia/Shanghai
Changling	CN	Asia/Shanghai
Chumphon	TH	Asia/Bangkok
Mozambique	MZ	Africa/Maputo
Tirhanimîne	MA	Africa/Casablanca
Viramgām	IN	Asia/Kolkata
Hoàng Liệt	VN	Asia/Bangkok
Zarrīn Shahr	IR	Asia/Tehran
San Rafael	VE	America/Caracas
Rocky Mount	US	America/New_York
Belem	BR	America/Sao_Paulo
Corvallis	US	America/Los_Angeles
Eschweiler	DE	Europe/Berlin
Berrouaghia	DZ	Africa/Algiers
Tsévié	TG	Africa/Lome
Ełk	PL	Europe/Warsaw
San Antonio	PY	America/Asuncion
Aïn Touta	DZ	Africa/Algiers
Olympia	US	America/Los_Angeles
Valdosta	US	America/New_York
Asadābād	IR	Asia/Tehran
Islāmpur	IN	Asia/Kolkata
Naviraí	BR	America/Campo_Grande
Bonan	CN	Asia/Shanghai
Zile	TR	Europe/Istanbul
Serowe	BW	Africa/Gaborone
Dibaya-Lubwe	CD	Africa/Kinshasa
Karād	IN	Asia/Kolkata
Hanford	US	America/Los_Angeles
Kampung Bukit Baharu	MY	Asia/Kuala_Lumpur
Kawm Ḩamādah	EG	Africa/Cairo
Lubao	PH	Asia/Manila
Shibirghān	AF	Asia/Kabul
Hashtgerd	IR	Asia/Tehran
'Ārdamatā	SD	Africa/Khartoum
My Drarga	MA	Africa/Casablanca
Zhuyi	CN	Asia/Shanghai
Yanam	IN	Asia/Kolkata
Klaeng	TH	Asia/Bangkok
Dakhla	MA	Africa/Casablanca
Świętochłowice	PL	Europe/Warsaw
Rumonge	BI	Africa/Bujumbura
Ābu Road	IN	Asia/Kolkata
Yongqing	CN	Asia/Shanghai
Castle Rock	US	America/Denver
Linqiong	CN	Asia/Shanghai
Snizhne	UA	Europe/Kyiv
Greenwood	US	America/Indiana/Indianapolis
Takizawa	JP	Asia/Tokyo
Brazlândia	BR	America/Sao_Paulo
At Tall	SY	Asia/Damascus
Amuntai	ID	Asia/Makassar
Hà Giang	VN	Asia/Bangkok
Nuevo Casas Grandes	MX	America/Chihuahua
Chicago Lawn	US	America/Chicago
Eminönü	TR	Europe/Istanbul
Hempstead	US	America/New_York
Buthidaung Town	MM	Asia/Yangon
Wellington	ZA	Africa/Johannesburg
Piedade	BR	America/Sao_Paulo
Raxaul	IN	Asia/Kolkata
Moonniyur	IN	Asia/Kolkata
Novato	US	America/Los_Angeles
Kettering	US	America/New_York
Bellevue	US	America/Chicago
Tlokweng	BW	Africa/Gaborone
Barwāni	IN	Asia/Kolkata
Qishan	CN	Asia/Shanghai
Vyaz’ma	RU	Europe/Moscow
Buriticupu	BR	America/Fortaleza
Barrow in Furness	GB	Europe/London
Videira	BR	America/Sao_Paulo
Besuki	ID	Asia/Jakarta
Rîbniţa	MD	Europe/Chisinau
Aurora	CA	America/Toronto
Lanshan	CN	Asia/Shanghai
Mangina	CD	Africa/Lubumbashi
Shoreline	US	America/Los_Angeles
Decatur	US	America/Chicago
Luau	AO	Africa/Luanda
Oued Rhiou	DZ	Africa/Algiers
Friedrichsfelde	DE	Europe/Berlin
Anjiang	CN	Asia/Shanghai
San Fernando	TT	America/Port_of_Spain
Xinqing	CN	Asia/Shanghai
Gapyeong	KR	Asia/Seoul
Ksar Hellal	TN	Africa/Tunis
Paramount	US	America/Los_Angeles
Beledweyne	SO	Africa/Mogadishu
Placetas	CU	America/Havana
Saint-Quentin	FR	Europe/Paris
Mpulungu	ZM	Africa/Lusaka
Tønsberg	NO	Europe/Oslo
Bisceglie	IT	Europe/Rome
Jaguare	BR	America/Sao_Paulo
Kottayam	IN	Asia/Kolkata
Pruszków	PL	Europe/Warsaw
Bozüyük	TR	Europe/Istanbul
Tiruttangal	IN	Asia/Kolkata
Minamiuonuma	JP	Asia/Tokyo
Bossangoa	CF	Africa/Bangui
Artur Nogueira	BR	America/Sao_Paulo
Taliwang	ID	Asia/Makassar
Port Arthur	US	America/Chicago
Petlād	IN	Asia/Kolkata
Dorbod	CN	Asia/Shanghai
Sesvete	HR	Europe/Zagreb
Yutan	CN	Asia/Shanghai
Abington	US	America/New_York
Anderson	US	America/Indiana/Indianapolis
Wedi	ID	Asia/Jakarta
Jālaun	IN	Asia/Kolkata
Ahu	CN	Asia/Shanghai
Pátzcuaro	MX	America/Mexico_City
Torrelavega	ES	Europe/Madrid
Hidaka	JP	Asia/Tokyo
Satte	JP	Asia/Tokyo
Djemmal	TN	Africa/Tunis
Periya Semūr	IN	Asia/Kolkata
Ahlen	DE	Europe/Berlin
Tamiami	US	America/New_York
Aïn Defla	DZ	Africa/Algiers
Kas	SD	Africa/Khartoum
Paris 05 Panthéon	FR	Europe/Paris
Nazarovo	RU	Asia/Krasnoyarsk
Hulu Langat	MY	Asia/Kuala_Lumpur
Rubizhne	UA	Europe/Kyiv
Villa Bruzual	VE	America/Caracas
Rāmganj	BD	Asia/Dhaka
Madhupur	IN	Asia/Kolkata
Dhūri	IN	Asia/Kolkata
Pazardzhik	BG	Europe/Sofia
Klimovsk	RU	Europe/Moscow
South Croydon	GB	Europe/London
Towson	US	America/New_York
Naic	PH	Asia/Manila
Challakere	IN	Asia/Kolkata
Bayan	CN	Asia/Shanghai
Etāwa	IN	Asia/Kolkata
Zouérat	MR	Africa/Nouakchott
North Chicopee	US	America/New_York
Shijōnawate	JP	Asia/Tokyo
Elda	ES	Europe/Madrid
Drean	DZ	Africa/Algiers
Licha	CN	Asia/Shanghai
Pingjin	CN	Asia/Shanghai
Chiplūn	IN	Asia/Kolkata
Uptown	US	America/Chicago
Cần Giờ	VN	Asia/Ho_Chi_Minh
Mandlā	IN	Asia/Kolkata
Olímpia	BR	America/Sao_Paulo
Ābyek	IR	Asia/Tehran
São José do Rio Pardo	BR	America/Sao_Paulo
Biel/Bienne	CH	Europe/Zurich
Sarasota	US	America/New_York
Šabac	RS	Europe/Belgrade
Narail	BD	Asia/Dhaka
Kalasin	TH	Asia/Bangkok
Lesnoy	RU	Asia/Yekaterinburg
Canterbury	GB	Europe/London
Bhīmunipatnam	IN	Asia/Kolkata
Rybatskoye	RU	Europe/Moscow
Eqbālīyeh	IR	Asia/Tehran
Cepu	ID	Asia/Jakarta
Kaga-Bandoro	CF	Africa/Bangui
Uritsk	RU	Europe/Moscow
Luang Prabang	LA	Asia/Vientiane
Sharifabad	PK	Asia/Karachi
Canoinhas	BR	America/Sao_Paulo
Mawlai-Mawïong	IN	Asia/Kolkata
Cuango-Luzamba	AO	Africa/Luanda
Caxito	AO	Africa/Luanda
Shilin	CN	Asia/Shanghai
Jinotega	NI	America/Managua
Zamoskvorech’ye	RU	Europe/Moscow
Pokrovskoye-Streshnëvo	RU	Europe/Moscow
Berëzovskiy	RU	Asia/Novokuznetsk
Waterloo	SL	Africa/Freetown
Dunfermline	GB	Europe/London
Dompu	ID	Asia/Makassar
Kavanur	IN	Asia/Kolkata
Granja	BR	America/Fortaleza
Reghaïa	DZ	Africa/Algiers
Liguo	CN	Asia/Shanghai
Huangnihe	CN	Asia/Shanghai
Viljoenskroon	ZA	Africa/Johannesburg
Tallang-dong	KR	Asia/Seoul
Saint-Jérôme	CA	America/Toronto
Cypress Hills	US	America/New_York
West Haven	US	America/New_York
Miyakojima	JP	Asia/Tokyo
Rosemead	US	America/Los_Angeles
Sabinas	MX	America/Monterrey
Bad Salzuflen	DE	Europe/Berlin
Cuenca	ES	Europe/Madrid
Derbendîxan	IQ	Asia/Baghdad
Euskirchen	DE	Europe/Berlin
Estancia	PH	Asia/Manila
Opava	CZ	Europe/Prague
Yecheon	KR	Asia/Seoul
Edgewater	US	America/Chicago
Pithāpuram	IN	Asia/Kolkata
Al Khafjī	SA	Asia/Riyadh
Jackson	US	America/New_York
Highland	US	America/Los_Angeles
Kāndi	IN	Asia/Kolkata
San José de las Lajas	CU	America/Havana
Jonquière	CA	America/Toronto
Jelgava	LV	Europe/Riga
Mamoudzou	YT	Indian/Mayotte
Meerbusch	DE	Europe/Berlin
Sangarédi	GN	Africa/Conakry
Idappadi	IN	Asia/Kolkata
Manzhouli	CN	Asia/Shanghai
Caaguazú	PY	America/Asuncion
Huguo	CN	Asia/Shanghai
Liuji	CN	Asia/Shanghai
Asenovgrad	BG	Europe/Sofia
Sāhibābād Daulotpur	IN	Asia/Kolkata
Pozzo Strada	IT	Europe/Rome
Bandar Labuan	MY	Asia/Kuching
Mount Prospect	US	America/Chicago
Punganūru	IN	Asia/Kolkata
Liangzhai	CN	Asia/Shanghai
Wolfenbüttel	DE	Europe/Berlin
Huyton	GB	Europe/London
Bhamo	MM	Asia/Yangon
Leytonstone	GB	Europe/London
Rio de Mouro	PT	Europe/Lisbon
Hürth	DE	Europe/Berlin
Luputa	CD	Africa/Lubumbashi
Jaguaquara	BR	America/Bahia
Barry	GB	Europe/London
Odienné	CI	Africa/Abidjan
San Josecito	VE	America/Caracas
Boghni	DZ	Africa/Algiers
Niort	FR	Europe/Paris
Ghātāl	IN	Asia/Kolkata
Burauen	PH	Asia/Manila
Odivelas	PT	Europe/Lisbon
Hamura	JP	Asia/Tokyo
Colton	US	America/Los_Angeles
San Marcos	SV	America/El_Salvador
Encanto	US	America/Phoenix
Sibonga	PH	Asia/Manila
Konan	JP	Asia/Tokyo
Jāfarābād	IN	Asia/Kolkata
Wangji	CN	Asia/Shanghai
Boa Viagem	BR	America/Fortaleza
Belfort	FR	Europe/Paris
Giurgiu	RO	Europe/Bucharest
Sāgar	IN	Asia/Kolkata
Sihor	IN	Asia/Kolkata
Huacho	PE	America/Lima
Mūndka	IN	Asia/Kolkata
Al Mayādīn	SY	Asia/Damascus
Belorechensk	RU	Europe/Moscow
El Banco	CO	America/Bogota
San Bernardino Tlaxcalancingo	MX	America/Mexico_City
Himimachi	JP	Asia/Tokyo
Dumyāţ al Jadīdah	EG	Africa/Cairo
Bafang	CM	Africa/Douala
Chelghoum el Aïd	DZ	Africa/Algiers
Deglur	IN	Asia/Kolkata
Acopiara	BR	America/Fortaleza
Meikle Earnock	GB	Europe/London
Hamilton	GB	Europe/London
Madhepura	IN	Asia/Kolkata
Modica	IT	Europe/Rome
Bāndarban	BD	Asia/Dhaka
Nanzhou	CN	Asia/Shanghai
Pocatello	US	America/Boise
Bradenton	US	America/New_York
Pasir Ris New Town	SG	Asia/Singapore
Pirojpur	BD	Asia/Dhaka
Swedru	GH	Africa/Accra
Bukit Tengah	MY	Asia/Kuala_Lumpur
Bārāmati	IN	Asia/Kolkata
Mahāsamund	IN	Asia/Kolkata
Margareten	AT	Europe/Vienna
Narva	EE	Europe/Tallinn
Rogers Park	US	America/Chicago
Jinka	ET	Africa/Addis_Ababa
Nelson	NZ	Pacific/Auckland
Ain El Aouda	MA	Africa/Casablanca
Xóm Cái Nước	VN	Asia/Ho_Chi_Minh
Weymouth	US	America/New_York
Sittingbourne	GB	Europe/London
Port Charlotte	US	America/New_York
Tharyarwady	MM	Asia/Yangon
Yunjin	CN	Asia/Shanghai
Bom Despacho	BR	America/Sao_Paulo
Normal	US	America/Chicago
Ajaccio	FR	Europe/Paris
Jagüey Grande	CU	America/Havana
Javānrūd	IR	Asia/Tehran
Eisenzicken	AT	Europe/Vienna
Macclesfield	GB	Europe/London
Az̧ Z̧a‘āyin	QA	Asia/Qatar
Teramo	IT	Europe/Rome
Bahlā’	OM	Asia/Muscat
Sidhi	IN	Asia/Kolkata
Luojing	CN	Asia/Shanghai
Zehlendorf	DE	Europe/Berlin
Krasnokamensk	RU	Asia/Chita
Guapimirim	BR	America/Sao_Paulo
Spring	US	America/Chicago
Presidente Franco	PY	America/Asuncion
Allapattah	US	America/New_York
Okaya	JP	Asia/Tokyo
Durbanville	ZA	Africa/Johannesburg
Dullewala	PK	Asia/Karachi
Kérou	BJ	Africa/Porto-Novo
Pir Jo Goth	PK	Asia/Karachi
Hietzing	AT	Europe/Vienna
Gravesend	GB	Europe/London
Zürich (Kreis 11)	CH	Europe/Zurich
Pemangkat	ID	Asia/Pontianak
Richland	US	America/Los_Angeles
Eastleigh	GB	Europe/London
Zinacantepec	MX	America/Mexico_City
Euless	US	America/Chicago
Sau Mau Ping	HK	Asia/Hong_Kong
Dhanmondi	BD	Asia/Dhaka
Kupchino	RU	Europe/Moscow
Eldorado	AR	America/Argentina/Cordoba
Campo Belo	BR	America/Sao_Paulo
Kāsaragod	IN	Asia/Kolkata
Garhchiroli	IN	Asia/Kolkata
Blue Springs	US	America/Chicago
Pakenham	AU	Australia/Melbourne
Cajicá	CO	America/Bogota
Koumra	TD	Africa/Ndjamena
East Pensacola Heights	US	America/Chicago
Kalamata	GR	Europe/Athens
As Sāḩil	EG	Africa/Cairo
Puttūr	IN	Asia/Kolkata
Diffa	NE	Africa/Niamey
Jalor	IN	Asia/Kolkata
Nirgua	VE	America/Caracas
Samāna	IN	Asia/Kolkata
Bangassou	CF	Africa/Bangui
Cerignola	IT	Europe/Rome
Aranjuez	ES	Europe/Madrid
Rāzampeta	IN	Asia/Kolkata
Wāri	IN	Asia/Kolkata
Chilanga Township	ZM	Africa/Lusaka
Kwaggafontein	ZA	Africa/Johannesburg
Shella	IN	Asia/Kolkata
Hacienda Heights	US	America/Los_Angeles
Fangcun	CN	Asia/Shanghai
Palmaner	IN	Asia/Kolkata
Xihu	TW	Asia/Taipei
Kavála	GR	Europe/Athens
Deolāli	IN	Asia/Kolkata
Lozova	UA	Europe/Kyiv
Nuevitas	CU	America/Havana
Suzaka	JP	Asia/Tokyo
Vannes	FR	Europe/Paris
Kanakapura	IN	Asia/Kolkata
Schweinfurt	DE	Europe/Berlin
Wokha	IN	Asia/Kolkata
Altuf’yevskiy	RU	Europe/Moscow
Ozone Park	US	America/New_York
Neustadt an der Weinstraße	DE	Europe/Berlin
Trani	IT	Europe/Rome
Sartrouville	FR	Europe/Paris
Druzhkivka	UA	Europe/Kyiv
Umred	IN	Asia/Kolkata
Şabbāshahr	IR	Asia/Tehran
Yongjian	CN	Asia/Shanghai
Bandar-e Torkaman	IR	Asia/Tehran
Iwade	JP	Asia/Tokyo
Maisons-Alfort	FR	Europe/Paris
Kālna	IN	Asia/Kolkata
Ribeira do Pombal	BR	America/Bahia
Huesca	ES	Europe/Madrid
Xiazhuang	CN	Asia/Shanghai
Beberibe	BR	America/Fortaleza
Barbosa	CO	America/Bogota
Timashyovsk	RU	Europe/Moscow
Saint-Louis	RE	Indian/Reunion
Lagoa da Prata	BR	America/Sao_Paulo
Mingcun	CN	Asia/Shanghai
Severomorsk	RU	Europe/Moscow
Pandamaran	MY	Asia/Kuala_Lumpur
Phong Thạnh	VN	Asia/Ho_Chi_Minh
Barra	BR	America/Bahia
Chaniá	GR	Europe/Athens
Siena	IT	Europe/Rome
Mondlo	ZA	Africa/Johannesburg
Domodedovo	RU	Europe/Moscow
Chenārān	IR	Asia/Tehran
Briarwood	US	America/New_York
Eger	HU	Europe/Budapest
Pallichal	IN	Asia/Kolkata
Jacona de Plancarte	MX	America/Mexico_City
Pīshvā	IR	Asia/Tehran
Tāndoni	IN	Asia/Kolkata
Pārvatipuram	IN	Asia/Kolkata
Lingcheng	CN	Asia/Shanghai
Cathedral City	US	America/Los_Angeles
Meaux	FR	Europe/Paris
Lakewood	US	America/New_York
Kericho	KE	Africa/Nairobi
Portici	IT	Europe/Rome
Vyshniy Volochëk	RU	Europe/Moscow
Kotharia	IN	Asia/Kolkata
Ottapalam	IN	Asia/Kolkata
Al Ibrāhīmīyah	EG	Africa/Cairo
Kurihama	JP	Asia/Tokyo
Elyria	US	America/New_York
Mongo	TD	Africa/Ndjamena
Pulheim	DE	Europe/Berlin
Bỉm Sơn	VN	Asia/Ho_Chi_Minh
Dīdwāna	IN	Asia/Kolkata
Jardines de la Silla	MX	America/Monterrey
Ostrołęka	PL	Europe/Warsaw
Starachowice	PL	Europe/Warsaw
Markala	ML	Africa/Bamako
Pensacola	US	America/Chicago
Wheaton	US	America/Chicago
Kintampo	GH	Africa/Accra
Mercedes	PH	Asia/Manila
Assi Bou Nif	DZ	Africa/Algiers
Commerce City	US	America/Denver
Santiago Teyahualco	MX	America/Mexico_City
Begampur	IN	Asia/Kolkata
Charikar	AF	Asia/Kabul
Arao	JP	Asia/Tokyo
Jinding	CN	Asia/Shanghai
Blois	FR	Europe/Paris
Smethwick	GB	Europe/London
Al Marāghah	EG	Africa/Cairo
Safaga	EG	Africa/Cairo
Hoboken	US	America/New_York
Watsonville	US	America/Los_Angeles
Kongoussi	BF	Africa/Ouagadougou
Gaddi Annaram	IN	Asia/Kolkata
Coatepec	MX	America/Mexico_City
Dumraon	IN	Asia/Kolkata
Miyoshi	JP	Asia/Tokyo
Anapa	RU	Europe/Moscow
El Kef	TN	Africa/Tunis
Évora	PT	Europe/Lisbon
Frýdek-Místek	CZ	Europe/Prague
San Bartolomé de Tirajana	ES	Atlantic/Canary
Pamplona	CO	America/Bogota
Nerupperichchal	IN	Asia/Kolkata
Ercolano	IT	Europe/Rome
Goshogawara	JP	Asia/Tokyo
Nihommatsu	JP	Asia/Tokyo
Lake Havasu City	US	America/Phoenix
Qingxichang	CN	Asia/Shanghai
Papantla de Olarte	MX	America/Mexico_City
Jaggaiahpet	IN	Asia/Kolkata
Hvidovre	DK	Europe/Copenhagen
Jinhua	CN	Asia/Shanghai
Les Abymes	GP	America/Guadeloupe
Buguruslan	RU	Asia/Yekaterinburg
El Viejo	NI	America/Managua
Inada	JP	Asia/Tokyo
Marechal Cândido Rondon	BR	America/Sao_Paulo
Buíque	BR	America/Recife
Menemen	TR	Europe/Istanbul
Woburn	CA	America/Toronto
Extrema	BR	America/Sao_Paulo
Braintree	GB	Europe/London
Ilo	PE	America/Lima
Buzhuang	CN	Asia/Shanghai
Rampur Hat	IN	Asia/Kolkata
Brive-la-Gaillarde	FR	Europe/Paris
Chystyakove	UA	Europe/Kyiv
Klinteby Frihed	DK	Europe/Copenhagen
Avedøre	DK	Europe/Copenhagen
Khanapuram Haveli	IN	Asia/Kolkata
Arles	FR	Europe/Paris
Goālpāra	IN	Asia/Kolkata
Little Havana	US	America/New_York
Tuni	IN	Asia/Kolkata
Shiquan	CN	Asia/Shanghai
Revere	US	America/New_York
Yangtun	CN	Asia/Shanghai
Weymouth	GB	Europe/London
Porto Feliz	BR	America/Sao_Paulo
Chortoq	UZ	Asia/Tashkent
Suphan Buri	TH	Asia/Bangkok
Beauvais	FR	Europe/Paris
Laxmangarh	IN	Asia/Kolkata
Río Tercero	AR	America/Argentina/Cordoba
Zhangfeng	CN	Asia/Shanghai
Sotsmisto	UA	Europe/Kyiv
Shāhpur	IN	Asia/Kolkata
West New York	US	America/New_York
Itabirito	BR	America/Sao_Paulo
Itupiranga	BR	America/Belem
Los Polvorines	AR	America/Argentina/Buenos_Aires
Voi	KE	Africa/Nairobi
Bhongīr	IN	Asia/Kolkata
Chaozhou	TW	Asia/Taipei
Tōkamachi	JP	Asia/Tokyo
Kelenföld	HU	Europe/Budapest
Puttūr	IN	Asia/Kolkata
Chaeryŏng-ŭp	KP	Asia/Pyongyang
Yucaipa	US	America/Los_Angeles
Ullagaram	IN	Asia/Kolkata
Porto Nacional	BR	America/Araguaina
Châteauroux	FR	Europe/Paris
São Tomé	ST	Africa/Sao_Tome
Sri Dūngargarh	IN	Asia/Kolkata
Kateríni	GR	Europe/Athens
Ayodhya	IN	Asia/Kolkata
Natitingou	BJ	Africa/Porto-Novo
Montesilvano	IT	Europe/Rome
Sampang	ID	Asia/Jakarta
Mubarakpur	IN	Asia/Kolkata
Pathum Wan	TH	Asia/Bangkok
Consolação	BR	America/Sao_Paulo
Ōami	JP	Asia/Tokyo
Yousuo	CN	Asia/Shanghai
Amalāpuram	IN	Asia/Kolkata
Gilroy	US	America/Los_Angeles
Tomé	CL	America/Santiago
Hell-Ville	MG	Indian/Antananarivo
Arsikere	IN	Asia/Kolkata
Fryazevo	RU	Europe/Moscow
Vallecas	ES	Europe/Madrid
Phaltan	IN	Asia/Kolkata
Kabale	UG	Africa/Kampala
Zhaozhuang	CN	Asia/Shanghai
Poinciana	US	America/New_York
Ashta	IN	Asia/Kolkata
Sandīla	IN	Asia/Kolkata
Tingo María	PE	America/Lima
Santa Isabel	BR	America/Sao_Paulo
Silivri	TR	Europe/Istanbul
Cholet	FR	Europe/Paris
Novena	SG	Asia/Singapore
Zawiercie	PL	Europe/Warsaw
Ar Rastan	SY	Asia/Damascus
Sinan	KR	Asia/Seoul
Bagheria	IT	Europe/Rome
Vikārābād	IN	Asia/Kolkata
Naka	JP	Asia/Tokyo
Gummersbach	DE	Europe/Berlin
Cava Dè Tirreni	IT	Europe/Rome
Baruipur	IN	Asia/Kolkata
Rioverde	MX	America/Mexico_City
Tanjungagung	ID	Asia/Jakarta
Wat Tha Phra	TH	Asia/Bangkok
Oosterhout	NL	Europe/Amsterdam
Gulariyā	NP	Asia/Kathmandu
Banes	CU	America/Havana
Miryang	KR	Asia/Seoul
Fréjus	FR	Europe/Paris
Zaragoza	PH	Asia/Manila
Butterworth	ZA	Africa/Johannesburg
University of Texas	US	America/Chicago
Al Sajaah	AE	Asia/Dubai
Lahbab	AE	Asia/Dubai
‘Izbat ‘Alī as Sayyid	EG	Africa/Cairo
Nāyf	AE	Asia/Dubai
Thái Bình	VN	Asia/Bangkok
Itapagé	BR	America/Fortaleza
Wilhelmsburg	DE	Europe/Berlin
Hatogaya-honchō	JP	Asia/Tokyo
Ciudad de Huajuapan de León	MX	America/Mexico_City
Mediaş	RO	Europe/Bucharest
Khanzhonkivskyi	UA	Europe/Kyiv
Ben Jerrar	MA	Africa/Casablanca
Bartolomé Masó	CU	America/Havana
Bitlis	TR	Europe/Istanbul
Kingsport	US	America/New_York
Swakopmund	NA	Africa/Windhoek
Svyatoshyn	UA	Europe/Kyiv
Choudwar	IN	Asia/Kolkata
Tangzhang	CN	Asia/Shanghai
Levittown	US	America/New_York
Alexandroupoli	GR	Europe/Athens
Aversa	IT	Europe/Rome
Shāhābād	IN	Asia/Kolkata
Waiblingen	DE	Europe/Berlin
Nueva Guinea	NI	America/Managua
Palm Beach Gardens	US	America/New_York
Pantin	FR	Europe/Paris
Velletri	IT	Europe/Rome
Tha Maka	TH	Asia/Bangkok
Sultānganj	IN	Asia/Kolkata
Congonhas	BR	America/Sao_Paulo
Enerhodar	UA	Europe/Kyiv
Patuto	PH	Asia/Manila
Mandi Dabwāli	IN	Asia/Kolkata
Tân Uyên	VN	Asia/Ho_Chi_Minh
Buseresere	TZ	Africa/Dar_es_Salaam
Lingwu	CN	Asia/Shanghai
Lyon 06	FR	Europe/Paris
Taoyuan	CN	Asia/Shanghai
'Alī Ābād-e Katūl	IR	Asia/Tehran
Imara Daima Estate	KE	Africa/Nairobi
Verviers	BE	Europe/Brussels
Bordj el Bahri	DZ	Africa/Algiers
San José del Guaviare	CO	America/Bogota
Delmiro Gouveia	BR	America/Maceio
Rondon do Pará	BR	America/Belem
Nordhorn	DE	Europe/Berlin
Cocorote	VE	America/Caracas
Āgaro	ET	Africa/Addis_Ababa
Port Shepstone	ZA	Africa/Johannesburg
Adilcevaz	TR	Europe/Istanbul
Trichardt	ZA	Africa/Johannesburg
Saint-Brieuc	FR	Europe/Paris
Konch	IN	Asia/Kolkata
Yokkaichi	JP	Asia/Tokyo
Milford	US	America/New_York
Beisu	CN	Asia/Shanghai
Bandar-e Genāveh	IR	Asia/Tehran
Cửa Nam	VN	Asia/Bangkok
Bāprola	IN	Asia/Kolkata
Kota Tinggi	MY	Asia/Kuala_Lumpur
Muadamiyat al-Sham	SY	Asia/Damascus
Mariendorf	DE	Europe/Berlin
Delano	US	America/Los_Angeles
Colcapirhua	BO	America/La_Paz
Universitäts- und Hansestadt Greifswald	DE	Europe/Berlin
West Sacramento	US	America/Los_Angeles
Wulingyuan	CN	Asia/Shanghai
Malingshan	CN	Asia/Shanghai
Yartsevo	RU	Europe/Moscow
Huntersville	US	America/New_York
Pabbi	PK	Asia/Karachi
Krasnokamsk	RU	Asia/Yekaterinburg
Venkatagiri	IN	Asia/Kolkata
Ergani	TR	Europe/Istanbul
Perth Amboy	US	America/New_York
Río Grande	AR	America/Argentina/Ushuaia
Cuxhaven	DE	Europe/Berlin
Sherman Oaks	US	America/Los_Angeles
São Francisco do Sul	BR	America/Sao_Paulo
Ridder	KZ	Asia/Almaty
Shiogama	JP	Asia/Tokyo
Hualong	CN	Asia/Shanghai
Wetzlar	DE	Europe/Berlin
Bau	MY	Asia/Kuching
Palapye	BW	Africa/Gaborone
Tramandaí	BR	America/Sao_Paulo
Boadilla del Monte	ES	Europe/Madrid
Ålesund	NO	Europe/Oslo
Kahnūj	IR	Asia/Tehran
Utrera	ES	Europe/Madrid
Dianbu	CN	Asia/Shanghai
Ţūkh	EG	Africa/Cairo
Zabīd	YE	Asia/Aden
Southaven	US	America/Chicago
Vila Guilherme	BR	America/Sao_Paulo
Brentwood	GB	Europe/London
Niono	ML	Africa/Bamako
Imbituba	BR	America/Sao_Paulo
Dabhel	IN	Asia/Kolkata
Amora	PT	Europe/Lisbon
Saint Peters	US	America/Chicago
Daxing	CN	Asia/Shanghai
Terbanggi Besar	ID	Asia/Jakarta
Maiquetía	VE	America/Caracas
Puji	CN	Asia/Shanghai
Downtown DC	US	America/New_York
Caucagüito	VE	America/Caracas
Pryluky	UA	Europe/Kyiv
Lalian	PK	Asia/Karachi
Harrisonburg	US	America/New_York
Corroios	PT	Europe/Lisbon
Biswān	IN	Asia/Kolkata
Peabody	US	America/New_York
Lautoka	FJ	Pacific/Fiji
Thongwa	MM	Asia/Yangon
Qabula	PK	Asia/Karachi
Placentia	US	America/Los_Angeles
Jaén	PE	America/Lima
Siruguppa	IN	Asia/Kolkata
Kosi	IN	Asia/Kolkata
Jette	BE	Europe/Brussels
Lenexa	US	America/Chicago
DeSoto	US	America/Chicago
Mollet del Vallès	ES	Europe/Madrid
Pursat	KH	Asia/Phnom_Penh
Pir Mahal	PK	Asia/Karachi
Ciudad Bolivia	VE	America/Caracas
Burlington	US	America/New_York
Sironj	IN	Asia/Kolkata
Nametil	MZ	Africa/Maputo
Menden	DE	Europe/Berlin
Montauban	FR	Europe/Paris
Tomiya	JP	Asia/Tokyo
South Hill	US	America/Los_Angeles
Kyaiklat	MM	Asia/Yangon
Tarhuna	LY	Africa/Tripoli
Charleville-Mézières	FR	Europe/Paris
Albi	FR	Europe/Paris
Campos do Jordão	BR	America/Sao_Paulo
Al ‘Azīzīyah	LY	Africa/Tripoli
Xingqiao	CN	Asia/Shanghai
Jangaon	IN	Asia/Kolkata
Esher	GB	Europe/London
Ivato	MG	Indian/Antananarivo
Mithi	PK	Asia/Karachi
Daudnagar	IN	Asia/Kolkata
Paraíso do Tocantins	BR	America/Araguaina
Zalău	RO	Europe/Bucharest
Metrotown	CA	America/Vancouver
Hannan	JP	Asia/Tokyo
Elkhart	US	America/Indiana/Indianapolis
Bergkamen	DE	Europe/Berlin
Kamifukuoka	JP	Asia/Tokyo
Frechen	DE	Europe/Berlin
Óbidos	BR	America/Santarem
La Crosse	US	America/Chicago
Chagni	ET	Africa/Addis_Ababa
Eilat	IL	Asia/Jerusalem
Dandeli	IN	Asia/Kolkata
Ramapuram	IN	Asia/Kolkata
Welland	CA	America/Toronto
Plottier	AR	America/Argentina/Salta
Oak Park	US	America/Chicago
Mansoûra	DZ	Africa/Algiers
Ponticelli	IT	Europe/Rome
Noshiro	JP	Asia/Tokyo
Songlingcun	CN	Asia/Shanghai
Santo Estêvão	BR	America/Bahia
Tengréla	CI	Africa/Abidjan
Florissant	US	America/Chicago
Hruzkyi	UA	Europe/Kyiv
Kalamansig	PH	Asia/Manila
Fryazino	RU	Europe/Moscow
Sammamish	US	America/Los_Angeles
Yunshan	CN	Asia/Shanghai
Maluñgun	PH	Asia/Manila
Kakata	LR	Africa/Monrovia
Kobryn	BY	Europe/Minsk
Matamoros	MX	America/Monterrey
Hervey Bay	AU	Australia/Brisbane
Cangandala	AO	Africa/Luanda
Pula	HR	Europe/Zagreb
Dapeng	CN	Asia/Shanghai
Victoria	PH	Asia/Manila
Sanzhuang	CN	Asia/Shanghai
Shiraoka	JP	Asia/Tokyo
Zarinsk	RU	Asia/Barnaul
Inhumas	BR	America/Sao_Paulo
Wakefield	US	America/New_York
Sé	MO	Asia/Macau
Matilda Estate	SG	Asia/Singapore
Tres Arroyos	AR	America/Argentina/Buenos_Aires
Mudhol	IN	Asia/Kolkata
Ban Talat Yai	TH	Asia/Bangkok
Erbaa	TR	Europe/Istanbul
Tavşanlı	TR	Europe/Istanbul
Arandas	MX	America/Mexico_City
Albany	US	America/Los_Angeles
Zhawa	CN	Asia/Urumqi
Sandwīp	BD	Asia/Dhaka
Antratsyt	UA	Europe/Kyiv
Jitai	CN	Asia/Shanghai
Ban Lak Song	TH	Asia/Bangkok
Hoffman Estates	US	America/Chicago
Nyagan	RU	Asia/Yekaterinburg
Sar-e Pul	AF	Asia/Kabul
Lichtenrade	DE	Europe/Berlin
Ad Darwa	MA	Africa/Casablanca
Tarbes	FR	Europe/Paris
Dobo	ID	Asia/Jayapura
Davtashen	AM	Asia/Yerevan
Albany Park	US	America/Chicago
Guaxupé	BR	America/Sao_Paulo
Fontenay-sous-Bois	FR	Europe/Paris
Kimry	RU	Europe/Moscow
Mouscron	BE	Europe/Brussels
Ar Riqqah	KW	Asia/Kuwait
Ta Khmau	KH	Asia/Phnom_Penh
Zizhuang	CN	Asia/Shanghai
Parobé	BR	America/Sao_Paulo
Liangji	CN	Asia/Shanghai
Chake Chake	TZ	Africa/Dar_es_Salaam
Thodupuzha	IN	Asia/Kolkata
Methuen	US	America/New_York
Kirumba	CD	Africa/Lubumbashi
Pinar del Rey	ES	Europe/Madrid
Thomazeau	HT	America/Port-au-Prince
Kariya	JP	Asia/Tokyo
Caetité	BR	America/Bahia
Glendora	US	America/Los_Angeles
Lamía	GR	Europe/Athens
Sātkania	BD	Asia/Dhaka
Jūrmala	LV	Europe/Riga
Levoberezhnyy	RU	Europe/Moscow
Wilmington	US	America/Los_Angeles
Mokolo	CM	Africa/Douala
Huamantla	MX	America/Mexico_City
Ānwén	CN	Asia/Shanghai
Izumi	JP	Asia/Tokyo
Lyon 09	FR	Europe/Paris
Al Aaroui	MA	Africa/Casablanca
Dunstable	GB	Europe/London
Ciudad Piar	VE	America/Caracas
Port Macquarie	AU	Australia/Sydney
University Heights	CA	America/Regina
Nioro	ML	Africa/Bamako
Kepanjen	ID	Asia/Jakarta
San Severo	IT	Europe/Rome
Queens Village	US	America/New_York
Dashahe	CN	Asia/Shanghai
Roskilde	DK	Europe/Copenhagen
Gjilan	XK	Europe/Belgrade
Usulután	SV	America/El_Salvador
Brookhaven	US	America/New_York
Évry	FR	Europe/Paris
Thị Trấn Phước Bửu	VN	Asia/Ho_Chi_Minh
Duzhou	CN	Asia/Shanghai
Corralillo	CU	America/Havana
Levittown	US	America/New_York
Meybod	IR	Asia/Tehran
Secondigliano	IT	Europe/Rome
Sa'dah	YE	Asia/Aden
Palm Desert	US	America/Los_Angeles
Zhongxin	CN	Asia/Shanghai
Devakottai	IN	Asia/Kolkata
Bad Homburg vor der Höhe	DE	Europe/Berlin
Porvoo	FI	Europe/Helsinki
Arwal	IN	Asia/Kolkata
Louveira	BR	America/Sao_Paulo
Willich	DE	Europe/Berlin
Puertollano	ES	Europe/Madrid
Ostuncalco	GT	America/Guatemala
Weimiao	CN	Asia/Shanghai
Joplin	US	America/Chicago
Blora	ID	Asia/Jakarta
Boundiali	CI	Africa/Abidjan
Mahdia	TN	Africa/Tunis
São Gabriel da Cachoeira	BR	America/Manaus
Orhangazi	TR	Europe/Istanbul
Baljurashi	SA	Asia/Riyadh
Enid	US	America/Chicago
Calvià	ES	Europe/Madrid
Palmas	BR	America/Sao_Paulo
Tiu Keng Leng	HK	Asia/Hong_Kong
Qishan	CN	Asia/Shanghai
Lower Sackville	CA	America/Halifax
Kāliyāganj	IN	Asia/Kolkata
Nasīrābād	IN	Asia/Kolkata
Mampong	GH	Africa/Accra
Léo	BF	Africa/Ouagadougou
Būlāq Abū al ‘Ilā	EG	Africa/Cairo
Saint John’s	AG	America/Antigua
Ijebu-Jesa	NG	Africa/Lagos
Wanguru	KE	Africa/Nairobi
Vidnoye	RU	Europe/Moscow
Qoryooley	SO	Africa/Mogadishu
Morumbi	BR	America/Sao_Paulo
Bonita Springs	US	America/New_York
São Lourenço	CN	Asia/Macau
Kasba Tadla	MA	Africa/Casablanca
Irondequoit	US	America/New_York
Zepu	CN	Asia/Urumqi
Yeonggwang	KR	Asia/Seoul
Caldwell	US	America/Boise
Segovia	ES	Europe/Madrid
Minnetonka	US	America/Chicago
En Nedjma	DZ	Africa/Algiers
Mikkeli	FI	Europe/Helsinki
Bitonto	IT	Europe/Rome
Liuquan	CN	Asia/Shanghai
Futtsu	JP	Asia/Tokyo
Morecambe	GB	Europe/London
Pedregal	PA	America/Panama
Sagrada Família	ES	Europe/Madrid
Shahr-e Bābak	IR	Asia/Tehran
Pinellas Park	US	America/New_York
Tagawa	JP	Asia/Tokyo
Xanxerê	BR	America/Sao_Paulo
Ibiporã	BR	America/Sao_Paulo
Tijucas	BR	America/Sao_Paulo
Battle Creek	US	America/Detroit
Maha Sarakham	TH	Asia/Bangkok
Khagaul	IN	Asia/Kolkata
Yeongam	KR	Asia/Seoul
Redhill	GB	Europe/London
Barinitas	VE	America/Caracas
Tachilek	MM	Asia/Yangon
Takāb	IR	Asia/Tehran
Mazara del Vallo	IT	Europe/Rome
Renfrew-Collingwood	CA	America/Vancouver
Emden	DE	Europe/Berlin
Welwyn Garden City	GB	Europe/London
Rurópolis	BR	America/Santarem
Cardona	PH	Asia/Manila
Sado	JP	Asia/Tokyo
Arganda	ES	Europe/Madrid
Miura	JP	Asia/Tokyo
Agustín Codazzi	CO	America/Bogota
Zhefang	CN	Asia/Shanghai
Horsham	GB	Europe/London
Casa Grande	US	America/Phoenix
Ksar Chellala	DZ	Africa/Algiers
South Shore	US	America/Chicago
Mott Haven	US	America/New_York
Viana	BR	America/Fortaleza
The Villages	US	America/New_York
Grand Island	US	America/Chicago
Sūsangerd	IR	Asia/Tehran
Changanācheri	IN	Asia/Kolkata
Haabersti	EE	Europe/Tallinn
Acre	IL	Asia/Jerusalem
Đố Sơn	VN	Asia/Ho_Chi_Minh
Sanhui	CN	Asia/Shanghai
Jendouba	TN	Africa/Tunis
Grapevine	US	America/Chicago
Währing	AT	Europe/Vienna
Clamart	FR	Europe/Paris
Tŭytepa	UZ	Asia/Tashkent
Shorāpur	IN	Asia/Kolkata
Neu-Ulm	DE	Europe/Berlin
Bol	TD	Africa/Ndjamena
Stratford	US	America/New_York
Uriangato	MX	America/Mexico_City
Quíbor	VE	America/Caracas
Māndvi	IN	Asia/Kolkata
El Nido	PH	Asia/Manila
Rajgangpur	IN	Asia/Kolkata
Patiya	BD	Asia/Dhaka
Kentwood	US	America/Detroit
Kangāvar	IR	Asia/Tehran
Morrinhos	BR	America/Sao_Paulo
Tarma	PE	America/Lima
Nkowakowa	ZA	Africa/Johannesburg
Chautārā	NP	Asia/Kathmandu
Gopālganj	BD	Asia/Dhaka
Tulun	RU	Asia/Irkutsk
Lingen	DE	Europe/Berlin
Samfya	ZM	Africa/Lusaka
Brejo da Madre de Deus	BR	America/Recife
Sapé	BR	America/Fortaleza
Marseille 10	FR	Europe/Paris
Venice	IT	Europe/Rome
Ozar	IN	Asia/Kolkata
Coronel Oviedo	PY	America/Asuncion
Balţīm	EG	Africa/Cairo
Barreiro	PT	Europe/Lisbon
Peranāmpattu	IN	Asia/Kolkata
City of Milford (balance)	US	America/New_York
Las Águilas	ES	Europe/Madrid
Dianzi	CN	Asia/Shanghai
Gumlā	IN	Asia/Kolkata
Châlons-en-Champagne	FR	Europe/Paris
Teoloyucan	MX	America/Mexico_City
Tigard	US	America/Los_Angeles
East Hartford	US	America/New_York
Rāmnagar	IN	Asia/Kolkata
Vazhakkala	IN	Asia/Kolkata
Nichinan	JP	Asia/Tokyo
Dartford	GB	Europe/London
Siocon	PH	Asia/Manila
Lakewood	CA	America/Regina
Phra Nakhon	TH	Asia/Bangkok
Kabbasin	SY	Asia/Damascus
Shujālpur	IN	Asia/Kolkata
Apple Valley	US	America/Chicago
Plainfield	US	America/New_York
Susono	JP	Asia/Tokyo
Qulsary	KZ	Asia/Atyrau
Leesburg	US	America/New_York
Erftstadt	DE	Europe/Berlin
Aïn Oulmene	DZ	Africa/Algiers
Bejaâd	MA	Africa/Casablanca
Kapchorwa	UG	Africa/Kampala
Tirumangalam	IN	Asia/Kolkata
Krujë	AL	Europe/Tirane
Bargny Guèdj	SN	Africa/Dakar
Bargny Ngoude	SN	Africa/Dakar
Panlong	CN	Asia/Shanghai
Sidlaghatta	IN	Asia/Kolkata
Fuchū	JP	Asia/Tokyo
El Bagre	CO	America/Bogota
Miyako	JP	Asia/Tokyo
Leopoldina	BR	America/Sao_Paulo
Parsippany	US	America/New_York
Martin	SK	Europe/Bratislava
Musina	ZA	Africa/Johannesburg
Coral Gables	US	America/New_York
Gangshang	CN	Asia/Shanghai
Neubrück	DE	Europe/Berlin
Khurai	IN	Asia/Kolkata
Kayna	CD	Africa/Lubumbashi
Reservoir	AU	Australia/Melbourne
Comal	ID	Asia/Jakarta
Seydişehir	TR	Europe/Istanbul
Guanshan	CN	Asia/Shanghai
Ivanteyevka	RU	Europe/Moscow
Puerto Berrío	CO	America/Bogota
The Trails of Frisco	US	America/Chicago
Hilsa	IN	Asia/Kolkata
Sidi Taibi	MA	Africa/Casablanca
Staines	GB	Europe/London
Hikari	JP	Asia/Tokyo
Datong	CN	Asia/Shanghai
Khalkhāl	IR	Asia/Tehran
Rampura Phul	IN	Asia/Kolkata
Kot Mumin	PK	Asia/Karachi
Tadmur	SY	Asia/Damascus
Pom Prap Sattru Phai	TH	Asia/Bangkok
The Hammocks	US	America/New_York
Jesús Menéndez	CU	America/Havana
Ţarīf Kalbā	AE	Asia/Dubai
Bunawan	PH	Asia/Manila
Ubauro	PK	Asia/Karachi
Gostivar	MK	Europe/Skopje
Fatwa	IN	Asia/Kolkata
Gombong	ID	Asia/Jakarta
Tūndla	IN	Asia/Kolkata
Acayucan	MX	America/Mexico_City
Żoliborz	PL	Europe/Warsaw
Az̧ Z̧ulayl	JO	Asia/Amman
la Vila de Gràcia	ES	Europe/Madrid
Birkat as Sab‘	EG	Africa/Cairo
Royal Leamington Spa	GB	Europe/London
Mannārakkāt	IN	Asia/Kolkata
Shuijiang	CN	Asia/Shanghai
Tobias Barreto	BR	America/Maceio
Metpalle	IN	Asia/Kolkata
Whangarei	NZ	Pacific/Auckland
Kosonsoy	UZ	Asia/Tashkent
Gurlan	UZ	Asia/Samarkand
Cimitarra	CO	America/Bogota
Babīlā	SY	Asia/Damascus
Hà Đông	VN	Asia/Bangkok
Buckeye	US	America/Phoenix
Naya Gaon	IN	Asia/Kolkata
Repalle	IN	Asia/Kolkata
Hunsūr	IN	Asia/Kolkata
Kyōtango	JP	Asia/Tokyo
Teplice	CZ	Europe/Prague
Vittoria	IT	Europe/Rome
Donetsk	RU	Europe/Moscow
Tocumen	PA	America/Panama
Flagami	US	America/New_York
Vigia	BR	America/Belem
Phra Nakhon Si Ayutthaya	TH	Asia/Bangkok
Guanzhuang	CN	Asia/Shanghai
Baijiantan	CN	Asia/Urumqi
Barranqueras	AR	America/Argentina/Cordoba
Catalina Foothills	US	America/Phoenix
Boende	CD	Africa/Kinshasa
Salo	FI	Europe/Helsinki
Legionowo	PL	Europe/Warsaw
Yerba Buena	AR	America/Argentina/Tucuman
Narbonne	FR	Europe/Paris
Lahr	DE	Europe/Berlin
Monte Alto	BR	America/Sao_Paulo
Padang Serai	MY	Asia/Kuala_Lumpur
Fuchūchō	JP	Asia/Tokyo
Chinú	CO	America/Bogota
Belleville	CA	America/Toronto
Gelendzhik	RU	Europe/Moscow
Hinckley	GB	Europe/London
Yasu	JP	Asia/Tokyo
Aspern	AT	Europe/Vienna
Rajanpur	PK	Asia/Karachi
Mao	TD	Africa/Ndjamena
Manaung	MM	Asia/Yangon
Saint-Malo	FR	Europe/Paris
Estância Velha	BR	America/Sao_Paulo
Sidikalang	ID	Asia/Jakarta
Oshnavīyeh	IR	Asia/Tehran
Merzifon	TR	Europe/Istanbul
Phetchabun	TH	Asia/Bangkok
Lakewood	US	America/New_York
Adenta	GH	Africa/Accra
Al Ḩusaynīyah	EG	Africa/Cairo
Yūki	JP	Asia/Tokyo
Lytkarino	RU	Europe/Moscow
Shanji	CN	Asia/Shanghai
Sangkapura	ID	Asia/Jakarta
Suhum	GH	Africa/Accra
Saint Croix	VI	America/St_Thomas
Nanjangūd	IN	Asia/Kolkata
Lhünzhub	CN	Asia/Shanghai
Skien	NO	Europe/Oslo
Ōi	JP	Asia/Tokyo
Jaru	BR	America/Porto_Velho
Ibbenbueren	DE	Europe/Berlin
Vila-real	ES	Europe/Madrid
Tolga	DZ	Africa/Algiers
Kingisepp	RU	Europe/Moscow
Herning	DK	Europe/Copenhagen
Kizlyar	RU	Europe/Moscow
Passau	DE	Europe/Berlin
Abovyan	AM	Asia/Yerevan
Pèlèngana	ML	Africa/Bamako
El Negrito	HN	America/Tegucigalpa
Clacton-on-Sea	GB	Europe/London
Gronau	DE	Europe/Berlin
Kawalu	ID	Asia/Jakarta
Zhob	PK	Asia/Karachi
Cumbernauld	GB	Europe/London
Khorramdarreh	IR	Asia/Tehran
Turbo	CO	America/Bogota
Kavaklı	TR	Europe/Istanbul
Pivdenna Borshchahivka	UA	Europe/Kyiv
Deçan	XK	Europe/Belgrade
Budapest XXII. kerület	HU	Europe/Budapest
Laval	FR	Europe/Paris
Hyères	FR	Europe/Paris
Kyaukse	MM	Asia/Yangon
Amahai	ID	Asia/Jayapura
Forbesganj	IN	Asia/Kolkata
Cần Đước	VN	Asia/Ho_Chi_Minh
North La Crosse	US	America/Chicago
Burien	US	America/Los_Angeles
Nithari	IN	Asia/Kolkata
Ambatondrazaka	MG	Indian/Antananarivo
Tarnobrzeg	PL	Europe/Warsaw
Çarşamba	TR	Europe/Istanbul
Tafo	GH	Africa/Accra
Tūyserkān	IR	Asia/Tehran
Hanyuan	CN	Asia/Shanghai
Langenhagen	DE	Europe/Berlin
Gallarate	IT	Europe/Rome
Nova Venécia	BR	America/Sao_Paulo
Willowdale East	CA	America/Toronto
Havertown	US	America/New_York
Vargem Grande Paulista	BR	America/Sao_Paulo
Arjona	CO	America/Bogota
San Mateo	VE	America/Caracas
Bindura	ZW	Africa/Harare
Schwerte	DE	Europe/Berlin
Taxco de Alarcón	MX	America/Mexico_City
Matli	PK	Asia/Karachi
North Bay	CA	America/Toronto
Tubod	PH	Asia/Manila
Sunabeda	IN	Asia/Kolkata
Gajraula	IN	Asia/Kolkata
Yanghe	CN	Asia/Shanghai
Logan	US	America/Denver
Kirkcaldy	GB	Europe/London
Khagrachhari	BD	Asia/Dhaka
Barriera di Milano	IT	Europe/Rome
Ness Ziona	IL	Asia/Jerusalem
Ma'an	JO	Asia/Amman
Speyer	DE	Europe/Berlin
Saint-Hyacinthe	CA	America/Toronto
Mochudi	BW	Africa/Gaborone
Jahanian	PK	Asia/Karachi
Modimolle	ZA	Africa/Johannesburg
Torbalı	TR	Europe/Istanbul
Vīrapāndi	IN	Asia/Kolkata
Sek’ot’a	ET	Africa/Addis_Ababa
Nanao	JP	Asia/Tokyo
Berwick	AU	Australia/Melbourne
South Peabody	US	America/New_York
Dāhānu	IN	Asia/Kolkata
Rovigo	IT	Europe/Rome
Asakura	JP	Asia/Tokyo
Midori	JP	Asia/Tokyo
Rasipuram	IN	Asia/Kolkata
Al Khābūrah	OM	Asia/Muscat
Saint-Gilles	BE	Europe/Brussels
La Calera	CL	America/Santiago
Ventas	ES	Europe/Madrid
Sālūr	IN	Asia/Kolkata
Chusovoy	RU	Asia/Yekaterinburg
Anju	KP	Asia/Pyongyang
Aliso Viejo	US	America/Los_Angeles
Bletchley	GB	Europe/London
Villa Francisca	DO	America/Santo_Domingo
Harrisburg	US	America/New_York
Galveston	US	America/Chicago
Bhabhua	IN	Asia/Kolkata
Yeovil	GB	Europe/London
Keighley	GB	Europe/London
Mui Ne	VN	Asia/Ho_Chi_Minh
Mellit	SD	Africa/Khartoum
Macaúbas	BR	America/Bahia
Kasaoka	JP	Asia/Tokyo
Kotka	FI	Europe/Helsinki
Poway	US	America/Los_Angeles
Hodal	IN	Asia/Kolkata
Edina	US	America/Chicago
Monapo	MZ	Africa/Maputo
Otradnyy	RU	Europe/Samara
Minnetonka Mills	US	America/Chicago
Balayan	PH	Asia/Manila
Déressia	TD	Africa/Ndjamena
Katanawa	JP	Asia/Tokyo
Zacapu	MX	America/Mexico_City
Jihlava	CZ	Europe/Prague
Fungurume	CD	Africa/Lubumbashi
Bhadrāchalam	IN	Asia/Kolkata
Snezhinsk	RU	Asia/Yekaterinburg
Dunaújváros	HU	Europe/Budapest
Nanjian	CN	Asia/Shanghai
Uiju	KP	Asia/Pyongyang
Sfântu Gheorghe	RO	Europe/Bucharest
Pijijiapan	MX	America/Mexico_City
Moyobamba	PE	America/Lima
Alt-Hohenschönhausen	DE	Europe/Berlin
Capivari	BR	America/Sao_Paulo
Heidenheim an der Brenz	DE	Europe/Berlin
Tateyama	JP	Asia/Tokyo
Jatiroto	ID	Asia/Jakarta
Kibaigwa	TZ	Africa/Dar_es_Salaam
Chodov	CZ	Europe/Prague
Dogondoutchi	NE	Africa/Niamey
Werribee	AU	Australia/Melbourne
Naxi	CN	Asia/Shanghai
Zhenxi	CN	Asia/Shanghai
Bījār	IR	Asia/Tehran
Aonla	IN	Asia/Kolkata
Ali Sabih	DJ	Africa/Djibouti
Tirupparangunram	IN	Asia/Kolkata
Andulo	AO	Africa/Luanda
Treptow	DE	Europe/Berlin
Samara	ET	Africa/Addis_Ababa
LOHAS Park	HK	Asia/Hong_Kong
Al-Hamdaniya	IQ	Asia/Baghdad
Shelādiz	IQ	Asia/Baghdad
Barriera di Lanzo	IT	Europe/Rome
Arashiyama	JP	Asia/Tokyo
Aarsâl	LB	Asia/Beirut
Ghazieh	LB	Asia/Beirut
Hpa-An	MM	Asia/Yangon
Polanco	MX	America/Mexico_City
Putrajaya	MY	Asia/Kuala_Lumpur
Sri Petaling	MY	Asia/Kuala_Lumpur
Taman Melati	MY	Asia/Kuala_Lumpur
Kuchai Lama	MY	Asia/Kuala_Lumpur
Tipitapa	NI	America/Managua
Juigalpa	NI	America/Managua
Ciudad Sandino	NI	America/Managua
Rawalakot	PK	Asia/Karachi
Buni	PK	Asia/Karachi
Monsanto	PT	Europe/Lisbon
Novovladykino	RU	Europe/Moscow
Vatutino	RU	Europe/Moscow
Vagonoremont	RU	Europe/Moscow
Semënovskoye	RU	Europe/Moscow
Novokuz’minki	RU	Europe/Moscow
Novokhovrino	RU	Europe/Moscow
Nikol’skoye	RU	Europe/Moscow
Likhobory	RU	Europe/Moscow
Kozhukhovo	RU	Europe/Moscow
Kozeyevo	RU	Europe/Moscow
Akademgorodok	RU	Asia/Novosibirsk
Metrogorodok	RU	Europe/Moscow
Untolovo	RU	Europe/Moscow
‘Ayn al ‘Arab	SY	Asia/Damascus
Ko Samui	TH	Asia/Bangkok
Merter Keresteciler	TR	Europe/Istanbul
Güngören Merter	TR	Europe/Istanbul
Utengule	TZ	Africa/Dar_es_Salaam
Tukuyu	TZ	Africa/Dar_es_Salaam
Masumbwe	TZ	Africa/Dar_es_Salaam
Merelani	TZ	Africa/Dar_es_Salaam
Bosse	UA	Europe/Kyiv
Stonecrest	US	America/New_York
Vinhomes Smart City	VN	Asia/Ho_Chi_Minh
Vinhomes Times City	VN	Asia/Bangkok
Tabas	IR	Asia/Tehran
Chatrā	IN	Asia/Kolkata
Khagaria	IN	Asia/Kolkata
Cabiao	PH	Asia/Manila
Cerritos	US	America/Los_Angeles
Dhāmpur	IN	Asia/Kolkata
Rio Tinto	PT	Europe/Lisbon
Peine	DE	Europe/Berlin
Yongxin	CN	Asia/Shanghai
Chahār Dangeh	IR	Asia/Tehran
Sayanogorsk	RU	Asia/Krasnoyarsk
Tarkwa	GH	Africa/Accra
Redford	US	America/Detroit
Marano di Napoli	IT	Europe/Rome
Phalodi	IN	Asia/Kolkata
San Luis de la Paz	MX	America/Mexico_City
East Honolulu	US	Pacific/Honolulu
Doetinchem	NL	Europe/Amsterdam
Troy	US	America/New_York
Gangākher	IN	Asia/Kolkata
Kanash	RU	Europe/Moscow
Pordenone	IT	Europe/Rome
Nettuno	IT	Europe/Rome
Tsukubamirai	JP	Asia/Tokyo
Kabba	NG	Africa/Lagos
Monchegorsk	RU	Europe/Moscow
Niksar	TR	Europe/Istanbul
Whitchurch-Stouffville	CA	America/Toronto
Sardhana	IN	Asia/Kolkata
Horishni Plavni	UA	Europe/Kyiv
Zaranj	AF	Asia/Kabul
Neunkirchen	DE	Europe/Berlin
Falāvarjān	IR	Asia/Tehran
Brejo Santo	BR	America/Fortaleza
Nohar	IN	Asia/Kolkata
Kameyama	JP	Asia/Tokyo
Sunnyside	US	America/New_York
Yeola	IN	Asia/Kolkata
Östersund	SE	Europe/Stockholm
Mbuguni	TZ	Africa/Dar_es_Salaam
Zaječar	RS	Europe/Belgrade
Kerkrade	NL	Europe/Amsterdam
Changdian	CN	Asia/Shanghai
Novovolynsk	UA	Europe/Kyiv
Bhaisa	IN	Asia/Kolkata
Puławy	PL	Europe/Warsaw
Lincoln	US	America/Los_Angeles
Silkeborg	DK	Europe/Copenhagen
Chachoengsao	TH	Asia/Bangkok
Chilmāri	BD	Asia/Dhaka
Ryōgoku	JP	Asia/Tokyo
Wharton	US	America/New_York
Whitman	US	America/New_York
Downers Grove	US	America/Chicago
Ibiza	ES	Europe/Madrid
Perintalmanna	IN	Asia/Kolkata
Letlhabile	ZA	Africa/Johannesburg
Lingotto	IT	Europe/Rome
Rwamwanja Refugee Camp	UG	Africa/Kampala
Azusa	US	America/Los_Angeles
Altrincham	GB	Europe/London
Keskin	TR	Europe/Istanbul
Labuhan Deli	ID	Asia/Jakarta
Moss	NO	Europe/Oslo
Lyon 05	FR	Europe/Paris
Hadali	PK	Asia/Karachi
Jugsālai	IN	Asia/Kolkata
Xinglou	CN	Asia/Shanghai
Perambalur	IN	Asia/Kolkata
Takashimadaira	JP	Asia/Tokyo
Wilson	US	America/New_York
Yên Nghĩa	VN	Asia/Bangkok
Carmen de Viboral	CO	America/Bogota
Irákleio	GR	Europe/Athens
Coelho Neto	BR	America/Fortaleza
Qaşr al Qarabūllī	LY	Africa/Tripoli
Lydenburg	ZA	Africa/Johannesburg
Maych’ew	ET	Africa/Addis_Ababa
Carcassonne	FR	Europe/Paris
Habaswein	KE	Africa/Nairobi
Monroe	US	America/Chicago
Bridgend	GB	Europe/London
Ogawa	JP	Asia/Tokyo
Llanelli	GB	Europe/London
Morong	PH	Asia/Manila
Willenhall	GB	Europe/London
Huancavelica	PE	America/Lima
Vratsa	BG	Europe/Sofia
Parker	US	America/Denver
Badūria	IN	Asia/Kolkata
Mihe	CN	Asia/Shanghai
Gudalur	IN	Asia/Kolkata
Kizhake Chālakudi	IN	Asia/Kolkata
Wodzisław Śląski	PL	Europe/Warsaw
La Mirada	US	America/Los_Angeles
Bad Oeynhausen	DE	Europe/Berlin
Maizhokunggar	CN	Asia/Shanghai
Karapınar	TR	Europe/Istanbul
Narkatiāganj	IN	Asia/Kolkata
Apizaco	MX	America/Mexico_City
Hrazdan	AM	Asia/Yerevan
Ch’iko	ET	Africa/Addis_Ababa
Mpigi	UG	Africa/Kampala
Īstgāh-e Rāh Āhan-e Garmsār	IR	Asia/Tehran
Leonberg	DE	Europe/Berlin
Mankweng	ZA	Africa/Johannesburg
Peddāpuram	IN	Asia/Kolkata
Acireale	IT	Europe/Rome
Angoulême	FR	Europe/Paris
Mumbwa	ZM	Africa/Lusaka
Kikuchi	JP	Asia/Tokyo
Majalgaon	IN	Asia/Kolkata
Daund	IN	Asia/Kolkata
Minot	US	America/Chicago
São Bento do Una	BR	America/Recife
Bonoua	CI	Africa/Abidjan
Nageswari	BD	Asia/Dhaka
Aloha	US	America/Los_Angeles
Batouri	CM	Africa/Douala
Ficksburg	ZA	Africa/Johannesburg
Shuanghe	CN	Asia/Shanghai
Uzgen	KG	Asia/Bishkek
Skarżysko-Kamienna	PL	Europe/Warsaw
Jobabo	CU	America/Havana
Mut	TR	Europe/Istanbul
Prudentópolis	BR	America/Sao_Paulo
Guangshun	CN	Asia/Shanghai
La Estrella	CO	America/Bogota
Satka	RU	Asia/Yekaterinburg
Lusambo	CD	Africa/Lubumbashi
Frenda	DZ	Africa/Algiers
Cha-am	TH	Asia/Bangkok
Koupéla	BF	Africa/Ouagadougou
An Nabk	SY	Asia/Damascus
Gabú	GW	Africa/Bissau
Wolmaransstad	ZA	Africa/Johannesburg
Gaoliang	CN	Asia/Shanghai
Sorokyne	UA	Europe/Kyiv
Saginaw	US	America/Detroit
Bedford	US	America/Chicago
Rancho Santa Margarita	US	America/Los_Angeles
Sillanwali	PK	Asia/Karachi
Ruzayevka	RU	Europe/Moscow
Kapadvanj	IN	Asia/Kolkata
Leidsche Rijn	NL	Europe/Amsterdam
Edenvale	ZA	Africa/Johannesburg
Cypress	US	America/Los_Angeles
Grangwav	HT	America/Port-au-Prince
Dornbirn	AT	Europe/Vienna
Libertador General San Martín	AR	America/Argentina/Jujuy
eSikhaleni	ZA	Africa/Johannesburg
Dongcheng	CN	Asia/Shanghai
Murray	US	America/Denver
Ouangolodougou	CI	Africa/Abidjan
Jinjiang	CN	Asia/Shanghai
Hof	DE	Europe/Berlin
Kensington-Cedar Cottage	CA	America/Vancouver
Pobé	BJ	Africa/Porto-Novo
Annecy	FR	Europe/Paris
Campobasso	IT	Europe/Rome
Lashibi	GH	Africa/Accra
Gao’an	CN	Asia/Shanghai
Salekhard	RU	Asia/Yekaterinburg
Bentong Town	MY	Asia/Kuala_Lumpur
Kotputli	IN	Asia/Kolkata
Whanganui	NZ	Pacific/Auckland
Qayroqqum	TJ	Asia/Dushanbe
Liloan	PH	Asia/Manila
Alytus	LT	Europe/Vilnius
Emiliano Zapata	MX	America/Mexico_City
Dyāne	IN	Asia/Kolkata
Villarrica	CL	America/Santiago
Bail-Hongal	IN	Asia/Kolkata
Copacabana	CO	America/Bogota
Paghmān	AF	Asia/Kabul
Teluk Panglima Garang	MY	Asia/Kuala_Lumpur
Buenavista	ES	Europe/Madrid
Cuyahoga Falls	US	America/New_York
Rehnān	IR	Asia/Tehran
Coeur d'Alene	US	America/Los_Angeles
Bloomfield	US	America/New_York
Gampengrejo	ID	Asia/Jakarta
Hacienda La Calera	CL	America/Santiago
Luwero	UG	Africa/Kampala
Biaora	IN	Asia/Kolkata
Poprad	SK	Europe/Bratislava
Samaniego	CO	America/Bogota
Yamaga	JP	Asia/Tokyo
Kleve	DE	Europe/Berlin
Naugachhia	IN	Asia/Kolkata
Thị Trấn Ngải Giao	VN	Asia/Ho_Chi_Minh
Trstenik	RS	Europe/Belgrade
Skierniewice	PL	Europe/Warsaw
Port of Spain	TT	America/Port_of_Spain
Soloma	GT	America/Guatemala
Alto Molocue	MZ	Africa/Maputo
Iranduba	BR	America/Manaus
Kānūru	IN	Asia/Kolkata
Jiawang Zhen	CN	Asia/Shanghai
Sungai Siput	MY	Asia/Kuala_Lumpur
Pajok	SS	Africa/Juba
Nova Zabudova	UA	Europe/Kyiv
Pak Chong	TH	Asia/Bangkok
Rowland Heights	US	America/Los_Angeles
Verkhnyaya Salda	RU	Asia/Yekaterinburg
Covina	US	America/Los_Angeles
Kampen	NL	Europe/Amsterdam
Khān Shaykhūn	SY	Asia/Damascus
Valladolid	MX	America/Merida
Suwa	JP	Asia/Tokyo
Stillwater	US	America/Chicago
Sh'īarīah	SD	Africa/Khartoum
Eltham	GB	Europe/London
T’aebaek	KR	Asia/Seoul
Pejë	XK	Europe/Belgrade
Dehu Road	IN	Asia/Kolkata
Gatak	ID	Asia/Jakarta
Puryŏng-ŭp	KP	Asia/Pyongyang
Tanjung Balai	ID	Asia/Jakarta
Viedma	AR	America/Argentina/Salta
Impfondo	CG	Africa/Brazzaville
Santiago	BR	America/Sao_Paulo
Dollard-Des Ormeaux	CA	America/Toronto
Haiyang	CN	Asia/Shanghai
Osinniki	RU	Asia/Novokuznetsk
Valle Hermoso	MX	America/Monterrey
Niagara Falls	US	America/New_York
Novyy Turtkul’	UZ	Asia/Samarkand
Nsawam	GH	Africa/Accra
Singaparna	ID	Asia/Jakarta
Niah	MY	Asia/Kuching
Omitama	JP	Asia/Tokyo
São Gonçalo do Amarante	BR	America/Fortaleza
Collierville	US	America/Chicago
Brandon	CA	America/Winnipeg
Oxford Circle	US	America/New_York
Summerville	US	America/New_York
Chahārbāgh	IR	Asia/Tehran
South Bel Air	US	America/New_York
Chikugo	JP	Asia/Tokyo
Pipariā	IN	Asia/Kolkata
Ravensburg	DE	Europe/Berlin
South Benfleet	GB	Europe/London
Barpeta	IN	Asia/Kolkata
Cornwall	CA	America/Toronto
Královské Vinohrady	CZ	Europe/Prague
Aïn Fakroun	DZ	Africa/Algiers
Sheboygan	US	America/Chicago
Fujiyoshida	JP	Asia/Tokyo
Ena	JP	Asia/Tokyo
Jales	BR	America/Sao_Paulo
Kolokani	ML	Africa/Bamako
El‘ad	IL	Asia/Jerusalem
Middletown	US	America/New_York
Aspen Hill	US	America/New_York
El Empalme	EC	America/Guayaquil
Gupi	CN	Asia/Shanghai
San Pedro	MX	America/Monterrey
Al Muteena	AE	Asia/Dubai
Tucano	BR	America/Bahia
Takahama	JP	Asia/Tokyo
Dunwoody	US	America/New_York
Verrettes	HT	America/Port-au-Prince
Numancia	ES	Europe/Madrid
Xinhe	CN	Asia/Shanghai
Amboasary	MG	Indian/Antananarivo
Elmshorn	DE	Europe/Berlin
Scafati	IT	Europe/Rome
‘Afrīn	SY	Asia/Damascus
Megion	RU	Asia/Yekaterinburg
Talinding	GM	Africa/Banjul
San Juan de los Lagos	MX	America/Mexico_City
Garmsār	IR	Asia/Tehran
Weert	NL	Europe/Amsterdam
Tonami	JP	Asia/Tokyo
Zongo	CD	Africa/Kinshasa
Gooty	IN	Asia/Kolkata
Kyaikto	MM	Asia/Yangon
Banbury	GB	Europe/London
Tamlūk	IN	Asia/Kolkata
Consolacion	PH	Asia/Manila
Huntington	US	America/New_York
Karviná	CZ	Europe/Prague
Rivoli	IT	Europe/Rome
Martaban	MM	Asia/Yangon
Plato	CO	America/Bogota
Hitachi-ota	JP	Asia/Tokyo
Maricopa	US	America/Phoenix
Vengara	IN	Asia/Kolkata
Ningdong	CN	Asia/Shanghai
Xianfeng	CN	Asia/Shanghai
Izunokuni	JP	Asia/Tokyo
Ido-dong	KR	Asia/Seoul
Trollhättan	SE	Europe/Stockholm
Nushki	PK	Asia/Karachi
Nova Andradina	BR	America/Campo_Grande
Aquidauana	BR	America/Campo_Grande
São Joaquim da Barra	BR	America/Sao_Paulo
Kurayoshi	JP	Asia/Tokyo
Gyzylarbat	TM	Asia/Ashgabat
Bandar Sri Damansara	MY	Asia/Kuala_Lumpur
Ami	JP	Asia/Tokyo
Torzhok	RU	Europe/Moscow
Vigan	PH	Asia/Manila
Roswell	US	America/Denver
Cwmbran	GB	Europe/London
Inabanga	PH	Asia/Manila
Panchagarh	BD	Asia/Dhaka
Nyaung-U	MM	Asia/Yangon
Bornheim	DE	Europe/Berlin
Nomimachi	JP	Asia/Tokyo
Jaisingpur	IN	Asia/Kolkata
Cedar Hill	US	America/Chicago
Tororo	UG	Africa/Kampala
Norala	PH	Asia/Manila
Nangal	IN	Asia/Kolkata
East Brunswick	US	America/New_York
Gaoliu	CN	Asia/Shanghai
Kikugawa	JP	Asia/Tokyo
Jasdan	IN	Asia/Kolkata
Godda	IN	Asia/Kolkata
Al Badā’i‘ al Wusţá	SA	Asia/Riyadh
East Lansing	US	America/Detroit
Liutuan	CN	Asia/Shanghai
Kawkareik	MM	Asia/Yangon
Bikramganj	IN	Asia/Kolkata
Morār	IN	Asia/Kolkata
Tafí Viejo	AR	America/Argentina/Tucuman
Baião	BR	America/Belem
Gosen	JP	Asia/Tokyo
Sombor	RS	Europe/Belgrade
Sanmu	JP	Asia/Tokyo
Mahalapye	BW	Africa/Gaborone
Woerden	NL	Europe/Amsterdam
Jhajjar	IN	Asia/Kolkata
Pacajá	BR	America/Belem
Guemar	DZ	Africa/Algiers
Rāmnagar	IN	Asia/Kolkata
Cojutepeque	SV	America/El_Salvador
Slonim	BY	Europe/Minsk
Asadābād	AF	Asia/Kabul
Sittard	NL	Europe/Amsterdam
Tovar	VE	America/Caracas
Nihtaur	IN	Asia/Kolkata
Apopka	US	America/New_York
Al Qusais 1	AE	Asia/Dubai
Banyumas	ID	Asia/Jakarta
Da’an	CN	Asia/Shanghai
Kainan	JP	Asia/Tokyo
Baracoa	CU	America/Havana
Kokkola	FI	Europe/Helsinki
Molo	KE	Africa/Nairobi
Nihammatsu	JP	Asia/Tokyo
Etterbeek	BE	Europe/Brussels
Businga	CD	Africa/Kinshasa
Bangued	PH	Asia/Manila
Chenlou	CN	Asia/Shanghai
Maspeth	US	America/New_York
Kutno	PL	Europe/Warsaw
Kuybyshev	RU	Asia/Novosibirsk
Uttar Char Fasson	BD	Asia/Dhaka
Genet	ET	Africa/Addis_Ababa
Mao	DO	America/Santo_Domingo
Asunción Mita	GT	America/Guatemala
Araci	BR	America/Bahia
Pameungpeuk	ID	Asia/Jakarta
Mahnar Bazar	IN	Asia/Kolkata
Vite	IN	Asia/Kolkata
Dome	GH	Africa/Accra
Wheaton	US	America/New_York
Shtip	MK	Europe/Skopje
Kara-Balta	KG	Asia/Bishkek
Chong Nonsi	TH	Asia/Bangkok
Sosnovaya Polyana	RU	Europe/Moscow
Bondy	FR	Europe/Paris
Mishawaka	US	America/Indiana/Indianapolis
Berastagi	ID	Asia/Jakarta
Titao	BF	Africa/Ouagadougou
Banting	MY	Asia/Kuala_Lumpur
Qing’an	CN	Asia/Shanghai
Qillīn	EG	Africa/Cairo
Morden	GB	Europe/London
Boedo	AR	America/Argentina/Buenos_Aires
Bangkok Riverside	TH	Asia/Bangkok
Doropo	CI	Africa/Abidjan
Vsevolozhsk	RU	Europe/Moscow
Xánthi	GR	Europe/Athens
Saipan	MP	Pacific/Saipan
Bājil	YE	Asia/Aden
Kefamenanu	ID	Asia/Makassar
Ust’-Kut	RU	Asia/Irkutsk
Palpalá	AR	America/Argentina/Jujuy
Bayombong	PH	Asia/Manila
Shiyan	CN	Asia/Shanghai
Wakasugi	JP	Asia/Tokyo
Portage	US	America/Detroit
Mīt Salsīl	EG	Africa/Cairo
Fylí	GR	Europe/Athens
Buduran	ID	Asia/Jakarta
Catu	BR	America/Bahia
Alaşehir	TR	Europe/Istanbul
Dalu	CN	Asia/Shanghai
Leticia	CO	America/Bogota
Puerto Francisco de Orellana	EC	America/Guayaquil
Gumia	IN	Asia/Kolkata
Gabrovo	BG	Europe/Sofia
West Orange	US	America/New_York
Ōamishirasato	JP	Asia/Tokyo
Concepción	PY	America/Asuncion
McLean	US	America/New_York
Avellino	IT	Europe/Rome
Centenario	AR	America/Argentina/Salta
Kyaikkami	MM	Asia/Yangon
Tevragh Zeina	MR	Africa/Nouakchott
Qianliu	CN	Asia/Shanghai
Sonaguera	HN	America/Tegucigalpa
Palmira	VE	America/Caracas
San Lorenzo	IT	Europe/Rome
Le Blanc-Mesnil	FR	Europe/Paris
Weiji	CN	Asia/Shanghai
Wangfen	CN	Asia/Shanghai
Bābolsar	IR	Asia/Tehran
Anakaputhur	IN	Asia/Kolkata
Villejuif	FR	Europe/Paris
Soest	DE	Europe/Berlin
Bayburt	TR	Europe/Istanbul
Bocaiúva	BR	America/Sao_Paulo
Colonia del Sol	MX	America/Mazatlan
Santa Ana Chiautempan	MX	America/Mexico_City
Kanye	BW	Africa/Gaborone
Kibuye	RW	Africa/Kigali
Maracaju	BR	America/Campo_Grande
Parbatipur	BD	Asia/Dhaka
Jielong	CN	Asia/Shanghai
Paris 07 Palais-Bourbon	FR	Europe/Paris
Shināş	OM	Asia/Muscat
Iwakura	JP	Asia/Tokyo
Takua Pa	TH	Asia/Bangkok
Hennef (Sieg)	DE	Europe/Berlin
Santangpu	CN	Asia/Shanghai
Hadero	ET	Africa/Addis_Ababa
Tunduru	TZ	Africa/Dar_es_Salaam
Quimistán	HN	America/Tegucigalpa
Conceição do Araguaia	BR	America/Belem
Vagharshapat	AM	Asia/Yerevan
Newark	US	America/New_York
Īṭahari̇̄	NP	Asia/Kathmandu
Tānālūr	IN	Asia/Kolkata
Nanto-shi	JP	Asia/Tokyo
Nanto	JP	Asia/Tokyo
Iriba	TD	Africa/Ndjamena
Nkawkaw	GH	Africa/Accra
Phú Khương	VN	Asia/Ho_Chi_Minh
Nguékhokh	SN	Africa/Dakar
Ceres	US	America/Los_Angeles
Shuangfu	CN	Asia/Shanghai
El Carmen de Bolívar	CO	America/Bogota
Barras	BR	America/Fortaleza
Banyo	CM	Africa/Douala
Bhīnmāl	IN	Asia/Kolkata
Sadasivpet	IN	Asia/Kolkata
Kazanlak	BG	Europe/Sofia
Takeo	JP	Asia/Tokyo
Tomioka	JP	Asia/Tokyo
Rastatt	DE	Europe/Berlin
Damxung	CN	Asia/Shanghai
Long Eaton	GB	Europe/London
Bakhtiarpur	IN	Asia/Kolkata
Alexandria	US	America/Chicago
Baizi	CN	Asia/Shanghai
Mladá Boleslav	CZ	Europe/Prague
Chesterfield	US	America/Chicago
Moyale	KE	Africa/Nairobi
Jalandhar Cantonment	IN	Asia/Kolkata
Cornélio Procópio	BR	America/Sao_Paulo
Athani	IN	Asia/Kolkata
Ratnapura	LK	Asia/Colombo
Tierra Blanca	MX	America/Mexico_City
Aībak	AF	Asia/Kabul
Barnstable	US	America/New_York
Warud	IN	Asia/Kolkata
Erkrath	DE	Europe/Berlin
Wānkāner	IN	Asia/Kolkata
Salina	US	America/Chicago
Lawrence	US	America/Indiana/Indianapolis
Yuexi	CN	Asia/Shanghai
Werota	ET	Africa/Addis_Ababa
Ol Kalou	KE	Africa/Nairobi
Inverness	GB	Europe/London
Durham	GB	Europe/London
Bruchsal	DE	Europe/Berlin
Krosno	PL	Europe/Warsaw
Monte Santo	BR	America/Bahia
Luwuk	ID	Asia/Makassar
Lecherías	VE	America/Caracas
Churāchāndpur	IN	Asia/Kolkata
Shima	JP	Asia/Tokyo
Narathiwat	TH	Asia/Bangkok
Nichelino	IT	Europe/Rome
Diamniadio	SN	Africa/Dakar
Donggang	TW	Asia/Taipei
Sungai Raya	ID	Asia/Pontianak
Saonré	BF	Africa/Ouagadougou
Bilhorod-Dnistrovskyi	UA	Europe/Kyiv
Sufālat Samā’il	OM	Asia/Muscat
Tremembé	BR	America/Sao_Paulo
Bel Air South	US	America/New_York
Dūngarpur	IN	Asia/Kolkata
Paoua	CF	Africa/Bangui
Diamantina	BR	America/Sao_Paulo
Chhaya	IN	Asia/Kolkata
Pearl City	US	Pacific/Honolulu
Weißensee	DE	Europe/Berlin
Monte Carmelo	BR	America/Sao_Paulo
Higashine	JP	Asia/Tokyo
Kurganinsk	RU	Europe/Moscow
Hørsholm	DK	Europe/Copenhagen
Raduzhny	RU	Asia/Yekaterinburg
Euclid	US	America/New_York
Greve	DK	Europe/Copenhagen
Bireun	ID	Asia/Jakarta
Dumka	IN	Asia/Kolkata
Queimadas	BR	America/Fortaleza
Cuijiaji	CN	Asia/Shanghai
Merouana	DZ	Africa/Algiers
São Benedito	BR	America/Fortaleza
Ishigaki	JP	Asia/Tokyo
Roseville	US	America/Detroit
Jieshi	CN	Asia/Shanghai
Balung	ID	Asia/Jakarta
San Lorenzo	AR	America/Argentina/Cordoba
Singen	DE	Europe/Berlin
Texas City	US	America/Chicago
Ouidah	BJ	Africa/Porto-Novo
Wauwatosa	US	America/Chicago
Ono	JP	Asia/Tokyo
Mtsensk	RU	Europe/Moscow
Gādarwāra	IN	Asia/Kolkata
Kibre Mengist	ET	Africa/Addis_Ababa
Yumbe	UG	Africa/Kampala
Sidi Bouzid	TN	Africa/Tunis
Waiau-Pacific Palisades	US	Pacific/Honolulu
Āzādshahr	IR	Asia/Tehran
Badulla	LK	Asia/Colombo
Yavné	IL	Asia/Jerusalem
Bedong	MY	Asia/Kuala_Lumpur
Grasse	FR	Europe/Paris
Centenario	PE	America/Lima
Heerhugowaard	NL	Europe/Amsterdam
Aného	TG	Africa/Lome
Suluova	TR	Europe/Istanbul
Pithorāgarh	IN	Asia/Kolkata
Damoujia	CN	Asia/Shanghai
Vermont Square	US	America/Los_Angeles
Ballia	IN	Asia/Kolkata
Bihtā	IN	Asia/Kolkata
Colomba	GT	America/Guatemala
Civitavecchia	IT	Europe/Rome
Belaya Kalitva	RU	Europe/Moscow
Florin	US	America/Los_Angeles
Atraulī	IN	Asia/Kolkata
Jerada	MA	Africa/Casablanca
Rūdsar	IR	Asia/Tehran
Stuttgart-Ost	DE	Europe/Berlin
Shakiso	ET	Africa/Addis_Ababa
Injibara	ET	Africa/Addis_Ababa
Walajapet	IN	Asia/Kolkata
Dülmen	DE	Europe/Berlin
Alajuela	CR	America/Costa_Rica
Masbate	PH	Asia/Manila
Aznā	IR	Asia/Tehran
Settimo Torinese	IT	Europe/Rome
Aznā	IR	Asia/Tehran
Poso	ID	Asia/Makassar
Koraput	IN	Asia/Kolkata
Twin Falls	US	America/Boise
Yŏch’im-dong	KP	Asia/Pyongyang
Shelekhov	RU	Asia/Irkutsk
Umarkhed	IN	Asia/Kolkata
Altos	BR	America/Fortaleza
San Pedro	AR	America/Argentina/Buenos_Aires
Glenview	US	America/Chicago
Montana	BG	Europe/Sofia
Mairinque	BR	America/Sao_Paulo
Frankenthal	DE	Europe/Berlin
Vista Alegre	ES	Europe/Madrid
Ucu Seles	AO	Africa/Luanda
Northwich	GB	Europe/London
Gudalur	IN	Asia/Kolkata
Aïn Sefra	DZ	Africa/Algiers
Gryazi	RU	Europe/Moscow
Al Hasaheisa	SD	Africa/Khartoum
East Providence	US	America/New_York
Upper Hutt	NZ	Pacific/Auckland
Santana do Ipanema	BR	America/Maceio
Upper Bicutan	PH	Asia/Manila
Osório	BR	America/Sao_Paulo
Kunnamangalam	IN	Asia/Kolkata
Herzogenrath	DE	Europe/Berlin
Cutral-Có	AR	America/Argentina/Salta
Valasaravakkam	IN	Asia/Kolkata
Palm Springs	US	America/Los_Angeles
São Francisco de Itabapoana	BR	America/Sao_Paulo
Dębica	PL	Europe/Warsaw
Atalaia	BR	America/Maceio
Şebin Karahisar	TR	Europe/Istanbul
Perth	GB	Europe/London
Nagykanizsa	HU	Europe/Budapest
Cono Norte	PE	America/Lima
Lota	CL	America/Santiago
San Luis Obispo	US	America/Los_Angeles
Sevran	FR	Europe/Paris
Kifisiá	GR	Europe/Athens
Shunhe	CN	Asia/Shanghai
Jodhpur	IN	Asia/Kolkata
Alangad	IN	Asia/Kolkata
Alengād	IN	Asia/Kolkata
Candaba	PH	Asia/Manila
Sri Aman	MY	Asia/Kuching
Ouenza	DZ	Africa/Algiers
Matsulu	ZA	Africa/Johannesburg
Rijswijk	NL	Europe/Amsterdam
Pran Buri	TH	Asia/Bangkok
Shchuchinsk	KZ	Asia/Almaty
Chabahar	IR	Asia/Tehran
São José de Mipibu	BR	America/Fortaleza
Ursus	PL	Europe/Warsaw
Gongqingcheng	CN	Asia/Shanghai
Nysa	PL	Europe/Warsaw
Hekou	CN	Asia/Shanghai
Watsa	CD	Africa/Lubumbashi
Castres	FR	Europe/Paris
Starogard Gdański	PL	Europe/Warsaw
Mozhga	RU	Europe/Samara
Punalūr	IN	Asia/Kolkata
Chalon-sur-Saône	FR	Europe/Paris
Ar Rumaythah	IQ	Asia/Baghdad
Lokossa	BJ	Africa/Porto-Novo
Ramat HaSharon	IL	Asia/Jerusalem
Vikramasingapuram	IN	Asia/Kolkata
Mission District	US	America/Los_Angeles
Bria	CF	Africa/Bangui
Tire	TR	Europe/Istanbul
Okhtyrka	UA	Europe/Kyiv
Hanwang	CN	Asia/Shanghai
Diaoyucheng	CN	Asia/Shanghai
Rwamagana	RW	Africa/Kigali
West End	CA	America/Vancouver
Degeh Bur	ET	Africa/Addis_Ababa
Sawara	JP	Asia/Tokyo
Kafr al Baţţīkh	EG	Africa/Cairo
Marseille 04	FR	Europe/Paris
Abu Jibeha	SD	Africa/Khartoum
Vattiyūrkāvu	IN	Asia/Kolkata
Padrauna	IN	Asia/Kolkata
Marine Parade	SG	Asia/Singapore
Karanganom	ID	Asia/Jakarta
Ambāh	IN	Asia/Kolkata
Nga Sơn	VN	Asia/Bangkok
Florida	CO	America/Bogota
Changsha	CN	Asia/Shanghai
Jovellanos	CU	America/Havana
Dzerzhinsky	RU	Europe/Moscow
Lancaster	GB	Europe/London
Santa Ana	PH	Asia/Manila
Umeki	JP	Asia/Tokyo
Jatoi Shimali	PK	Asia/Karachi
Viterbo	IT	Europe/Rome
Mata de São João	BR	America/Bahia
Komalapuram	IN	Asia/Kolkata
Kongtan	CN	Asia/Shanghai
Sidrolândia	BR	America/Campo_Grande
Mandeville	JM	America/Jamaica
Affery	CI	Africa/Abidjan
Country Club	US	America/New_York
Battipaglia	IT	Europe/Rome
Hedensted	DK	Europe/Copenhagen
Barberena	GT	America/Guatemala
Gwynn Oak	US	America/New_York
Tsiroanomandidy	MG	Indian/Antananarivo
Rho	IT	Europe/Rome
Jawhar	SO	Africa/Mogadishu
Şowme‘eh Sarā	IR	Asia/Tehran
Pyapon	MM	Asia/Yangon
Mattanur	IN	Asia/Kolkata
Nawá	SY	Asia/Damascus
San Marcos	GT	America/Guatemala
Thị Trấn Đầm Hà	VN	Asia/Bangkok
Arras	FR	Europe/Paris
Sant Gervasi - Galvany	ES	Europe/Madrid
Sanremo	IT	Europe/Rome
Harpanahalli	IN	Asia/Kolkata
Kulu	TR	Europe/Istanbul
Bolobo	CD	Africa/Kinshasa
Aga	EG	Africa/Cairo
Boulogne-sur-Mer	FR	Europe/Paris
Cabreúva	BR	America/Sao_Paulo
Kendrāparha	IN	Asia/Kolkata
Shido	JP	Asia/Tokyo
Lörrach	DE	Europe/Berlin
Sipe Sipe	BO	America/La_Paz
Tipton	GB	Europe/London
Beryozovsky	RU	Asia/Yekaterinburg
El Hamma	TN	Africa/Tunis
Kyela	TZ	Africa/Dar_es_Salaam
Winnetka	US	America/Los_Angeles
Ilaro	NG	Africa/Lagos
Inashiki	JP	Asia/Tokyo
Zaafarana	EG	Africa/Cairo
Amursk	RU	Asia/Vladivostok
Santurtzi	ES	Europe/Madrid
Takashima	JP	Asia/Tokyo
Tlapa de Comonfort	MX	America/Mexico_City
Tighri	IN	Asia/Kolkata
Tizimín	MX	America/Merida
Kilmarnock	GB	Europe/London
Khemis el Khechna	DZ	Africa/Algiers
At Tall al Kabīr	EG	Africa/Cairo
Pallikal	IN	Asia/Kolkata
Madison	US	America/Chicago
Jeffersonville	US	America/Kentucky/Louisville
Vitina	XK	Europe/Belgrade
Chioggia	IT	Europe/Rome
San Jacinto	US	America/Los_Angeles
Albstadt	DE	Europe/Berlin
Chelles	FR	Europe/Paris
Blacktown	AU	Australia/Sydney
Järvenpää	FI	Europe/Helsinki
Sunlou	CN	Asia/Shanghai
Cagnes-sur-Mer	FR	Europe/Paris
Selu	IN	Asia/Kolkata
Numata	JP	Asia/Tokyo
Qabqa	CN	Asia/Shanghai
Kotli	PK	Asia/Karachi
Mentor	US	America/New_York
Agrínio	GR	Europe/Athens
Saint-Herblain	FR	Europe/Paris
Campo Maior	BR	America/Fortaleza
Hokuto	JP	Asia/Tokyo
Lábrea	BR	America/Manaus
Medak	IN	Asia/Kolkata
Poções	BR	America/Bahia
Vila Leopoldina	BR	America/Sao_Paulo
Kyustendil	BG	Europe/Sofia
Manakara	MG	Indian/Antananarivo
Charleston	US	America/New_York
Al Jubayhah	JO	Asia/Amman
Mansfield	US	America/New_York
Patancheru	IN	Asia/Kolkata
Wejherowo	PL	Europe/Warsaw
Nova Mutum	BR	America/Cuiaba
Hattiesburg	US	America/Chicago
João Pinheiro	BR	America/Sao_Paulo
Debark’	ET	Africa/Addis_Ababa
Singkil	ID	Asia/Jakarta
Parella	IT	Europe/Rome
Nanpeng	CN	Asia/Shanghai
Livny	RU	Europe/Moscow
Chhatarpur	IN	Asia/Kolkata
Draper	US	America/Denver
Dondaicha	IN	Asia/Kolkata
Jāmner	IN	Asia/Kolkata
Yuqunweng	CN	Asia/Urumqi
Middletown	US	America/New_York
Nakama	JP	Asia/Tokyo
Oberursel	DE	Europe/Berlin
Stepnogorsk	KZ	Asia/Almaty
Chefchaouen	MA	Africa/Casablanca
São Domingos de Rana	PT	Europe/Lisbon
Wylie	US	America/Chicago
São Mateus do Sul	BR	America/Sao_Paulo
Burla	IN	Asia/Kolkata
Shaji	CN	Asia/Shanghai
Porur	IN	Asia/Kolkata
Columbus	US	America/Indiana/Indianapolis
Kuils River	ZA	Africa/Johannesburg
Nantong	CN	Asia/Shanghai
Nellikkuppam	IN	Asia/Kolkata
Surin	TH	Asia/Bangkok
Nankoku	JP	Asia/Tokyo
Padra	IN	Asia/Kolkata
Mrirt	MA	Africa/Casablanca
Kawardha	IN	Asia/Kolkata
Muara Teweh	ID	Asia/Pontianak
Gulāothi	IN	Asia/Kolkata
Joda	IN	Asia/Kolkata
Laguna	US	America/Los_Angeles
Garoua Boulaï	CM	Africa/Douala
Gotha	DE	Europe/Berlin
Smyrna	US	America/Chicago
Lambaréné	GA	Africa/Libreville
Phetchaburi	TH	Asia/Bangkok
Hejing	CN	Asia/Urumqi
Figueira da Foz	PT	Europe/Lisbon
Kurchatov	RU	Europe/Moscow
Charlottesville	US	America/New_York
Panauti	NP	Asia/Kathmandu
Mohale's Hoek	LS	Africa/Maseru
Langford	CA	America/Vancouver
Maku	IR	Asia/Tehran
Makū	IR	Asia/Tehran
Lecco	IT	Europe/Rome
Medianeira	BR	America/Sao_Paulo
Tômbua	AO	Africa/Luanda
Erdemli	TR	Europe/Istanbul
Bassila	BJ	Africa/Porto-Novo
Chomutov	CZ	Europe/Prague
Guajará Mirim	BR	America/Porto_Velho
Seohāra	IN	Asia/Kolkata
Lukula	CD	Africa/Lubumbashi
Warora	IN	Asia/Kolkata
Douai	FR	Europe/Paris
Lucaya	BS	America/Nassau
Collegno	IT	Europe/Rome
Twante	MM	Asia/Yangon
Dori	BF	Africa/Ouagadougou
Sena Madureira	BR	America/Rio_Branco
Corato	IT	Europe/Rome
Chebarkul’	RU	Asia/Yekaterinburg
Dumfries	GB	Europe/London
Sarakhs	IR	Asia/Tehran
Rouge	CA	America/Toronto
Blainville	CA	America/Toronto
Middelburg	NL	Europe/Amsterdam
Augusto Corrêa	BR	America/Belem
Tây Mỗ	VN	Asia/Bangkok
Mānvi	IN	Asia/Kolkata
Sanjiao	CN	Asia/Shanghai
Santa Cruz do Rio Pardo	BR	America/Sao_Paulo
Chacabuco	AR	America/Argentina/Buenos_Aires
Ciechanów	PL	Europe/Warsaw
Melle	DE	Europe/Berlin
Kipamba	CD	Africa/Lubumbashi
Kurseong	IN	Asia/Kolkata
Barri de les Corts	ES	Europe/Madrid
Sardasht	IR	Asia/Tehran
Emmeloord	NL	Europe/Amsterdam
Lacey	US	America/Los_Angeles
Sankeshu	CN	Asia/Shanghai
Quva	UZ	Asia/Tashkent
Manglaur	IN	Asia/Kolkata
Noboribetsu	JP	Asia/Tokyo
Makakilo / Kapolei / Honokai Hale	US	Pacific/Honolulu
Figueres	ES	Europe/Madrid
Shime	JP	Asia/Tokyo
Děčín	CZ	Europe/Prague
Staaken	DE	Europe/Berlin
Littleton	US	America/Denver
Nilambūr	IN	Asia/Kolkata
Bünde	DE	Europe/Berlin
Esplugues de Llobregat	ES	Europe/Madrid
Mangshi	CN	Asia/Shanghai
Alsdorf	DE	Europe/Berlin
Nadym	RU	Asia/Yekaterinburg
Capão Bonito	BR	America/Sao_Paulo
Chum Phae	TH	Asia/Bangkok
Lumiar	PT	Europe/Lisbon
Staryy Malgobek	RU	Europe/Moscow
Ganj Dundwāra	IN	Asia/Kolkata
Victoria-Downtown	CA	America/Vancouver
Boca Chica	DO	America/Santo_Domingo
Barranca	PE	America/Lima
Böblingen	DE	Europe/Berlin
Banstead	GB	Europe/London
Nānpāra	IN	Asia/Kolkata
Beavercreek	US	America/New_York
Langenhorn	DE	Europe/Berlin
Komoro	JP	Asia/Tokyo
Kitakata	JP	Asia/Tokyo
Douéra	DZ	Africa/Algiers
Biantang	CN	Asia/Shanghai
Ayr	GB	Europe/London
Karmi’el	IL	Asia/Jerusalem
Curup	ID	Asia/Jakarta
Kibungo	RW	Africa/Kigali
Sadao	TH	Asia/Bangkok
Paderno Dugnano	IT	Europe/Rome
Puerto Tejada	CO	America/Bogota
Jablonec nad Nisou	CZ	Europe/Prague
Khordha	IN	Asia/Kolkata
Embajadores	ES	Europe/Madrid
Bom Conselho	BR	America/Recife
São Lourenço	BR	America/Sao_Paulo
Batu Gajah	MY	Asia/Kuala_Lumpur
Noveleta	PH	Asia/Manila
Atarra	IN	Asia/Kolkata
Valby	DK	Europe/Copenhagen
Baitao	CN	Asia/Shanghai
San Gil	CO	America/Bogota
Timbaúba	BR	America/Recife
Épinay-sur-Seine	FR	Europe/Paris
Kannapolis	US	America/New_York
Mislata	ES	Europe/Madrid
Neath	GB	Europe/London
Rheda-Wiedenbrück	DE	Europe/Berlin
Limache	CL	America/Santiago
União	BR	America/Fortaleza
Pechora	RU	Europe/Moscow
Casimiro de Abreu	BR	America/Sao_Paulo
Himora	ER	Africa/Asmara
Timbó	BR	America/Sao_Paulo
Myrnohrad	UA	Europe/Kyiv
Shijiao	CN	Asia/Shanghai
King's Lynn	GB	Europe/London
Jacobo Hunter	PE	America/Lima
Penco	CL	America/Santiago
Agogo	GH	Africa/Accra
Borgerhout	BE	Europe/Brussels
Hokuto	JP	Asia/Tokyo
Staré Mesto	SK	Europe/Bratislava
Barbigha	IN	Asia/Kolkata
Winchester	GB	Europe/London
Pogradec	AL	Europe/Tirane
Merta	IN	Asia/Kolkata
Jammalamadugu	IN	Asia/Kolkata
Asamankese	GH	Africa/Accra
Banī ‘Ubayd	EG	Africa/Cairo
Garhwa	IN	Asia/Kolkata
Antigua Guatemala	GT	America/Guatemala
At Tāj	LY	Africa/Tripoli
Everett	US	America/New_York
Binghamton	US	America/New_York
Paternò	IT	Europe/Rome
Nawanshahr	IN	Asia/Kolkata
Zürich (Kreis 3)	CH	Europe/Zurich
Rānāvāv	IN	Asia/Kolkata
Stavroúpoli	GR	Europe/Athens
Balfour	ZA	Africa/Johannesburg
Dehlorān	IR	Asia/Tehran
Burē	ET	Africa/Addis_Ababa
Damaturu	NG	Africa/Lagos
Safonovo	RU	Europe/Moscow
Berezniaky	UA	Europe/Kyiv
Gavà	ES	Europe/Madrid
Mei Foo	HK	Asia/Hong_Kong
Vredenburg	ZA	Africa/Johannesburg
Bānka	IN	Asia/Kolkata
Brighton	US	America/New_York
Koumbia	GN	Africa/Conakry
Rasskazovo	RU	Europe/Moscow
Elmhurst	US	America/Chicago
La Lima	HN	America/Tegucigalpa
Hokota	JP	Asia/Tokyo
Thoubāl	IN	Asia/Kolkata
El Milia	DZ	Africa/Algiers
Ranyah	SA	Asia/Riyadh
Kamen	DE	Europe/Berlin
Mkushi	ZM	Africa/Lusaka
Gohlis	DE	Europe/Berlin
Vincennes	FR	Europe/Paris
Mahmudābād	IN	Asia/Kolkata
Kol’chugino	RU	Europe/Moscow
Paotana Hat	BD	Asia/Dhaka
Tinghir	MA	Africa/Casablanca
Joal	SN	Africa/Dakar
Kebri Dahar	ET	Africa/Addis_Ababa
Mairena del Aljarafe	ES	Europe/Madrid
Izyum	UA	Europe/Kyiv
Hell's Kitchen	US	America/New_York
Paranhos	PT	Europe/Lisbon
Wankyi	GH	Africa/Accra
Şafwá	SA	Asia/Riyadh
Vercelli	IT	Europe/Rome
San Benedetto del Tronto	IT	Europe/Rome
Burj al ‘Arab al Jadīdah	EG	Africa/Cairo
Milavittan	IN	Asia/Kolkata
Uozu	JP	Asia/Tokyo
Igarapé	BR	America/Sao_Paulo
Dracena	BR	America/Sao_Paulo
Chefushan	CN	Asia/Shanghai
Roquette	FR	Europe/Paris
Auburn Gresham	US	America/Chicago
Pakur	IN	Asia/Kolkata
Cherthala	IN	Asia/Kolkata
Portugalete	ES	Europe/Madrid
Aribinda	BF	Africa/Ouagadougou
As Sanţah	EG	Africa/Cairo
Santa Bárbara	VE	America/Caracas
Guaramirim	BR	America/Sao_Paulo
Casalnuovo di Napoli	IT	Europe/Rome
Mustafabad	PK	Asia/Karachi
Al ‘Ayyāţ	EG	Africa/Cairo
Coyhaique	CL	America/Coyhaique
Bugo	PH	Asia/Manila
Cologno Monzese	IT	Europe/Rome
Ambalavao	MG	Indian/Antananarivo
City of Sammamish	US	America/Los_Angeles
Marromeu	MZ	Africa/Maputo
Masi-Manimba	CD	Africa/Kinshasa
Pontes e Lacerda	BR	America/Cuiaba
Antelope	US	America/Los_Angeles
Nāyudupet	IN	Asia/Kolkata
Bauta	CU	America/Havana
Keller	US	America/Chicago
Faji Kunda	GM	Africa/Banjul
Martigues	FR	Europe/Paris
Caranavi	BO	America/La_Paz
Campo Verde	BR	America/Cuiaba
Kamra	PK	Asia/Karachi
Bani Walid	LY	Africa/Tripoli
Pottuvil	LK	Asia/Colombo
La Goulette	TN	Africa/Tunis
Nova Darnytsya	UA	Europe/Kyiv
Shuanggou	CN	Asia/Shanghai
Zwijndrecht	NL	Europe/Amsterdam
Vahdat	TJ	Asia/Dushanbe
Lohja	FI	Europe/Helsinki
El Aïoun	MA	Africa/Casablanca
Farrukhnagar	IN	Asia/Kolkata
Dendermonde	BE	Europe/Brussels
Volkhov	RU	Europe/Moscow
el Raval	ES	Europe/Madrid
Burhānuddin	BD	Asia/Dhaka
Chak Thirty-one -Eleven Left	PK	Asia/Karachi
Obukhovo	RU	Europe/Moscow
Puttalam	LK	Asia/Colombo
Çumra	TR	Europe/Istanbul
Sesto Fiorentino	IT	Europe/Rome
Kafranbel	SY	Asia/Damascus
Chaïdári	GR	Europe/Athens
Rāmpura	IN	Asia/Kolkata
Biloxi	US	America/Chicago
Hansestadt Stade	DE	Europe/Berlin
Porangatu	BR	America/Sao_Paulo
Kālīganj	BD	Asia/Dhaka
Komotiní	GR	Europe/Athens
Tindouf	DZ	Africa/Algiers
Pilar	ES	Europe/Madrid
Waalwijk	NL	Europe/Amsterdam
Nocera Inferiore	IT	Europe/Rome
São Bento	BR	America/Fortaleza
Chirakkal	IN	Asia/Kolkata
Syrets	UA	Europe/Kyiv
Bugembe	UG	Africa/Kampala
Middleton	GB	Europe/London
Apex	US	America/New_York
Argungu	NG	Africa/Lagos
Havant	GB	Europe/London
Kirkby	GB	Europe/London
Mauriti	BR	America/Fortaleza
Aş Şalāḩāt	EG	Africa/Cairo
Al ‘Ayn as Sukhnah	EG	Africa/Cairo
Ain Sukhna	EG	Africa/Cairo
West Lafayette	US	America/Indiana/Indianapolis
Dohār	BD	Asia/Dhaka
Misterbianco	IT	Europe/Rome
Filadelfia	IT	Europe/Rome
Dara	SN	Africa/Dakar
Gudong	CN	Asia/Shanghai
Carshalton	GB	Europe/London
Afif	SA	Asia/Riyadh
Aru	CD	Africa/Lubumbashi
Rovenky	UA	Europe/Kyiv
Chirkunda	IN	Asia/Kolkata
Neyrīz	IR	Asia/Tehran
Karlovy Vary	CZ	Europe/Prague
Yefremov	RU	Europe/Moscow
Coonoor	IN	Asia/Kolkata
Pingli	CN	Asia/Shanghai
Minamiawaji	JP	Asia/Tokyo
Canela	BR	America/Sao_Paulo
West Vancouver	CA	America/Vancouver
Mumias	KE	Africa/Nairobi
Contumo	GW	Africa/Bissau
Sarpol-e Z̄ahāb	IR	Asia/Tehran
Pāndhurnā	IN	Asia/Kolkata
Santo Domingo	CU	America/Havana
Kireçocağı	TR	Europe/Istanbul
Shertallai	IN	Asia/Kolkata
San Giorgio a Cremano	IT	Europe/Rome
Zouzhuang	CN	Asia/Shanghai
Kodur	IN	Asia/Kolkata
Bāfq	IR	Asia/Tehran
Luebo	CD	Africa/Lubumbashi
Vélingara	SN	Africa/Dakar
Cutler Bay	US	America/New_York
Marseille 03	FR	Europe/Paris
Centar Župa	MK	Europe/Skopje
Dangjiang	CN	Asia/Shanghai
Anzio	IT	Europe/Rome
Katete	ZM	Africa/Lusaka
Kasangulu	CD	Africa/Kinshasa
Ping Shan	HK	Asia/Hong_Kong
Titusville	US	America/New_York
Tangba	CN	Asia/Shanghai
Mbulu	TZ	Africa/Dar_es_Salaam
Autlán de Navarro	MX	America/Mexico_City
Liberia	CR	America/Costa_Rica
Sololá	GT	America/Guatemala
Giddarbāha	IN	Asia/Kolkata
Barra Velha	BR	America/Sao_Paulo
Nurmijärvi	FI	Europe/Helsinki
Meddappakkam	IN	Asia/Kolkata
Santiago de Veraguas	PA	America/Panama
Altoona	US	America/New_York
Nandikotkūr	IN	Asia/Kolkata
Bourg-en-Bresse	FR	Europe/Paris
Boston	GB	Europe/London
Newark	US	America/Los_Angeles
Kanevskaya	RU	Europe/Moscow
Masagua	GT	America/Guatemala
Obala	CM	Africa/Douala
Khalīlābād	IN	Asia/Kolkata
Mangbwalu	CD	Africa/Lubumbashi
Soccavo	IT	Europe/Rome
Mocímboa da Praia	MZ	Africa/Maputo
Achaguas	VE	America/Caracas
Chittaranjan	IN	Asia/Kolkata
Hashtpar	IR	Asia/Tehran
Oro Valley	US	America/Phoenix
Sedrata	DZ	Africa/Algiers
Salcedo	DO	America/Santo_Domingo
Meiderich	DE	Europe/Berlin
Goianira	BR	America/Sao_Paulo
Chiquinquirá	CO	America/Bogota
Obita	JP	Asia/Tokyo
Mafeteng	LS	Africa/Maseru
Gaoua	BF	Africa/Ouagadougou
Jardinópolis	BR	America/Sao_Paulo
Pāthardih	IN	Asia/Kolkata
Vlissingen	NL	Europe/Amsterdam
Nongzhang	CN	Asia/Shanghai
Spassk-Dal’niy	RU	Asia/Vladivostok
Chāmpa	IN	Asia/Kolkata
Wismar	DE	Europe/Berlin
Saint Louis Park	US	America/Chicago
Mehkar	IN	Asia/Kolkata
Jaraguá	BR	America/Sao_Paulo
Mangaratiba	BR	America/Sao_Paulo
Moatize	MZ	Africa/Maputo
Enfield	US	America/New_York
Cordovil	BR	America/Sao_Paulo
Shebekino	RU	Europe/Moscow
San Isidro	AR	America/Argentina/Buenos_Aires
Ridderkerk	NL	Europe/Amsterdam
Chernyakhovsk	RU	Europe/Kaliningrad
Drachten	NL	Europe/Amsterdam
Gladstone	AU	Australia/Brisbane
Beveren	BE	Europe/Brussels
Vinzons	PH	Asia/Manila
Antequera	ES	Europe/Madrid
Cambuci	BR	America/Sao_Paulo
Dhanpuri	IN	Asia/Kolkata
Presidente Dutra	BR	America/Fortaleza
Lundazi	ZM	Africa/Lusaka
Sidi Amar	DZ	Africa/Algiers
Mamanguape	BR	America/Fortaleza
Takikawa	JP	Asia/Tokyo
Fouchana	TN	Africa/Tunis
Castleford	GB	Europe/London
Akçaabat	TR	Europe/Istanbul
San Diego	ES	Europe/Madrid
Dublin	US	America/New_York
Xinguara	BR	America/Belem
Chiapa de Corzo	MX	America/Mexico_City
Soliman	TN	Africa/Tunis
Bangi	MY	Asia/Kuala_Lumpur
Maroantsetra	MG	Indian/Antananarivo
Sundergarh	IN	Asia/Kolkata
Bắc Kạn	VN	Asia/Bangkok
Sarāb	IR	Asia/Tehran
Soest	NL	Europe/Amsterdam
Slavonski Brod	HR	Europe/Zagreb
Lapa	BR	America/Sao_Paulo
Masuda	JP	Asia/Tokyo
Monte Rosello	IT	Europe/Rome
Devinuwara	LK	Asia/Colombo
Myawaddy	MM	Asia/Yangon
Taman Permas Jaya	MY	Asia/Kuala_Lumpur
Elmina	MY	Asia/Kuala_Lumpur
Kanganpur	PK	Asia/Karachi
Paşcani	RO	Europe/Bucharest
Jedeïda	TN	Africa/Tunis
Ikwiriri	TZ	Africa/Dar_es_Salaam
Igunga	TZ	Africa/Dar_es_Salaam
Diobahika	TZ	Africa/Dar_es_Salaam
Mwandege	TZ	Africa/Dar_es_Salaam
Pivnichna Saltivka	UA	Europe/Kyiv
Dīg	IN	Asia/Kolkata
Hekou	CN	Asia/Shanghai
Tuckahoe	US	America/New_York
Koysinceq	IQ	Asia/Baghdad
Marhanets	UA	Europe/Kyiv
Sariaya	PH	Asia/Manila
Roermond	NL	Europe/Amsterdam
Inabe	JP	Asia/Tokyo
Potomac	US	America/New_York
Kampung Perak	MY	Asia/Kuala_Lumpur
Bobigny	FR	Europe/Paris
Cleveland Heights	US	America/New_York
Montluçon	FR	Europe/Paris
Sykiés	GR	Europe/Athens
Yanguan	CN	Asia/Shanghai
Scandicci	IT	Europe/Rome
Homa Bay	KE	Africa/Nairobi
Râs el Oued	DZ	Africa/Algiers
Dededo Village	GU	Pacific/Guam
Āstāneh-ye Ashrafīyeh	IR	Asia/Tehran
Afula	IL	Asia/Jerusalem
Parang	PH	Asia/Manila
Altay	KZ	Asia/Almaty
Candi Prambanan	ID	Asia/Jakarta
Sayreville	US	America/New_York
Shangyun	CN	Asia/Shanghai
Currais Novos	BR	America/Fortaleza
Kafr al Kurdī	EG	Africa/Cairo
Catford	GB	Europe/London
Port Loko	SL	Africa/Freetown
Vallenar	CL	America/Santiago
Kimje	KR	Asia/Seoul
Āz̄arshahr	IR	Asia/Tehran
Aliağa	TR	Europe/Istanbul
Zürich (Kreis 9)	CH	Europe/Zurich
Orani	PH	Asia/Manila
Dois Vizinhos	BR	America/Sao_Paulo
Tumsar	IN	Asia/Kolkata
Pasaje	EC	America/Guayaquil
Marau	BR	America/Sao_Paulo
Angol	CL	America/Santiago
Rameswaram	IN	Asia/Kolkata
Ras Gharib	EG	Africa/Cairo
Canlaon	PH	Asia/Manila
Bangarapet	IN	Asia/Kolkata
Aubagne	FR	Europe/Paris
Shinden	JP	Asia/Tokyo
Pardés H̱anna Karkur	IL	Asia/Jerusalem
Choibalsan	MN	Asia/Ulaanbaatar
Hackensack	US	America/New_York
Jamundí	CO	America/Bogota
Pederneiras	BR	America/Sao_Paulo
Dráma	GR	Europe/Athens
Tānda	IN	Asia/Kolkata
Valenciennes	FR	Europe/Paris
Wiener Neustadt	AT	Europe/Vienna
Aksu	KZ	Asia/Almaty
Santana do Paraíso	BR	America/Sao_Paulo
Damyang	KR	Asia/Seoul
Maragogipe	BR	America/Bahia
Vomero	IT	Europe/Rome
Rumia	PL	Europe/Warsaw
Vishāram	IN	Asia/Kolkata
Strezhevoy	RU	Asia/Tomsk
Thiruthani	IN	Asia/Kolkata
Sentani	ID	Asia/Jayapura
Tiberias	IL	Asia/Jerusalem
Salinópolis	BR	America/Belem
Pine Bluff	US	America/Chicago
Dahuangshan	CN	Asia/Shanghai
Digras	IN	Asia/Kolkata
San Buenaventura	MX	America/Mexico_City
Bryanka	UA	Europe/Kyiv
Ṭikāpur	NP	Asia/Kathmandu
Xique-Xique	BR	America/Bahia
May Pen	JM	America/Jamaica
Chone	EC	America/Guayaquil
Al ‘Azīzīyah	IQ	Asia/Baghdad
Si Sa Ket	TH	Asia/Bangkok
Salisbury	GB	Europe/London
Hegou	CN	Asia/Shanghai
Amberg	DE	Europe/Berlin
Beaufort West	ZA	Africa/Johannesburg
Worksop	GB	Europe/London
Reino de Bandim	GW	Africa/Bissau
Bambanglipuro	ID	Asia/Jakarta
Sakura	JP	Asia/Tokyo
West Seneca	US	America/New_York
Pontefract	GB	Europe/London
Sīdī Sālim	EG	Africa/Cairo
Maradu	IN	Asia/Kolkata
Radomsko	PL	Europe/Warsaw
Suresnes	FR	Europe/Paris
Cerquilho	BR	America/Sao_Paulo
Linden	GY	America/Guyana
Azemmour	MA	Africa/Casablanca
Neustadt am Rübenberge	DE	Europe/Berlin
Strongsville	US	America/New_York
Ponte de Lima	PT	Europe/Lisbon
Avtovo	RU	Europe/Moscow
Bāndīkūi	IN	Asia/Kolkata
Meudon	FR	Europe/Paris
Erkelenz	DE	Europe/Berlin
Keşan	TR	Europe/Istanbul
Thị Trấn Sao Vàng	VN	Asia/Bangkok
Dowleswaram	IN	Asia/Kolkata
Coachella	US	America/Los_Angeles
Ki̇̄rtipur	NP	Asia/Kathmandu
Pradera	CO	America/Bogota
Lavapiés	ES	Europe/Madrid
Hagi	JP	Asia/Tokyo
Penn Hills	US	America/New_York
Homburg	DE	Europe/Berlin
Gogrial	SS	Africa/Juba
Lubny	UA	Europe/Kyiv
Bālāpur	IN	Asia/Kolkata
Tondalam	IN	Asia/Kolkata
Marseille 05	FR	Europe/Paris
Encino	US	America/Los_Angeles
Straubing	DE	Europe/Berlin
Grantham	GB	Europe/London
Bordj Menaïel	DZ	Africa/Algiers
Kamen’-na-Obi	RU	Asia/Barnaul
Mae Sot	TH	Asia/Bangkok
Jawaharnagar	IN	Asia/Kolkata
Qisha	CN	Asia/Shanghai
Shuitu	CN	Asia/Shanghai
Akhtubinsk	RU	Europe/Astrakhan
Mach	PK	Asia/Karachi
Mawlaik	MM	Asia/Yangon
Guxian	CN	Asia/Shanghai
Kafr Şaqr	EG	Africa/Cairo
Oued Fodda	DZ	Africa/Algiers
Lukavac	BA	Europe/Sarajevo
Cabaiguán	CU	America/Havana
Halle-Neustadt	DE	Europe/Berlin
Zduńska Wola	PL	Europe/Warsaw
Magdanly	TM	Asia/Ashgabat
Frosinone	IT	Europe/Rome
Bentonville	US	America/Chicago
Fort Pierce	US	America/New_York
Homnābād	IN	Asia/Kolkata
Ar Raḩmānīyah	EG	Africa/Cairo
Hassi Messaoud	DZ	Africa/Algiers
Hinatuan	PH	Asia/Manila
Paraíba do Sul	BR	America/Sao_Paulo
Véroia	GR	Europe/Athens
Bridgewater	US	America/New_York
Koesan	KR	Asia/Seoul
Beyşehir	TR	Europe/Istanbul
Madīnat Khalīfah	QA	Asia/Qatar
Memāri	IN	Asia/Kolkata
Dêrelûk Devera Nihêliya	IQ	Asia/Baghdad
Chieti	IT	Europe/Rome
Oku	CM	Africa/Douala
Itararé	BR	America/Sao_Paulo
Sieradz	PL	Europe/Warsaw
Aliwal North	ZA	Africa/Johannesburg
Merksem	BE	Europe/Brussels
Regla	CU	America/Havana
Alcamo	IT	Europe/Rome
São Sebastião do Passé	BR	America/Bahia
Nova Kakhovka	UA	Europe/Kyiv
Fayzabad	AF	Asia/Kabul
Jiushan	CN	Asia/Shanghai
Nāndūra	IN	Asia/Kolkata
Bandar Baharu	MY	Asia/Kuala_Lumpur
Balcarce	AR	America/Argentina/Buenos_Aires
Xindian	CN	Asia/Shanghai
Lago da Pedra	BR	America/Fortaleza
Kottangara	IN	Asia/Kolkata
Sugito	JP	Asia/Tokyo
Danville	US	America/Los_Angeles
Bayonne	FR	Europe/Paris
Phumĭ Yoŭl Toŭng	KH	Asia/Phnom_Penh
Alzira	ES	Europe/Madrid
Angul	IN	Asia/Kolkata
Kōttakkal	IN	Asia/Kolkata
Kandiaro	PK	Asia/Karachi
Kołobrzeg	PL	Europe/Warsaw
Libāspur	IN	Asia/Kolkata
Istres	FR	Europe/Paris
Bluefields	NI	America/Managua
Santo Antônio da Platina	BR	America/Sao_Paulo
Cuscatancingo	SV	America/El_Salvador
Youting	CN	Asia/Shanghai
Dalli Rājhara	IN	Asia/Kolkata
Shinshiro	JP	Asia/Tokyo
Sudoeste/Octagonal	BR	America/Sao_Paulo
Zouila	TN	Africa/Tunis
Yuzawa	JP	Asia/Tokyo
Hājīganj	BD	Asia/Dhaka
Peña Grande	ES	Europe/Madrid
Eqlīd	IR	Asia/Tehran
Kālpi	IN	Asia/Kolkata
Næstved	DK	Europe/Copenhagen
São Miguel d'Oeste	BR	America/Sao_Paulo
Krasnoye Selo	RU	Europe/Moscow
Oakland Park	US	America/New_York
Qingshanquan	CN	Asia/Shanghai
Thionville	FR	Europe/Paris
Thatta	PK	Asia/Karachi
Willesden	GB	Europe/London
Onoda	JP	Asia/Tokyo
Aracati	BR	America/Fortaleza
Jintūr	IN	Asia/Kolkata
Ketanggungan	ID	Asia/Jakarta
Birecik	TR	Europe/Istanbul
Attleboro	US	America/New_York
Daman	IN	Asia/Kolkata
Rāmnagar	IN	Asia/Kolkata
Songhwa	KP	Asia/Pyongyang
Villa Constitución	AR	America/Argentina/Cordoba
Phumĭ Véal Srê	KH	Asia/Phnom_Penh
Mantes-la-Jolie	FR	Europe/Paris
Anekal	IN	Asia/Kolkata
Lagunillas	VE	America/Caracas
Sonqor	IR	Asia/Tehran
Karacabey	TR	Europe/Istanbul
Compiègne	FR	Europe/Paris
Caojie	CN	Asia/Shanghai
Otofuke	JP	Asia/Tokyo
Seabra	BR	America/Bahia
Severn	US	America/New_York
Kalaa Srira	TN	Africa/Tunis
Akkarampalle	IN	Asia/Kolkata
Rafaḩ	EG	Africa/Cairo
Blacksburg	US	America/New_York
Hammam-Lif	TN	Africa/Tunis
Haltom City	US	America/Chicago
Brighton Park	US	America/Chicago
Nefas Mewch’a	ET	Africa/Addis_Ababa
Yangiyer	UZ	Asia/Tashkent
Fenoarivo Atsinanana	MG	Indian/Antananarivo
Memmingen	DE	Europe/Berlin
Amadeo	PH	Asia/Manila
Siyabuswa	ZA	Africa/Johannesburg
Petroşani	RO	Europe/Bucharest
Nidadavole	IN	Asia/Kolkata
Rio Grande da Serra	BR	America/Sao_Paulo
Ţūlkarm	PS	Asia/Hebron
Lompoc	US	America/Los_Angeles
Raisen	IN	Asia/Kolkata
Mbanga	CM	Africa/Douala
Kobayashi	JP	Asia/Tokyo
Kanyobagonga	CD	Africa/Lubumbashi
Boû Arfa	DZ	Africa/Algiers
Marino	IT	Europe/Rome
Brühl	DE	Europe/Berlin
Drogheda	IE	Europe/Dublin
Krasnyy Sulin	RU	Europe/Moscow
Panambi	BR	America/Sao_Paulo
Beiwangli	CN	Asia/Shanghai
Şereflikoçhisar	TR	Europe/Istanbul
Gūduvāncheri	IN	Asia/Kolkata
Zuénoula	CI	Africa/Abidjan
Kabeya-Kamwanga	CD	Africa/Lubumbashi
Wesley Chapel	US	America/New_York
Rejon placu Świętego Macieja	PL	Europe/Warsaw
Ust’-Labinsk	RU	Europe/Moscow
Kinoi	KE	Africa/Nairobi
Kenol	KE	Africa/Nairobi
Fatehpur	PK	Asia/Karachi
Zhushan	TW	Asia/Taipei
Myski	RU	Asia/Novokuznetsk
Usinsk	RU	Europe/Moscow
Kardzhali	BG	Europe/Sofia
Mieres	ES	Europe/Madrid
Iwanuma	JP	Asia/Tokyo
Varangaon	IN	Asia/Kolkata
Urbandale	US	America/Chicago
Souq Larb’a al Gharb	MA	Africa/Casablanca
Georgetown	CA	America/Toronto
Shuanglong	CN	Asia/Shanghai
Sihorā	IN	Asia/Kolkata
San Vicente de Tagua Tagua	CL	America/Santiago
Nanjō	JP	Asia/Tokyo
Sarikei	MY	Asia/Kuching
Rembangan	ID	Asia/Jakarta
Malemba	CD	Africa/Lubumbashi
Binmaley	PH	Asia/Manila
Fastiv	UA	Europe/Kyiv
Rtishchevo	RU	Europe/Saratov
Faya-Largeau	TD	Africa/Ndjamena
Hódmezővásárhely	HU	Europe/Budapest
Calulo	AO	Africa/Luanda
Turnhout	BE	Europe/Brussels
Piendamo	CO	America/Bogota
Osu	GH	Africa/Accra
Arcella	IT	Europe/Rome
Alapayevsk	RU	Asia/Yekaterinburg
Nansio	TZ	Africa/Dar_es_Salaam
Molodizhne	UA	Europe/Kyiv
Xonobod	UZ	Asia/Tashkent
Himi	JP	Asia/Tokyo
L'Amoreaux	CA	America/Toronto
York	US	America/New_York
Nevers	FR	Europe/Paris
Sour el Ghozlane	DZ	Africa/Algiers
Kachkanar	RU	Asia/Yekaterinburg
Naţanz	IR	Asia/Tehran
Concord	US	America/New_York
North Miami Beach	US	America/New_York
Hlotse	LS	Africa/Maseru
Islington-City Centre West	CA	America/Toronto
Eṭ Ṭaiyiba	IL	Asia/Jerusalem
El Centro	US	America/Los_Angeles
Qiryat Bialik	IL	Asia/Jerusalem
Chidawa	IN	Asia/Kolkata
Ogi	JP	Asia/Tokyo
Coatbridge	GB	Europe/London
Sayansk	RU	Asia/Irkutsk
Gaojia	CN	Asia/Shanghai
Ahmadpur	IN	Asia/Kolkata
Cradock	ZA	Africa/Johannesburg
Benjamin Constant	BR	America/Eirunepe
Fellbach	DE	Europe/Berlin
Lashkar Gāh	AF	Asia/Kabul
Rego Park	US	America/New_York
Caijia	CN	Asia/Shanghai
Ḩasanābād	IR	Asia/Tehran
Lehrte	DE	Europe/Berlin
Nordhausen	DE	Europe/Berlin
Serrana	BR	America/Sao_Paulo
North Brunswick	US	America/New_York
Livramento de Nossa Senhora	BR	America/Bahia
Morowa	JP	Asia/Tokyo
Muţūbas	EG	Africa/Cairo
Cleveland	US	America/New_York
Artigas	UY	America/Montevideo
Olavanna	IN	Asia/Kolkata
San Germán	CU	America/Havana
Ramallah	PS	Asia/Hebron
Tamworth	AU	Australia/Sydney
Cyangugu	RW	Africa/Kigali
Tchaourou	BJ	Africa/Porto-Novo
Salinas	EC	America/Guayaquil
Nonsan	KR	Asia/Seoul
Chartres	FR	Europe/Paris
Echo Park	US	America/Los_Angeles
Hoeryŏng	KP	Asia/Pyongyang
Amontada	BR	America/Fortaleza
Nyaung	MM	Asia/Yangon
Tutayev	RU	Europe/Moscow
North Bethesda	US	America/New_York
Llefià	ES	Europe/Madrid
Águas Belas	BR	America/Recife
Merthyr Tydfil	GB	Europe/London
Beaumont	US	America/Los_Angeles
Gobārdānga	IN	Asia/Kolkata
Paso de los Libres	AR	America/Argentina/Cordoba
Kalihi-Palama	US	Pacific/Honolulu
Kemisē	ET	Africa/Addis_Ababa
Melmadai	IN	Asia/Kolkata
Lombard	US	America/Chicago
Saint Thomas Mount	IN	Asia/Kolkata
Malvern	CA	America/Toronto
Great Sankey	GB	Europe/London
Yellandu	IN	Asia/Kolkata
Bountiful	US	America/Denver
Nova Viçosa	BR	America/Bahia
Bavet	KH	Asia/Phnom_Penh
Kamra	PK	Asia/Karachi
Ōkubo-naka	JP	Asia/Tokyo
Rizhuang	CN	Asia/Shanghai
Gebog	ID	Asia/Jakarta
Hāflong	IN	Asia/Kolkata
Bexhill-on-Sea	GB	Europe/London
Zagora	MA	Africa/Casablanca
Han’airike	CN	Asia/Urumqi
Muyuka	CM	Africa/Douala
Salto de Pirapora	BR	America/Sao_Paulo
Píritu	VE	America/Caracas
Shyorongi	RW	Africa/Kigali
Akaiwa	JP	Asia/Tokyo
Sevilla	CO	America/Bogota
Tamu	MM	Asia/Yangon
Netivot	IL	Asia/Jerusalem
Thun	CH	Europe/Zurich
Ampara	LK	Asia/Colombo
Vera Cruz	BR	America/Bahia
Dreta de l'Eixample	ES	Europe/Madrid
Santa Quitéria	BR	America/Fortaleza
Polavaram	IN	Asia/Kolkata
Lambayeque	PE	America/Lima
North Lauderdale	US	America/New_York
Colmenar Viejo	ES	Europe/Madrid
Ishaka	UG	Africa/Kampala
Kanuru	IN	Asia/Kolkata
Ranchuelo	CU	America/Havana
An Najmah	QA	Asia/Qatar
Bangangté	CM	Africa/Douala
Mexico	PH	Asia/Manila
Jilib	SO	Africa/Mogadishu
Bodupāl	IN	Asia/Kolkata
Pattani	TH	Asia/Bangkok
Santo Antônio de Pádua	BR	America/Sao_Paulo
Campina Grande do Sul	BR	America/Sao_Paulo
Shihao	CN	Asia/Shanghai
Cheshunt	GB	Europe/London
Yeongdong	KR	Asia/Seoul
Ashton-under-Lyne	GB	Europe/London
Jingguan	CN	Asia/Shanghai
Freiberg	DE	Europe/Berlin
Rāmachandrapuram	IN	Asia/Kolkata
Paracambi	BR	America/Sao_Paulo
Arcos	BR	America/Sao_Paulo
Erlin	TW	Asia/Taipei
Prievidza	SK	Europe/Bratislava
Masalani	KE	Africa/Nairobi
Bulancak	TR	Europe/Istanbul
Pashkovskiy	RU	Europe/Moscow
Leigh	GB	Europe/London
Burleson	US	America/Chicago
Itaberaí	BR	America/Sao_Paulo
Sertolovo	RU	Europe/Moscow
Ch’ŏsal-li	KP	Asia/Pyongyang
Picsi	PE	America/Lima
Ocoee	US	America/New_York
Panachikkad	IN	Asia/Kolkata
Gereshk	AF	Asia/Kabul
Konongo	GH	Africa/Accra
Pirmasens	DE	Europe/Berlin
Quinte West	CA	America/Toronto
Farah	AF	Asia/Kabul
Goslar	DE	Europe/Berlin
Uruará	BR	America/Santarem
Lankwitz	DE	Europe/Berlin
Bietigheim-Bissingen	DE	Europe/Berlin
Naẕerat ‘Illit	IL	Asia/Jerusalem
Cové	BJ	Africa/Porto-Novo
Hoàn Lão	VN	Asia/Bangkok
Chatham	CA	America/Toronto
Filderstadt	DE	Europe/Berlin
Ḩajjah	YE	Asia/Aden
Leatherhead	GB	Europe/London
Sagae	JP	Asia/Tokyo
Mercedes	UY	America/Montevideo
Sakété	BJ	Africa/Porto-Novo
São Lourenço do Sul	BR	America/Sao_Paulo
Taketoyo	JP	Asia/Tokyo
Shōranūr	IN	Asia/Kolkata
Juexi	CN	Asia/Shanghai
Sabang	ID	Asia/Jakarta
Samal	PH	Asia/Manila
Phatthalung	TH	Asia/Bangkok
Torre Annunziata	IT	Europe/Rome
Pinamalayan	PH	Asia/Manila
Dubbo	AU	Australia/Sydney
Hyvinge	FI	Europe/Helsinki
Purísima de Bustos	MX	America/Mexico_City
Villa Ángela	AR	America/Argentina/Cordoba
Berchem	BE	Europe/Brussels
Ashburn	US	America/New_York
Fundong	CM	Africa/Douala
Suhl	DE	Europe/Berlin
Ambositra	MG	Indian/Antananarivo
Maruobara	JP	Asia/Tokyo
Pinto	ES	Europe/Madrid
Southington	US	America/New_York
Kumi	UG	Africa/Kampala
Pasni	PK	Asia/Karachi
Pallikaranai	IN	Asia/Kolkata
Teupasenti	HN	America/Tegucigalpa
Gonābād	IR	Asia/Tehran
Augusta	US	America/New_York
Diégonéfla	CI	Africa/Abidjan
Caripito	VE	America/Caracas
Las Tejerías	VE	America/Caracas
Barajas de Madrid	ES	Europe/Madrid
Gaozuo	CN	Asia/Shanghai
Villa de Mayo	AR	America/Argentina/Buenos_Aires
Bozeman	US	America/Denver
Fāraskūr	EG	Africa/Cairo
Malgobek	RU	Europe/Moscow
G’ijduvon Shahri	UZ	Asia/Samarkand
Otwock	PL	Europe/Warsaw
Kāndhla	IN	Asia/Kolkata
Barwāla	IN	Asia/Kolkata
Volksrust	ZA	Africa/Johannesburg
Nilithi	IN	Asia/Kolkata
Miliana	DZ	Africa/Algiers
Newark on Trent	GB	Europe/London
Marseille 06	FR	Europe/Paris
Sierra Vista	US	America/Phoenix
Le Cannet	FR	Europe/Paris
Jambusar	IN	Asia/Kolkata
Mouila	GA	Africa/Libreville
Shimabara	JP	Asia/Tokyo
Okino	JP	Asia/Tokyo
Nakatogari	JP	Asia/Tokyo
Freeport	US	America/New_York
Miranda	CO	America/Bogota
El Ain	TN	Africa/Tunis
Innisfil	CA	America/Toronto
Weinheim	DE	Europe/Berlin
Turda	RO	Europe/Bucharest
Zhonghe	CN	Asia/Shanghai
Rodgau	DE	Europe/Berlin
Medgidia	RO	Europe/Bucharest
Luntai	CN	Asia/Urumqi
Murang’a	KE	Africa/Nairobi
Morshansk	RU	Europe/Moscow
Pedra Branca	BR	America/Fortaleza
Oshakati	NA	Africa/Windhoek
Sovetsk	RU	Europe/Kaliningrad
Qiryat Motsqin	IL	Asia/Jerusalem
Pittsfield	US	America/New_York
Puerta del Angel	ES	Europe/Madrid
General Pacheco	AR	America/Argentina/Buenos_Aires
Varkala	IN	Asia/Kolkata
Unnan	JP	Asia/Tokyo
Kātol	IN	Asia/Kolkata
Hilo	US	Pacific/Honolulu
Konārak	IR	Asia/Tehran
Kopali	IN	Asia/Kolkata
Tizayuca	MX	America/Mexico_City
Maḩallāt	IR	Asia/Tehran
Lugoj	RO	Europe/Bucharest
Prostějov	CZ	Europe/Prague
Al Bukayrīyah	SA	Asia/Riyadh
Sainthia	IN	Asia/Kolkata
Bellinzona	CH	Europe/Zurich
Bad Kreuznach	DE	Europe/Berlin
West Babylon	US	America/New_York
Kuiya	CN	Asia/Urumqi
Qalqīlyah	PS	Asia/Hebron
DeKalb	US	America/Chicago
Munsan	KR	Asia/Seoul
Choornikkara	IN	Asia/Kolkata
Adeje	ES	Atlantic/Canary
Bhanga	BD	Asia/Dhaka
Dodola	ET	Africa/Addis_Ababa
Ādēt	ET	Africa/Addis_Ababa
Moroleón	MX	America/Mexico_City
Lamphun	TH	Asia/Bangkok
Nogoyá	AR	America/Argentina/Cordoba
Milas	TR	Europe/Istanbul
San Bruno	US	America/Los_Angeles
Vilankulo	MZ	Africa/Maputo
Ryūō	JP	Asia/Tokyo
Mitsuke	JP	Asia/Tokyo
Palomeras Sureste	ES	Europe/Madrid
Altamonte Springs	US	America/New_York
Nishifukuma	JP	Asia/Tokyo
Zhigou	CN	Asia/Shanghai
Tarauacá	BR	America/Rio_Branco
Bowangshan	CN	Asia/Shanghai
Byumba	RW	Africa/Kigali
Svitlovodsk	UA	Europe/Kyiv
Mariinsk	RU	Asia/Novokuznetsk
Krasnoufimsk	RU	Asia/Yekaterinburg
Pedreira	BR	America/Sao_Paulo
Dundalk	IE	Europe/Dublin
Perungudi	IN	Asia/Kolkata
Kamaishi	JP	Asia/Tokyo
Bell Gardens	US	America/Los_Angeles
Zhitikara	KZ	Asia/Qostanay
Warin Chamrap	TH	Asia/Bangkok
Bakau	GM	Africa/Banjul
Heerenveen	NL	Europe/Amsterdam
Schertz	US	America/Chicago
Kamal Pur Majra Burari	IN	Asia/Kolkata
East Boston	US	America/New_York
Jerez de García Salinas	MX	America/Mexico_City
Ohligs	DE	Europe/Berlin
Jīwanpur	IN	Asia/Kolkata
Kencong	ID	Asia/Jakarta
Kitsilano	CA	America/Vancouver
Barhiya	IN	Asia/Kolkata
Huangji	CN	Asia/Shanghai
Monheim am Rhein	DE	Europe/Berlin
Biella	IT	Europe/Rome
Yatomi	JP	Asia/Tokyo
Sojat	IN	Asia/Kolkata
Zhengji	CN	Asia/Shanghai
Jesús María	MX	America/Mexico_City
Malmesbury	ZA	Africa/Johannesburg
Kronstadt	RU	Europe/Moscow
Wong Sawang	TH	Asia/Bangkok
Abū Ḩammād	EG	Africa/Cairo
Gifhorn	DE	Europe/Berlin
Kālimpong	IN	Asia/Kolkata
Möng La	MM	Asia/Yangon
Rosário	BR	America/Fortaleza
Jiangping	CN	Asia/Shanghai
Vyshneve	UA	Europe/Kyiv
Sandıklı	TR	Europe/Istanbul
Periyakulam	IN	Asia/Kolkata
Lai Châu	VN	Asia/Bangkok
Mkhuhlu	ZA	Africa/Johannesburg
Olival	PT	Europe/Lisbon
Morgan Hill	US	America/Los_Angeles
Santo Antônio da Patrulha	BR	America/Sao_Paulo
Palenque	MX	America/Merida
Simdega	IN	Asia/Kolkata
Bothell	US	America/Los_Angeles
Izúcar de Matamoros	MX	America/Mexico_City
Fond du Lac	US	America/Chicago
Bishrāmpur	IN	Asia/Kolkata
Kottuvalli	IN	Asia/Kolkata
Sant Feliu de Llobregat	ES	Europe/Madrid
Baichihe	CN	Asia/Shanghai
Kundian	PK	Asia/Karachi
Āsasa	ET	Africa/Addis_Ababa
Zavolzh’ye	RU	Europe/Moscow
Novodvinsk	RU	Europe/Moscow
Khashm al Qirbah	SD	Africa/Khartoum
Bairāgnia	IN	Asia/Kolkata
Sicklerville	US	America/New_York
Sayreville Junction	US	America/New_York
Lakhdaria	DZ	Africa/Algiers
Diglipur	IN	Asia/Kolkata
Panipat Taraf Ansar	IN	Asia/Kolkata
Ranjangaon S	IN	Asia/Kolkata
Balykchy	KG	Asia/Bishkek
Farmington	US	America/Denver
Salem	US	America/New_York
Kakkodi	IN	Asia/Kolkata
Tushan	CN	Asia/Shanghai
Mahbūbābād	IN	Asia/Kolkata
Britz	DE	Europe/Berlin
Arlington	US	America/New_York
Perumbaikad	IN	Asia/Kolkata
Sébikhotane	SN	Africa/Dakar
Wattrelos	FR	Europe/Paris
Ārvi	IN	Asia/Kolkata
Kyaukpadaung	MM	Asia/Yangon
La Jolla	US	America/Los_Angeles
Misawa	JP	Asia/Tokyo
Passi	PH	Asia/Manila
Panji	ID	Asia/Jakarta
Recodo	PH	Asia/Manila
Salaberry-de-Valleyfield	CA	America/Toronto
Châteauguay	CA	America/Toronto
Parāsia	IN	Asia/Kolkata
Laguna	BR	America/Sao_Paulo
Sivaganga	IN	Asia/Kolkata
Santa Maria da Boa Vista	BR	America/Bahia
Kyauktan	MM	Asia/Yangon
Altadena	US	America/Los_Angeles
Su-ngai Kolok	TH	Asia/Bangkok
Sharypovo	RU	Asia/Krasnoyarsk
Limbdi	IN	Asia/Kolkata
Fairfield	US	America/New_York
Guandu	CN	Asia/Shanghai
Ấp Một	VN	Asia/Ho_Chi_Minh
Caluire-et-Cuire	FR	Europe/Paris
Seregno	IT	Europe/Rome
Ashburn	US	America/Chicago
Gumel	NG	Africa/Lagos
Wallsend	GB	Europe/London
Dunkwa	GH	Africa/Accra
Rancho Palos Verdes	US	America/Los_Angeles
Leighton Buzzard	GB	Europe/London
Maniwa	JP	Asia/Tokyo
San Antonio de los Baños	CU	America/Havana
Rottenburg	DE	Europe/Berlin
Gap	FR	Europe/Paris
Ait Ourir	MA	Africa/Casablanca
Wakema	MM	Asia/Yangon
Kasai	JP	Asia/Tokyo
Lytham St Annes	GB	Europe/London
North Highlands	US	America/Los_Angeles
Las Choapas	MX	America/Mexico_City
Hammam Sousse	TN	Africa/Tunis
Redruth	GB	Europe/London
Fontem	CM	Africa/Douala
Moline	US	America/Chicago
Canning Town	GB	Europe/London
Nakano	JP	Asia/Tokyo
Basauri	ES	Europe/Madrid
Chavara	IN	Asia/Kolkata
Bhātpāra Abhaynagar	BD	Asia/Dhaka
Boujdour	EH	Africa/El_Aaiun
Glen Waverley	AU	Australia/Melbourne
Webuye	KE	Africa/Nairobi
Bieńczyce	PL	Europe/Warsaw
Tucupido	VE	America/Caracas
Dahegām	IN	Asia/Kolkata
Rudow	DE	Europe/Berlin
Manacor	ES	Europe/Madrid
Koryazhma	RU	Europe/Moscow
Sukheke Mandi	PK	Asia/Karachi
Tuusula	FI	Europe/Helsinki
Cacocum	CU	America/Havana
Taifa	GH	Africa/Accra
Virei	AO	Africa/Luanda
Shāhābād	IN	Asia/Kolkata
East Concord	US	America/New_York
Tha Yang	TH	Asia/Bangkok
Awaji	JP	Asia/Tokyo
Jefferson City	US	America/Chicago
Jamjamāl	IQ	Asia/Baghdad
Comé	BJ	Africa/Porto-Novo
Henrietta	US	America/New_York
Talence	FR	Europe/Paris
Simão Dias	BR	America/Maceio
Pu’an	CN	Asia/Shanghai
Machalí	CL	America/Santiago
Novozybkov	RU	Europe/Moscow
Freising	DE	Europe/Berlin
Seodong	KR	Asia/Seoul
Rockwall	US	America/Chicago
Compostela	PH	Asia/Manila
Kai Tak	HK	Asia/Hong_Kong
Saran	KZ	Asia/Almaty
Wesselsbron	ZA	Africa/Johannesburg
Luobuqiongzi	CN	Asia/Shanghai
Weiden	DE	Europe/Berlin
Plainfield	US	America/Chicago
Famagusta	CY	Asia/Famagusta
Jaspur	IN	Asia/Kolkata
Shimo-tsuma	JP	Asia/Tokyo
Empalme	MX	America/Hermosillo
Thān	IN	Asia/Kolkata
Kaufbeuren	DE	Europe/Berlin
Lomonosov	RU	Europe/Moscow
Göyçay	AZ	Asia/Baku
Barra de São Francisco	BR	America/Sao_Paulo
Indralaya	ID	Asia/Jakarta
Iwai	JP	Asia/Tokyo
Partizansk	RU	Asia/Vladivostok
Selebi-Phikwe	BW	Africa/Gaborone
Santa Helena	BR	America/Fortaleza
Tikrīt	IQ	Asia/Baghdad
‘Irbīn	SY	Asia/Damascus
Cintalapa de Figueroa	MX	America/Mexico_City
Lidingö	SE	Europe/Stockholm
Naju	KR	Asia/Seoul
Bāola	IN	Asia/Kolkata
Wum	CM	Africa/Douala
Suakin	SD	Africa/Khartoum
Burlington	US	America/New_York
Kōta	JP	Asia/Tokyo
Armação dos Búzios	BR	America/Sao_Paulo
Maubin	MM	Asia/Yangon
E’erguna	CN	Asia/Shanghai
Mbala	ZM	Africa/Lusaka
Nettetal	DE	Europe/Berlin
Daizhuang	CN	Asia/Shanghai
Alès	FR	Europe/Paris
Soavinandriana	MG	Indian/Antananarivo
Khekra	IN	Asia/Kolkata
Afogados da Ingazeira	BR	America/Recife
Rohnert Park	US	America/Los_Angeles
Santos Dumont	BR	America/Sao_Paulo
Kamyanobridskyi	UA	Europe/Kyiv
Baturaden	ID	Asia/Jakarta
Bhupalpally	IN	Asia/Kolkata
Zhuhai	CN	Asia/Shanghai
Dīnhāta	IN	Asia/Kolkata
Qushi	CN	Asia/Shanghai
Kabkābīyah	SD	Africa/Khartoum
Aland	IN	Asia/Kolkata
Bourem	ML	Africa/Bamako
Kumbalangy	IN	Asia/Kolkata
Kotabumi	ID	Asia/Jakarta
Thin Gan Kyun Gyi	MM	Asia/Yangon
Minamishimabara	JP	Asia/Tokyo
Imperia	IT	Europe/Rome
Qā’en	IR	Asia/Tehran
Sangarébougou	ML	Africa/Bamako
Amagi	JP	Asia/Tokyo
Urbana	US	America/Chicago
Naini Tāl	IN	Asia/Kolkata
Guangtong	CN	Asia/Shanghai
Idar	IN	Asia/Kolkata
Chinnamanūr	IN	Asia/Kolkata
Pallisa	UG	Africa/Kampala
Kasanje	UG	Africa/Kampala
Gennevilliers	FR	Europe/Paris
Nadi	FJ	Pacific/Fiji
Bhawāni Mandi	IN	Asia/Kolkata
Bucha	UA	Europe/Kyiv
Paranaíba	BR	America/Campo_Grande
Andover	GB	Europe/London
Kyathampalle	IN	Asia/Kolkata
Jamaame	SO	Africa/Mogadishu
Southglenn	US	America/Denver
Juventino Rosas	MX	America/Mexico_City
Mali	CN	Asia/Shanghai
Myanaung	MM	Asia/Yangon
Mucuri	BR	America/Bahia
Civitanova Marche	IT	Europe/Rome
Chilecito	AR	America/Argentina/La_Rioja
Lucena	ES	Europe/Madrid
Rimouski	CA	America/Toronto
Baardheere	SO	Africa/Mogadishu
Konakovo	RU	Europe/Moscow
Sikandra Rao	IN	Asia/Kolkata
Palladam	IN	Asia/Kolkata
Lālmohan	BD	Asia/Dhaka
Yaguajay	CU	America/Havana
Itarema	BR	America/Fortaleza
Santa Elena	EC	America/Guayaquil
Fareham	GB	Europe/London
Gravina in Puglia	IT	Europe/Rome
Balulang	PH	Asia/Manila
Oke Kan	MM	Asia/Yangon
Mer’āwī	ET	Africa/Addis_Ababa
Midland	US	America/Detroit
Malianzhuang	CN	Asia/Shanghai
Rāzām	IN	Asia/Kolkata
Prescott Valley	US	America/Phoenix
Bilajari	AZ	Asia/Baku
Talghar	KZ	Asia/Almaty
Durian Tunggal	MY	Asia/Kuala_Lumpur
Joint Base Pearl Harbor Hickam	US	Pacific/Honolulu
‘Irqah	SA	Asia/Riyadh
Kenscoff	HT	America/Port-au-Prince
Sokol	RU	Europe/Moscow
Njoro	KE	Africa/Nairobi
Mentakab	MY	Asia/Kuala_Lumpur
Poldasht	IR	Asia/Tehran
Esperanza	DO	America/Santo_Domingo
Konayev	KZ	Asia/Almaty
State College	US	America/New_York
Jājpur	IN	Asia/Kolkata
Alatyr’	RU	Europe/Moscow
Jora	IN	Asia/Kolkata
Concón	CL	America/Santiago
Zacatelco	MX	America/Mexico_City
Santyoku	KR	Asia/Seoul
Cantel	GT	America/Guatemala
Dar Chabanne	TN	Africa/Tunis
Shefar‘am	IL	Asia/Jerusalem
Kearny	US	America/New_York
Canning	IN	Asia/Kolkata
Jangseong	KR	Asia/Seoul
Khairābād	IN	Asia/Kolkata
Amangarh	PK	Asia/Karachi
Rosa Zarate	EC	America/Guayaquil
Izberbash	RU	Europe/Moscow
Budapest VI. kerület	HU	Europe/Budapest
Kaarst	DE	Europe/Berlin
Garça	BR	America/Sao_Paulo
Luobei	CN	Asia/Shanghai
El Dorado Hills	US	America/Los_Angeles
Katanda	CD	Africa/Lubumbashi
Nueve de Julio	AR	America/Argentina/Buenos_Aires
Sumoto	JP	Asia/Tokyo
Kamikoizumi	JP	Asia/Tokyo
Balad	IQ	Asia/Baghdad
Tieqiao	CN	Asia/Shanghai
Barreiros	BR	America/Recife
Danville	US	America/New_York
Pratāpgarh	IN	Asia/Kolkata
Al Jawf	LY	Africa/Tripoli
Dhāka	IN	Asia/Kolkata
Saint-Eustache	CA	America/Toronto
Azilal	MA	Africa/Casablanca
Kannad	IN	Asia/Kolkata
Smara	MA	Africa/Casablanca
Guaraciaba do Norte	BR	America/Fortaleza
Zhovti Vody	UA	Europe/Kyiv
Zainsk	RU	Europe/Moscow
Tuntum	BR	America/Fortaleza
Lebowakgomo	ZA	Africa/Johannesburg
Belleville	US	America/Chicago
Ohrid	MK	Europe/Skopje
Ramsgate	GB	Europe/London
Wangyuan	CN	Asia/Shanghai
Linden	US	America/New_York
Nāthdwāra	IN	Asia/Kolkata
Rujewa	TZ	Africa/Dar_es_Salaam
Gallus	DE	Europe/Berlin
Moorhead	US	America/Chicago
Maquela do Zombo	AO	Africa/Luanda
Gutao	CN	Asia/Shanghai
Iten	KE	Africa/Nairobi
Arkalyk	KZ	Asia/Qostanay
Varash	UA	Europe/Kyiv
Kapsabet	KE	Africa/Nairobi
Montenegro	CO	America/Bogota
Abdu Rahiman Nagar	IN	Asia/Kolkata
Chepén	PE	America/Lima
Golāghāt	IN	Asia/Kolkata
Woodside	US	America/New_York
Eberswalde	DE	Europe/Berlin
Maragondon	PH	Asia/Manila
Bautzen	DE	Europe/Berlin
Guindalera	ES	Europe/Madrid
Manica	MZ	Africa/Maputo
Lajedo	BR	America/Recife
Desio	IT	Europe/Rome
Jhingergācha	BD	Asia/Dhaka
Borlänge	SE	Europe/Stockholm
Stretford	GB	Europe/London
Brea	US	America/Los_Angeles
Lemgo	DE	Europe/Berlin
Kikinda	RS	Europe/Belgrade
Gori	GE	Asia/Tbilisi
Rompin	MY	Asia/Kuala_Lumpur
Orange	AU	Australia/Sydney
Tromsø	NO	Europe/Oslo
Ban Phaeo	TH	Asia/Bangkok
Eldorado do Sul	BR	America/Sao_Paulo
Coburg	DE	Europe/Berlin
Shonē	ET	Africa/Addis_Ababa
Riverton	US	America/Denver
Prescott	US	America/Phoenix
Tres Cantos	ES	Europe/Madrid
Ihosy	MG	Indian/Antananarivo
Besni	TR	Europe/Istanbul
Kekri	IN	Asia/Kolkata
Cuímba	AO	Africa/Luanda
Ocosingo	MX	America/Mexico_City
Barauli	IN	Asia/Kolkata
Aracataca	CO	America/Bogota
l'Antiga Esquerra de l'Eixample	ES	Europe/Madrid
Bitkine	TD	Africa/Ndjamena
Karlovac	HR	Europe/Zagreb
Mount Laurel	US	America/New_York
Carmen De La Legua Reynoso	PE	America/Lima
Gujō	JP	Asia/Tokyo
San Donà di Piave	IT	Europe/Rome
Quxu	CN	Asia/Shanghai
Sijung	KP	Asia/Pyongyang
Guaduas	CO	America/Bogota
Laatzen	DE	Europe/Berlin
Yinggen	CN	Asia/Shanghai
Tadjenanet	DZ	Africa/Algiers
La Orotava	ES	Atlantic/Canary
Yurimaguas	PE	America/Lima
Bloléquin	CI	Africa/Abidjan
Kirkkonummi	FI	Europe/Helsinki
Santa Rosa	EC	America/Guayaquil
Mahē	IN	Asia/Kolkata
Sali	SN	Africa/Dakar
Tullus	SD	Africa/Khartoum
Wuduan	CN	Asia/Shanghai
Diamond Harbour	IN	Asia/Kolkata
Cañuelas	AR	America/Argentina/Buenos_Aires
Porto de Moz	BR	America/Santarem
Kitaibaraki	JP	Asia/Tokyo
Stare Misto	UA	Europe/Kyiv
Timmins	CA	America/Toronto
Köniz	CH	Europe/Zurich
Sūrampatti	IN	Asia/Kolkata
The Colony	US	America/Chicago
Lago Norte	BR	America/Sao_Paulo
Lesozavodsk	RU	Asia/Vladivostok
Paiçandu	BR	America/Sao_Paulo
Bāghpat	IN	Asia/Kolkata
Ndera	RW	Africa/Kigali
Manassas	US	America/New_York
Brentwood	US	America/Chicago
Tiancheng	CN	Asia/Shanghai
Bar Bigha	IN	Asia/Kolkata
Nārāyanpet	IN	Asia/Kolkata
Torres	BR	America/Sao_Paulo
Borba	BR	America/Manaus
Ascoli Piceno	IT	Europe/Rome
Manjo	CM	Africa/Douala
Pueblo Nuevo El Chivo	VE	America/Caracas
Požarevac	RS	Europe/Belgrade
Khambhāliya	IN	Asia/Kolkata
Denia	ES	Europe/Madrid
Shādegān	IR	Asia/Tehran
Urmston	GB	Europe/London
Biak	ID	Asia/Jayapura
Teboulba	TN	Africa/Tunis
Dzhankoy	UA	Europe/Simferopol
Linshi	CN	Asia/Shanghai
Amarante do Maranhão	BR	America/Fortaleza
Lubero	CD	Africa/Lubumbashi
Álimos	GR	Europe/Athens
Diwek	ID	Asia/Jakarta
Faenza	IT	Europe/Rome
Mülheim	DE	Europe/Berlin
Bilāra	IN	Asia/Kolkata
Dover	GB	Europe/London
Taman Greenwood	MY	Asia/Kuala_Lumpur
Dreieich	DE	Europe/Berlin
Westfield	US	America/New_York
Tatkon	MM	Asia/Yangon
Evere	BE	Europe/Brussels
Castro	CL	America/Santiago
Korenovsk	RU	Europe/Moscow
Missérété	BJ	Africa/Porto-Novo
Úcua	AO	Africa/Luanda
Shiji	CN	Asia/Shanghai
Schorndorf	DE	Europe/Berlin
Irbit	RU	Asia/Yekaterinburg
Alsergrund	AT	Europe/Vienna
Uryupinsk	RU	Europe/Volgograd
Hisai-motomachi	JP	Asia/Tokyo
Cotuí	DO	America/Santo_Domingo
Saint-Priest	FR	Europe/Paris
Santa Maria de Jetibá	BR	America/Sao_Paulo
Tazoult-Lambese	DZ	Africa/Algiers
Sorel-Tracy	CA	America/Toronto
Rosny-sous-Bois	FR	Europe/Paris
Kyshtym	RU	Asia/Yekaterinburg
Gay	RU	Asia/Yekaterinburg
Landau in der Pfalz	DE	Europe/Berlin
Marovoay	MG	Indian/Antananarivo
Trikonavattam	IN	Asia/Kolkata
Shakhtinsk	KZ	Asia/Almaty
Barda	AZ	Asia/Baku
Ceres	ZA	Africa/Johannesburg
Cariaco	VE	America/Caracas
Rājgīr	IN	Asia/Kolkata
Kudappanakkunnu	IN	Asia/Kolkata
Naliang	CN	Asia/Shanghai
Dunyapur	PK	Asia/Karachi
Baihua	CN	Asia/Shanghai
Niakoul Rab	SN	Africa/Dakar
Jaxaay Parcelle Niakoul Rap	SN	Africa/Dakar
Hutchinson	US	America/Chicago
Leominster	US	America/New_York
Bang Bua Thong	TH	Asia/Bangkok
Catonsville	US	America/New_York
Kurobe-shi	JP	Asia/Tokyo
Câmpina	RO	Europe/Bucharest
Slobozia	RO	Europe/Bucharest
Hicksville	US	America/New_York
Bartlett	US	America/Chicago
Komono	JP	Asia/Tokyo
Mankesim	GH	Africa/Accra
Jordan	HK	Asia/Hong_Kong
Paithan	IN	Asia/Kolkata
Ruteng	ID	Asia/Makassar
Manicaragua	CU	America/Havana
Redcliff	ZW	Africa/Harare
Akanda	GA	Africa/Libreville
Amancio	CU	America/Havana
Mission	CA	America/Vancouver
Auxerre	FR	Europe/Paris
Barra dos Coqueiros	BR	America/Maceio
Heinsberg	DE	Europe/Berlin
San Vicente	SV	America/El_Salvador
Medemblik	NL	Europe/Amsterdam
Pyt-Yakh	RU	Asia/Yekaterinburg
Hladkivka	UA	Europe/Kyiv
Buffalo Grove	US	America/Chicago
Kodīnar	IN	Asia/Kolkata
Salima	MW	Africa/Blantyre
Pīleru	IN	Asia/Kolkata
Guye	CN	Asia/Shanghai
Urus-Martan	RU	Europe/Moscow
Woonsocket	US	America/New_York
Sidi Yahia El Gharb	MA	Africa/Casablanca
Ibara	JP	Asia/Tokyo
Comalcalco	MX	America/Merida
Shāhīn Dezh	IR	Asia/Tehran
Lokeren	BE	Europe/Brussels
Hiré	CI	Africa/Abidjan
West Hills	US	America/Los_Angeles
Yaţţā	PS	Asia/Hebron
Tine Biougra	MA	Africa/Casablanca
Istālif	AF	Asia/Kabul
Xinglong	CN	Asia/Shanghai
Djugu	CD	Africa/Lubumbashi
Vasto	IT	Europe/Rome
Shirone	JP	Asia/Tokyo
Wilrijk	BE	Europe/Brussels
Dolo	ET	Africa/Addis_Ababa
Nebbi	UG	Africa/Kampala
Salon-de-Provence	FR	Europe/Paris
Lyudinovo	RU	Europe/Moscow
Tortuguitas	AR	America/Argentina/Buenos_Aires
Amami	JP	Asia/Tokyo
Bugojno	BA	Europe/Sarajevo
Pugachëv	RU	Europe/Saratov
Edmonds	US	America/Los_Angeles
Geidam	NG	Africa/Lagos
Naze	JP	Asia/Tokyo
Higuerote	VE	America/Caracas
Laisu	CN	Asia/Shanghai
Lichtenberg	DE	Europe/Berlin
Cuilapa	GT	America/Guatemala
Pirāyiri	IN	Asia/Kolkata
Socorro	BR	America/Sao_Paulo
Coity	GB	Europe/London
Newburn	GB	Europe/London
Dogbo	BJ	Africa/Porto-Novo
Mirafiori Nord	IT	Europe/Rome
Holloway	GB	Europe/London
Westend	DE	Europe/Berlin
Rāmganj Mandi	IN	Asia/Kolkata
Chengxi	CN	Asia/Shanghai
Massiogo	ML	Africa/Bamako
Marana	US	America/Phoenix
Colinas	BR	America/Fortaleza
Welisara	LK	Asia/Colombo
Zelenokumsk	RU	Europe/Moscow
Shamkhir	AZ	Asia/Baku
Vaijāpur	IN	Asia/Kolkata
Shelton	US	America/New_York
Greenock	GB	Europe/London
Bury St Edmunds	GB	Europe/London
Masantol	PH	Asia/Manila
Bridgwater	GB	Europe/London
Huizen	NL	Europe/Amsterdam
Seevetal	DE	Europe/Berlin
Hatfield	GB	Europe/London
Draa el Mizan	DZ	Africa/Algiers
Curuçá	BR	America/Belem
Kannamangalam	IN	Asia/Kolkata
Cedar Falls	US	America/Chicago
Chatsworth	US	America/Los_Angeles
Mankhūl	AE	Asia/Dubai
Viborg	DK	Europe/Copenhagen
Lat Yao	TH	Asia/Bangkok
Shubrākhīt	EG	Africa/Cairo
Saundatti	IN	Asia/Kolkata
Chongxing	CN	Asia/Shanghai
Wunstorf	DE	Europe/Berlin
Bronkhorstspruit	ZA	Africa/Johannesburg
Constitución	CL	America/Santiago
Yomitan	JP	Asia/Tokyo
Gage Park	US	America/Chicago
Aghjabadi	AZ	Asia/Baku
Gebre Guracha	ET	Africa/Addis_Ababa
Ahlone	MM	Asia/Yangon
São Fidélis	BR	America/Sao_Paulo
Raḩīmah	SA	Asia/Riyadh
Madīnat Wādī an Naţrūn	EG	Africa/Cairo
Beverly	US	America/New_York
Leinfelden-Echterdingen	DE	Europe/Berlin
Jaggayyapeta	IN	Asia/Kolkata
Żyrardów	PL	Europe/Warsaw
Naryn	KG	Asia/Bishkek
Poti	GE	Asia/Tbilisi
Peddapalli	IN	Asia/Kolkata
Dhupgāri	IN	Asia/Kolkata
Triprangod	IN	Asia/Kolkata
San Pedro	MX	America/Monterrey
Königswinter	DE	Europe/Berlin
University	US	America/New_York
Coppell	US	America/Chicago
Timizart	DZ	Africa/Algiers
Tagbina	PH	Asia/Manila
Villarrica	PY	America/Asuncion
Valentín Alsina	AR	America/Argentina/Buenos_Aires
Tecuci	RO	Europe/Bucharest
Sehwan	PK	Asia/Karachi
Santo António dos Olivais	PT	Europe/Lisbon
Findlay	US	America/New_York
Mitsukaidō	JP	Asia/Tokyo
Dzerzhinskiy	RU	Europe/Moscow
Wokingham	GB	Europe/London
Saint-Germain-en-Laye	FR	Europe/Paris
Basankusu	CD	Africa/Kinshasa
Shinjō	JP	Asia/Tokyo
Mirzāpur	BD	Asia/Dhaka
Toritama	BR	America/Recife
Sesimbra	PT	Europe/Lisbon
Bensheim	DE	Europe/Berlin
Paraguaçu Paulista	BR	America/Sao_Paulo
Xunsi	CN	Asia/Shanghai
Campbell	US	America/Los_Angeles
Capannori	IT	Europe/Rome
Baisheng	CN	Asia/Shanghai
Chākan	IN	Asia/Kolkata
Washuk	PK	Asia/Karachi
Jiguaní	CU	America/Havana
Juína	BR	America/Cuiaba
Unzen	JP	Asia/Tokyo
Tebesbest	DZ	Africa/Algiers
Alcantarilla	ES	Europe/Madrid
Ipu	BR	America/Fortaleza
Goianésia do Pará	BR	America/Belem
Liwonde	MW	Africa/Blantyre
Dungu	CD	Africa/Kinshasa
Taounate	MA	Africa/Casablanca
Nong Khae	TH	Asia/Bangkok
Malilipot	PH	Asia/Manila
Al Quşayr	SY	Asia/Damascus
Lake Ridge	US	America/New_York
Bharthana	IN	Asia/Kolkata
Burke	US	America/New_York
Merano	IT	Europe/Rome
Mankato	US	America/Chicago
Chunggang	KP	Asia/Pyongyang
Vaukavysk	BY	Europe/Minsk
Birsk	RU	Asia/Yekaterinburg
Chisankane	ZM	Africa/Lusaka
La Unión	CO	America/Bogota
Tuxiang	CN	Asia/Shanghai
Bazar-Korgon	KG	Asia/Bishkek
Annandale	US	America/New_York
Bastia	FR	Europe/Paris
Strawberry Hill	CA	America/Vancouver
Centre City	CA	America/Edmonton
Welling	GB	Europe/London
Gjorče Petro	MK	Europe/Skopje
Karachi University Employees Co-operative Housing Society	PK	Asia/Karachi
As Saţwah	AE	Asia/Dubai
Covington	US	America/New_York
New City	US	America/Chicago
Bou Ismaïl	DZ	Africa/Algiers
Morris Heights	US	America/New_York
Peachtree Corners	US	America/New_York
Rio Real	BR	America/Bahia
Patti	IN	Asia/Kolkata
South Valley	US	America/Denver
Val-des-Arbres	CA	America/Toronto
Sengkurong	BN	Asia/Brunei
Esperantina	BR	America/Fortaleza
Ormond Beach	US	America/New_York
Pocito	AR	America/Argentina/San_Juan
Jalārpet	IN	Asia/Kolkata
Buco Zau	AO	Africa/Luanda
Ilkeston	GB	Europe/London
Völklingen	DE	Europe/Berlin
Trowbridge	GB	Europe/London
Balaka	MW	Africa/Blantyre
Carrollwood Village	US	America/New_York
Salwá	KW	Asia/Kuwait
Nanmen	CN	Asia/Shanghai
Huntsville	US	America/Chicago
Baihe	CN	Asia/Shanghai
Ciudad Constitución	MX	America/Mazatlan
Loma Bonita	MX	America/Mexico_City
Beringen	BE	Europe/Brussels
Marseille 01	FR	Europe/Paris
Świnoujście	PL	Europe/Warsaw
Germering	DE	Europe/Berlin
Bishops Stortford	GB	Europe/London
Gerona	PH	Asia/Manila
São Gotardo	BR	America/Sao_Paulo
Hadong	KR	Asia/Seoul
Muaná	BR	America/Belem
Niendorf	DE	Europe/Berlin
Poble Sec	ES	Europe/Madrid
Várzea Alegre	BR	America/Fortaleza
Lugulu	KE	Africa/Nairobi
Ka'ersai	CN	Asia/Urumqi
Stittsville	CA	America/Toronto
Prescot	GB	Europe/London
Fredericia	DK	Europe/Copenhagen
Venice	US	America/Los_Angeles
Vadgaon	IN	Asia/Kolkata
Frolovo	RU	Europe/Volgograd
Meftah	DZ	Africa/Algiers
Borken	DE	Europe/Berlin
Sakhipur	BD	Asia/Dhaka
Machadinho d'Oeste	BR	America/Porto_Velho
Gremda	TN	Africa/Tunis
Naushahra Virkan	PK	Asia/Karachi
Sirinhaém	BR	America/Recife
Buchholz in der Nordheide	DE	Europe/Berlin
Samal	PH	Asia/Manila
Tālcher	IN	Asia/Kolkata
Minamiashigara	JP	Asia/Tokyo
Uruaçu	BR	America/Sao_Paulo
Tumba	SE	Europe/Stockholm
Sants	ES	Europe/Madrid
Anyuan	CN	Asia/Shanghai
Mozdok	RU	Europe/Moscow
Manurewa	NZ	Pacific/Auckland
Ancud	CL	America/Santiago
Turaif	SA	Asia/Riyadh
Thottada	IN	Asia/Kolkata
Kalliyoor	IN	Asia/Kolkata
Sumter	US	America/New_York
Arantāngi	IN	Asia/Kolkata
Vangaindrano	MG	Indian/Antananarivo
Annapolis	US	America/New_York
Mboro	SN	Africa/Dakar
Shepetivka	UA	Europe/Kyiv
Zé Doca	BR	America/Fortaleza
Kitob	UZ	Asia/Samarkand
Sinjai	ID	Asia/Makassar
Oranienburg	DE	Europe/Berlin
Hondomachi-hondo	JP	Asia/Tokyo
Quincy	US	America/Chicago
Wilkes-Barre	US	America/New_York
Edremit	TR	Europe/Istanbul
Swords	IE	Europe/Dublin
Lodi	IT	Europe/Rome
Kannabechō-yahiro	JP	Asia/Tokyo
Itoigawa	JP	Asia/Tokyo
Gönen	TR	Europe/Istanbul
Lincoln Square	US	America/Chicago
Pánuco	MX	America/Mexico_City
Pariaguán	VE	America/Caracas
Eisenach	DE	Europe/Berlin
Souma	DZ	Africa/Algiers
La Puente	US	America/Los_Angeles
Carcar	PH	Asia/Manila
Sète	FR	Europe/Paris
Kingswood	GB	Europe/London
Chiaia	IT	Europe/Rome
Khūrmūj	IR	Asia/Tehran
Athiyannur	IN	Asia/Kolkata
Ipiaú	BR	America/Bahia
Kansanshi	ZM	Africa/Lusaka
Tiel	NL	Europe/Amsterdam
Icchannūr	IN	Asia/Kolkata
Agano	JP	Asia/Tokyo
Ouled Moussa	DZ	Africa/Algiers
Yelizovo	RU	Asia/Kamchatka
Pazundaung	MM	Asia/Yangon
Xili	CN	Asia/Shanghai
Holyoke	US	America/New_York
Patulul	GT	America/Guatemala
Bolesławiec	PL	Europe/Warsaw
Itabaianinha	BR	America/Maceio
Pirot	RS	Europe/Belgrade
Khawr Fakkān	AE	Asia/Dubai
Ouesso	CG	Africa/Brazzaville
Sherman	US	America/Chicago
Sherghāti	IN	Asia/Kolkata
Bouznika	MA	Africa/Casablanca
Bhādra	IN	Asia/Kolkata
Anglet	FR	Europe/Paris
Savelugu	GH	Africa/Accra
Sighetu Marmaţiei	RO	Europe/Bucharest
Rødovre	DK	Europe/Copenhagen
Sonyachnyi	UA	Europe/Kyiv
Puteaux	FR	Europe/Paris
Jhajha	IN	Asia/Kolkata
Cheorwon	KR	Asia/Seoul
Katō	JP	Asia/Tokyo
Santa Rita do Sapucaí	BR	America/Sao_Paulo
Goose Creek	US	America/New_York
Acacías	CO	America/Bogota
Ghātsīla	IN	Asia/Kolkata
Carrizal	VE	America/Caracas
Pontian Besar	MY	Asia/Kuala_Lumpur
Luolong	CN	Asia/Shanghai
Río Blanco	MX	America/Mexico_City
Lorica	CO	America/Bogota
Guimarães	PT	Europe/Lisbon
Yirga Ch’efē	ET	Africa/Addis_Ababa
Šilainiai	LT	Europe/Vilnius
Butha-Buthe	LS	Africa/Maseru
Dharmanagar	IN	Asia/Kolkata
Méhana	NE	Africa/Niamey
Kayalpattinam	IN	Asia/Kolkata
Remanso	BR	America/Bahia
Le Lamentin	MQ	America/Martinique
Nowgong	IN	Asia/Kolkata
Pinneberg	DE	Europe/Berlin
Oliveira	BR	America/Sao_Paulo
Ōzu	JP	Asia/Tokyo
Sciacca	IT	Europe/Rome
Savanūr	IN	Asia/Kolkata
Maplewood	US	America/Chicago
Bosconia	CO	America/Bogota
Nailā	IN	Asia/Kolkata
Teknāf	BD	Asia/Dhaka
Ancaster	CA	America/Toronto
Südstadt	DE	Europe/Berlin
Streamwood	US	America/Chicago
Fitchburg	US	America/New_York
Nannambra	IN	Asia/Kolkata
Lordegān	IR	Asia/Tehran
Corbeil-Essonnes	FR	Europe/Paris
Mai Dịch	VN	Asia/Bangkok
Gaurnadi	BD	Asia/Dhaka
Harderwijk	NL	Europe/Amsterdam
Cascina	IT	Europe/Rome
Antsohihy	MG	Indian/Antananarivo
Hilton Head Island	US	America/New_York
Manapparai	IN	Asia/Kolkata
Boyampālaiyam	IN	Asia/Kolkata
Yabrūd	SY	Asia/Damascus
Bedelē	ET	Africa/Addis_Ababa
Kālia	BD	Asia/Dhaka
Přerov	CZ	Europe/Prague
Djenné	ML	Africa/Bamako
Mukdahan	TH	Asia/Bangkok
Palomeras Bajas	ES	Europe/Madrid
La Quinta	US	America/Los_Angeles
Buzi	TW	Asia/Taipei
Wilhelmstadt	DE	Europe/Berlin
Eiguliai	LT	Europe/Vilnius
Apsheronsk	RU	Europe/Moscow
Kallakkurichchi	IN	Asia/Kolkata
Kulathummal	IN	Asia/Kolkata
Ara-dong	KR	Asia/Seoul
Crystal Lake	US	America/Chicago
Kanegusuku	JP	Asia/Tokyo
Rantepao	ID	Asia/Makassar
Ettumānūr	IN	Asia/Kolkata
Ghātampur	IN	Asia/Kolkata
Hagerstown	US	America/New_York
Sihu	CN	Asia/Shanghai
Toyosu	JP	Asia/Tokyo
San Gabriel	US	America/Los_Angeles
Al Mijlad	SD	Africa/Khartoum
Casco Histórico de Vallecas	ES	Europe/Madrid
Channarāyapatna	IN	Asia/Kolkata
Akivīdu	IN	Asia/Kolkata
Apia	WS	Pacific/Apia
Garango	BF	Africa/Ouagadougou
Woodstock	CA	America/Toronto
Reuleuet	ID	Asia/Jakarta
Alexandria	RO	Europe/Bucharest
Paris 06 Luxembourg	FR	Europe/Paris
Bol'šoj Kamen'	RU	Asia/Vladivostok
Pyu	MM	Asia/Yangon
Alta Gracia	AR	America/Argentina/Cordoba
Yambio	SS	Africa/Juba
Kovvūr	IN	Asia/Kolkata
Jacarezinho	BR	America/Sao_Paulo
Hickory	US	America/New_York
Mutang	CN	Asia/Shanghai
Hirai	JP	Asia/Tokyo
Bentung	MY	Asia/Kuala_Lumpur
San Isidro	ES	Europe/Madrid
Beverly Cove	US	America/New_York
Almenara	BR	America/Sao_Paulo
Vellakkovil	IN	Asia/Kolkata
Pat Heung	HK	Asia/Hong_Kong
Buritis	BR	America/Porto_Velho
Winter Garden	US	America/New_York
Carol Stream	US	America/Chicago
Nowa Sól	PL	Europe/Warsaw
Bougadoum	MR	Africa/Nouakchott
Kirambo	RW	Africa/Kigali
Inhambupe	BR	America/Bahia
Sabalgarh	IN	Asia/Kolkata
Bhālki	IN	Asia/Kolkata
Shiwan	CN	Asia/Shanghai
Molina	CL	America/Santiago
Ngaoundal	CM	Africa/Douala
Yuntai	CN	Asia/Shanghai
Pirna	DE	Europe/Berlin
Kayan	MM	Asia/Yangon
Haugesund	NO	Europe/Oslo
Aurich	DE	Europe/Berlin
Kāttipparutti	IN	Asia/Kolkata
Tarawa	KI	Pacific/Tarawa
Talas	KG	Asia/Bishkek
Mirny	RU	Asia/Yakutsk
Shamakhi	AZ	Asia/Baku
Murtajāpur	IN	Asia/Kolkata
Peringathur	IN	Asia/Kolkata
Autazes	BR	America/Manaus
Bébédja	TD	Africa/Ndjamena
Solan	IN	Asia/Kolkata
Pereslavl’-Zalesskiy	RU	Europe/Moscow
Durazno	UY	America/Montevideo
Bang Phai	TH	Asia/Bangkok
Mamatid	PH	Asia/Manila
Anfu	CN	Asia/Shanghai
Arawa	PG	Pacific/Bougainville
Rouached	DZ	Africa/Algiers
Barmbek-Nord	DE	Europe/Berlin
Warren	US	America/New_York
Ampanihy	MG	Indian/Antananarivo
Saḩāb	JO	Asia/Amman
Marcianise	IT	Europe/Rome
Nādāpuram	IN	Asia/Kolkata
Pärnu	EE	Europe/Tallinn
Mingguang	CN	Asia/Shanghai
Santa Rosalía de Camargo	MX	America/Chihuahua
Gursahāiganj	IN	Asia/Kolkata
Nürtingen	DE	Europe/Berlin
Kirchheim unter Teck	DE	Europe/Berlin
Bilychi	UA	Europe/Kyiv
Tosno	RU	Europe/Moscow
Maihar	IN	Asia/Kolkata
Marlboro	US	America/New_York
Soe	ID	Asia/Makassar
San Javier	CL	America/Santiago
Nanshu	CN	Asia/Shanghai
Puerto Real	ES	Europe/Madrid
Salinas	BR	America/Sao_Paulo
Juwana	ID	Asia/Jakarta
Ban Na	TH	Asia/Bangkok
Capacho Nuevo	VE	America/Caracas
Rāvar	IR	Asia/Tehran
Aldershot	GB	Europe/London
Bantvāl	IN	Asia/Kolkata
Ndop	CM	Africa/Douala
Dohazāri	BD	Asia/Dhaka
Buckow	DE	Europe/Berlin
Had Soualem	MA	Africa/Casablanca
Åsane	NO	Europe/Oslo
Dongyang	CN	Asia/Shanghai
Cifuentes	CU	America/Havana
Gourcy	BF	Africa/Ouagadougou
Plasencia	ES	Europe/Madrid
Pallipalayam	IN	Asia/Kolkata
Héliopolis	DZ	Africa/Algiers
Cihuatlán	MX	America/Mexico_City
Tucumã	BR	America/Belem
Gramado	BR	America/Sao_Paulo
Vargem Grande do Sul	BR	America/Sao_Paulo
Guarda	PT	Europe/Lisbon
Mapusa	IN	Asia/Kolkata
Märkisches Viertel	DE	Europe/Berlin
Vernon	CA	America/Vancouver
Balzar	EC	America/Guayaquil
Luga	RU	Europe/Moscow
Tāki	IN	Asia/Kolkata
Akalkot	IN	Asia/Kolkata
Boumhel El Bassatine	TN	Africa/Tunis
Chiredzi	ZW	Africa/Harare
Maştağa	AZ	Asia/Baku
Nyaungdon	MM	Asia/Yangon
Kasumigaura	JP	Asia/Tokyo
Kashira	RU	Europe/Moscow
Khairpur	PK	Asia/Karachi
Teaneck	US	America/New_York
São Paulo de Olivença	BR	America/Manaus
Nibong Tebal	MY	Asia/Kuala_Lumpur
Pénjamo	MX	America/Mexico_City
San Juan del Cesar	CO	America/Bogota
Daxing	CN	Asia/Shanghai
Maner	IN	Asia/Kolkata
Zugdidi	GE	Asia/Tbilisi
Calexico	US	America/Los_Angeles
Mālūr	IN	Asia/Kolkata
Sasayama	JP	Asia/Tokyo
Świdnik	PL	Europe/Warsaw
Blanes	ES	Europe/Madrid
Corfu	GR	Europe/Athens
Korkino	RU	Asia/Yekaterinburg
Curitibanos	BR	America/Sao_Paulo
Bakhri	IN	Asia/Kolkata
Kópavogur	IS	Atlantic/Reykjavik
Mayyanād	IN	Asia/Kolkata
Túquerres	CO	America/Bogota
Mappilaiurani	IN	Asia/Kolkata
Mahanoro	MG	Indian/Antananarivo
Kidal	ML	Africa/Bamako
Villa Altagracia	DO	America/Santo_Domingo
Florence	US	America/Chicago
Raub	MY	Asia/Kuala_Lumpur
San Pedro Sacatepéquez	GT	America/Guatemala
Ţubarjal	SA	Asia/Riyadh
Melur	IN	Asia/Kolkata
Huejutla de Reyes	MX	America/Mexico_City
Tatsunochō-tominaga	JP	Asia/Tokyo
Khanzhonkove	UA	Europe/Kyiv
Káto Lakatámeia	CY	Asia/Nicosia
Charlottenlund	DK	Europe/Copenhagen
Ballerup	DK	Europe/Copenhagen
Bloxwich	GB	Europe/London
Pekan Bahapal	ID	Asia/Jakarta
Hāsimāra	IN	Asia/Kolkata
Sathupalli	IN	Asia/Kolkata
Nowshahr	IR	Asia/Tehran
Nicastro	IT	Europe/Rome
Lisakovsk	KZ	Asia/Qostanay
Antakalnis	LT	Europe/Vilnius
Imzouren	MA	Africa/Casablanca
Bukit Gambir	MY	Asia/Kuala_Lumpur
Bangsar	MY	Asia/Kuala_Lumpur
Bandar Tun Hussein Onn	MY	Asia/Kuala_Lumpur
Taman Sri Sinar	MY	Asia/Kuala_Lumpur
Chari̇̄koṭ	NP	Asia/Kathmandu
Choa Saidan Shah	PK	Asia/Karachi
Chak	PK	Asia/Karachi
Yagry	RU	Europe/Moscow
Langepas	RU	Asia/Yekaterinburg
Njala	SL	Africa/Freetown
Namanyere	TZ	Africa/Dar_es_Salaam
Mlowo	TZ	Africa/Dar_es_Salaam
Mapinga	TZ	Africa/Dar_es_Salaam
Geiro	TZ	Africa/Dar_es_Salaam
Dumila	TZ	Africa/Dar_es_Salaam
Telychka	UA	Europe/Kyiv
Novyi Lviv	UA	Europe/Kyiv
St. Johns	US	America/New_York
Uchqŭrghon Shahri	UZ	Asia/Tashkent
Güiria	VE	America/Caracas
Istok	XK	Europe/Belgrade
Gangtou	CN	Asia/Shanghai
Ewell	GB	Europe/London
Kagano	RW	Africa/Kigali
Granadilla de Abona	ES	Atlantic/Canary
Shwenatha	MM	Asia/Yangon
Pūranpur	IN	Asia/Kolkata
Kiryat Ono	IL	Asia/Jerusalem
Sama	ES	Europe/Madrid
Shakopee	US	America/Chicago
Trenque Lauquen	AR	America/Argentina/Buenos_Aires
Chrzanów	PL	Europe/Warsaw
Pojuca	BR	America/Bahia
Aklūj	IN	Asia/Kolkata
San Andrés Cholula	MX	America/Mexico_City
Chascomús	AR	America/Argentina/Buenos_Aires
Kolomyagi	RU	Europe/Moscow
Massakory	TD	Africa/Ndjamena
Segovia	CO	America/Bogota
Tighenif	DZ	Africa/Algiers
Kyaukme	MM	Asia/Yangon
Bānsi	IN	Asia/Kolkata
Cantù	IT	Europe/Rome
Đan Phượng	VN	Asia/Bangkok
Zhaojia	CN	Asia/Shanghai
Shuanghuai	CN	Asia/Shanghai
Kampong Pangkal Kalong	MY	Asia/Kuala_Lumpur
Billerica	US	America/New_York
Norwich	US	America/New_York
Mingshan	CN	Asia/Shanghai
Qiryat Yam	IL	Asia/Jerusalem
Écija	ES	Europe/Madrid
Kord Kūy	IR	Asia/Tehran
Uray	RU	Asia/Yekaterinburg
Bīlāspur	IN	Asia/Kolkata
Vadavalli	IN	Asia/Kolkata
Minawa	JP	Asia/Tokyo
Chenshi	CN	Asia/Shanghai
Colniza	BR	America/Cuiaba
Thakurdwara	IN	Asia/Kolkata
Kīsh	IR	Asia/Tehran
Boa Esperança	BR	America/Sao_Paulo
Alexeyevka	RU	Europe/Moscow
Garges-lès-Gonesse	FR	Europe/Paris
Vic	ES	Europe/Madrid
Zvolen	SK	Europe/Bratislava
Sŭngho 1-tong	KP	Asia/Pyongyang
Roanne	FR	Europe/Paris
Rajapolah	ID	Asia/Jakarta
Amherst	US	America/New_York
Hückelhoven	DE	Europe/Berlin
Duncanville	US	America/Chicago
New Berlin	US	America/Chicago
Marlborough	US	America/New_York
Espírito Santo do Pinhal	BR	America/Sao_Paulo
Oakley	US	America/Los_Angeles
Xicotepec de Juárez	MX	America/Mexico_City
Villamontes	BO	America/La_Paz
Corozal	CO	America/Bogota
Amudālavalasa	IN	Asia/Kolkata
Vyāra	IN	Asia/Kolkata
Canillas	ES	Europe/Madrid
Sanjiang	CN	Asia/Shanghai
Shu	KZ	Asia/Almaty
Santa Maria da Vitória	BR	America/Bahia
Umi	JP	Asia/Tokyo
Chenghai	CN	Asia/Shanghai
Lancaster	US	America/New_York
Fondi	IT	Europe/Rome
Kristianstad	SE	Europe/Stockholm
Al ‘Unayzah	QA	Asia/Qatar
Huaquillas	EC	America/Guayaquil
Ladhewala Waraich	PK	Asia/Karachi
Sawtelle	US	America/Los_Angeles
Hwange	ZW	Africa/Harare
Beni Saf	DZ	Africa/Algiers
North Shields	GB	Europe/London
Taal	PH	Asia/Manila
El Hadjira	DZ	Africa/Algiers
Bhavāni	IN	Asia/Kolkata
Knurów	PL	Europe/Warsaw
Dachau	DE	Europe/Berlin
Baojia	CN	Asia/Shanghai
Rozzano	IT	Europe/Rome
Halberstadt	DE	Europe/Berlin
Svetlograd	RU	Europe/Moscow
Shepherds Bush	GB	Europe/London
Avondale	US	America/Chicago
Romeoville	US	America/Chicago
Culver City	US	America/Los_Angeles
Samālkha	IN	Asia/Kolkata
Paraíso	CR	America/Costa_Rica
Montclair	US	America/New_York
Jaen	PH	Asia/Manila
Savigny-sur-Orge	FR	Europe/Paris
Qal‘at Şāliḩ	IQ	Asia/Baghdad
Lakkanahalli	IN	Asia/Kolkata
Morohongō	JP	Asia/Tokyo
Liji	CN	Asia/Shanghai
Sanok	PL	Europe/Warsaw
Gorod Shebekino	RU	Europe/Moscow
Çatalca	TR	Europe/Istanbul
Maarssen	NL	Europe/Amsterdam
Djapadji	CI	Africa/Abidjan
Porsa	IN	Asia/Kolkata
Kadungalūr	IN	Asia/Kolkata
Meridian	US	America/Chicago
Puyallup	US	America/Los_Angeles
Camiling	PH	Asia/Manila
Spandau	DE	Europe/Berlin
Duaca	VE	America/Caracas
Shichuan	CN	Asia/Shanghai
Dakoro	NE	Africa/Niamey
Huixian Chengguanzhen	CN	Asia/Shanghai
Hinigaran	PH	Asia/Manila
Kétou	BJ	Africa/Porto-Novo
Capelinha	BR	America/Sao_Paulo
Bang Lamung	TH	Asia/Bangkok
Mangalia	RO	Europe/Bucharest
Ambatofinandrahana	MG	Indian/Antananarivo
Zacatecoluca	SV	America/El_Salvador
Afşin	TR	Europe/Istanbul
Tamba-Sasayama	JP	Asia/Tokyo
Umán	MX	America/Merida
Custódia	BR	America/Recife
Bera	BD	Asia/Dhaka
Robit	ET	Africa/Addis_Ababa
Lumut	MY	Asia/Kuala_Lumpur
Cimin	TR	Europe/Istanbul
Metlili Chaamba	DZ	Africa/Algiers
Kālappatti	IN	Asia/Kolkata
Anandpur	IN	Asia/Kolkata
Kehl	DE	Europe/Berlin
Senekal	ZA	Africa/Johannesburg
Chaklāsi	IN	Asia/Kolkata
Nalayh	MN	Asia/Ulaanbaatar
Myrhorod	UA	Europe/Kyiv
Benoa	ID	Asia/Makassar
Afuá	BR	America/Belem
Nuevo San Carlos	GT	America/Guatemala
Rādhanpur	IN	Asia/Kolkata
Neumarkt in der Oberpfalz	DE	Europe/Berlin
Murshidābād	IN	Asia/Kolkata
Woburn	US	America/New_York
Riacho Fundo	BR	America/Sao_Paulo
Mettmann	DE	Europe/Berlin
San Clemente	CL	America/Santiago
Manakunnam	IN	Asia/Kolkata
Vyatskiye Polyany	RU	Europe/Kirov
Bhachāu	IN	Asia/Kolkata
Boldumsaz	TM	Asia/Ashgabat
Jalālābād	IN	Asia/Kolkata
Araquari	BR	America/Sao_Paulo
Löhne	DE	Europe/Berlin
Bremerton	US	America/Los_Angeles
Livry-Gargan	FR	Europe/Paris
Épinal	FR	Europe/Paris
Kurinjippādi	IN	Asia/Kolkata
Leslie	ZA	Africa/Johannesburg
São Gonçalo dos Campos	BR	America/Bahia
Karasu Mahallesi	TR	Europe/Istanbul
Presidente Epitácio	BR	America/Sao_Paulo
Tarutung	ID	Asia/Jakarta
Aobadai	JP	Asia/Tokyo
Pivnichni Osokorky	UA	Europe/Kyiv
Itápolis	BR	America/Sao_Paulo
Sabaneta	VE	America/Caracas
Kamp-Lintfort	DE	Europe/Berlin
Hallandale Beach	US	America/New_York
Dilbeek	BE	Europe/Brussels
Abadan	TM	Asia/Ashgabat
Óc Eo	VN	Asia/Ho_Chi_Minh
Tavda	RU	Asia/Yekaterinburg
Clovis	US	America/Denver
Hamanoichi	JP	Asia/Tokyo
Mibu	JP	Asia/Tokyo
Weslaco	US	America/Chicago
San Fernando de Henares	ES	Europe/Madrid
Cape Girardeau	US	America/Chicago
Líbano	CO	America/Bogota
Umm Ghuwaylīnah	QA	Asia/Qatar
Simei New Town	SG	Asia/Singapore
Bullhead City	US	America/Phoenix
Tây Tựu	VN	Asia/Bangkok
Andilamena	MG	Indian/Antananarivo
Mehendiganj	BD	Asia/Dhaka
Nõmme	EE	Europe/Tallinn
Ermesinde	PT	Europe/Lisbon
Lương Bằng	VN	Asia/Bangkok
Téra	NE	Africa/Niamey
Yesan	KR	Asia/Seoul
Wiradesa	ID	Asia/Jakarta
North Fort Myers	US	America/New_York
Mörön	MN	Asia/Ulaanbaatar
Dover	US	America/New_York
Wenquan	CN	Asia/Shanghai
Nejo	ET	Africa/Addis_Ababa
Asaita	ET	Africa/Addis_Ababa
Chelsea	US	America/New_York
San Pascual	PH	Asia/Manila
Grove City	US	America/New_York
Bor	RS	Europe/Belgrade
Bowmanville	CA	America/Toronto
Keat Hong Village	SG	Asia/Singapore
Changyŏn	KP	Asia/Pyongyang
Fatick	SN	Africa/Dakar
San Martín	SV	America/El_Salvador
Guáimaro	CU	America/Havana
Saint-Ouen	FR	Europe/Paris
Gondola	MZ	Africa/Maputo
Placilla	CL	America/Santiago
Sedam	IN	Asia/Kolkata
Zhuyuan	CN	Asia/Shanghai
José de Freitas	BR	America/Fortaleza
Chhāgalnāiya	BD	Asia/Dhaka
Kuala Kangsar	MY	Asia/Kuala_Lumpur
Vādāsinor	IN	Asia/Kolkata
Roi Et	TH	Asia/Bangkok
Amambai	BR	America/Campo_Grande
Mentiri	BN	Asia/Brunei
Phú Thương	VN	Asia/Bangkok
Kirov	RU	Europe/Moscow
Sampsonievskiy	RU	Europe/Moscow
Bodrum	TR	Europe/Istanbul
Rosário do Sul	BR	America/Sao_Paulo
Jisr ash Shughūr	SY	Asia/Damascus
Xilinji	CN	Asia/Shanghai
Princeton	US	America/New_York
Kampli	IN	Asia/Kolkata
Kāro	IN	Asia/Kolkata
Cacuso	AO	Africa/Luanda
Sipitang	MY	Asia/Kuching
Tetu	KE	Africa/Nairobi
Bom Jardim	BR	America/Recife
Cegléd	HU	Europe/Budapest
Tirkadavūr	IN	Asia/Kolkata
Pantubig	PH	Asia/Manila
Castle Hill	AU	Australia/Sydney
El Abiodh Sidi Cheikh	DZ	Africa/Algiers
Freital	DE	Europe/Berlin
Jogbani	IN	Asia/Kolkata
Guaíra	BR	America/Sao_Paulo
Mangbang	CN	Asia/Shanghai
Wichian Buri	TH	Asia/Bangkok
Lequn	CN	Asia/Shanghai
Soanierana Ivongo	MG	Indian/Antananarivo
Hitachiomiya	JP	Asia/Tokyo
Miranda de Ebro	ES	Europe/Madrid
Essex	US	America/New_York
Rio Negrinho	BR	America/Sao_Paulo
Mantua	IT	Europe/Rome
Atlantic City	US	America/New_York
Pacifica	US	America/Los_Angeles
Rezé	FR	Europe/Paris
San José del Castillo	MX	America/Mexico_City
Mūkondapalli	IN	Asia/Kolkata
Talipapa	PH	Asia/Manila
Baishikante	CN	Asia/Urumqi
Vyazniki	RU	Europe/Moscow
Germantown	US	America/Chicago
Sirohi	IN	Asia/Kolkata
Ōkawa	JP	Asia/Tokyo
Podilsk	UA	Europe/Kyiv
Pinamar	AR	America/Argentina/Buenos_Aires
Chhātak	BD	Asia/Dhaka
Aroor	IN	Asia/Kolkata
Gümüşhane	TR	Europe/Istanbul
Bonito	BR	America/Recife
Hasaki	JP	Asia/Tokyo
Los Reyes de Salgado	MX	America/Mexico_City
T’īs Isat	ET	Africa/Addis_Ababa
Saña	PE	America/Lima
Yuzhnoural’sk	RU	Asia/Yekaterinburg
Northglenn	US	America/Denver
Heemskerk	NL	Europe/Amsterdam
Far Rockaway	US	America/New_York
Sultan sa Barongis	PH	Asia/Manila
Ocozocoautla de Espinosa	MX	America/Merida
Teotônio Vilela	BR	America/Maceio
Visconde do Rio Branco	BR	America/Sao_Paulo
Olney	US	America/New_York
Khalabat	PK	Asia/Karachi
Yalvaç	TR	Europe/Istanbul
Caibarién	CU	America/Havana
Othukkungal	IN	Asia/Kolkata
Ghosī	IN	Asia/Kolkata
Muravlenko	RU	Asia/Yekaterinburg
Siegburg	DE	Europe/Berlin
Manggar	ID	Asia/Jakarta
Nguruka	TZ	Africa/Dar_es_Salaam
Whampoa	HK	Asia/Hong_Kong
Sumerpur	IN	Asia/Kolkata
Iwase	JP	Asia/Tokyo
Kensington	US	America/New_York
Bizen	JP	Asia/Tokyo
Coram	US	America/New_York
Soria	ES	Europe/Madrid
El Meghaïer	DZ	Africa/Algiers
Möng Yawng	MM	Asia/Yangon
Pehowa	IN	Asia/Kolkata
Lalibela	ET	Africa/Addis_Ababa
Yew Tee	SG	Asia/Singapore
Zaïo	MA	Africa/Casablanca
Kārakkād	IN	Asia/Kolkata
Higashimatsushima	JP	Asia/Tokyo
Wausau	US	America/Chicago
Sremska Mitrovica	RS	Europe/Belgrade
Jumayrā	AE	Asia/Dubai
Nūrpur	IN	Asia/Kolkata
Sakuragawa	JP	Asia/Tokyo
Vichuga	RU	Europe/Moscow
Rieti	IT	Europe/Rome
Bāniyās	SY	Asia/Damascus
Āstārā	IR	Asia/Tehran
Es Senia	DZ	Africa/Algiers
Montigny-le-Bretonneux	FR	Europe/Paris
Boucherville	CA	America/Toronto
Tulsi̇̄pur	NP	Asia/Kathmandu
Jinzhongzi	CN	Asia/Shanghai
Araioses	BR	America/Fortaleza
Venray	NL	Europe/Amsterdam
Talata Mafara	NG	Africa/Lagos
Revelganj	IN	Asia/Kolkata
Al Manqaf	KW	Asia/Kuwait
Izobil’nyy	RU	Europe/Moscow
Metlaoui	TN	Africa/Tunis
Hurst	US	America/Chicago
Batley	GB	Europe/London
Kamar Mushani	PK	Asia/Karachi
Kaseda-shirakame	JP	Asia/Tokyo
Ibusuki	JP	Asia/Tokyo
Bandar Country Homes	MY	Asia/Kuala_Lumpur
Cleethorpes	GB	Europe/London
Betamcherla	IN	Asia/Kolkata
Belpahar	IN	Asia/Kolkata
Maintal	DE	Europe/Berlin
Sidi Khaled	DZ	Africa/Algiers
Minakuchichō-matoba	JP	Asia/Tokyo
Spruce Grove	CA	America/Edmonton
Paracuru	BR	America/Fortaleza
Esperanza	MX	America/Hermosillo
Brčko	BA	Europe/Sarajevo
Tambopata	PE	America/Lima
Shili	CN	Asia/Shanghai
Vuosaari	FI	Europe/Helsinki
Noisy-le-Sec	FR	Europe/Paris
Melun	FR	Europe/Paris
Chīka	IN	Asia/Kolkata
Wodonga	AU	Australia/Melbourne
Paravūr Tekkumbhāgam	IN	Asia/Kolkata
Khao Saming	TH	Asia/Bangkok
Letpandan	MM	Asia/Yangon
São Raimundo Nonato	BR	America/Fortaleza
Pomigliano d'Arco	IT	Europe/Rome
Igualada	ES	Europe/Madrid
Brumadinho	BR	America/Sao_Paulo
Khwaeng Bang Khae	TH	Asia/Bangkok
St. Thomas	CA	America/Toronto
Rauma	FI	Europe/Helsinki
Menzel Temime	TN	Africa/Tunis
Bagneux	FR	Europe/Paris
Majenang	ID	Asia/Jakarta
Balu	CN	Asia/Shanghai
Doctor Juan Eulogio Estigarribia	PY	America/Asuncion
Ilopango	SV	America/El_Salvador
Políchni	GR	Europe/Athens
Tuvāgudi	IN	Asia/Kolkata
Marataizes	BR	America/Sao_Paulo
Yasugichō	JP	Asia/Tokyo
Dwārka	IN	Asia/Kolkata
Stanton	US	America/Los_Angeles
Aţ Ţārif	EG	Africa/Cairo
Aksay	RU	Europe/Moscow
Kampung Setia	MY	Asia/Kuala_Lumpur
Renyi	CN	Asia/Shanghai
New Badah	PK	Asia/Karachi
Gongping	CN	Asia/Shanghai
Sunbury	AU	Australia/Melbourne
Ikongo	MG	Indian/Antananarivo
Missira	GW	Africa/Bissau
Kotamangalam	IN	Asia/Kolkata
Ilmenau	DE	Europe/Berlin
Kātpādi	IN	Asia/Kolkata
Aliamanu / Salt Lakes / Foster Village	US	Pacific/Honolulu
São Mateus do Maranhão	BR	America/Fortaleza
Rangat	IN	Asia/Kolkata
Ngororero	RW	Africa/Kigali
Mikołów	PL	Europe/Warsaw
Backnang	DE	Europe/Berlin
Sagauli	IN	Asia/Kolkata
Skelmersdale	GB	Europe/London
Rāhuri	IN	Asia/Kolkata
Charlottetown	CA	America/Halifax
Saint-Joseph	RE	Indian/Reunion
Ōmagari	JP	Asia/Tokyo
Chinsali	ZM	Africa/Lusaka
Lancaster	US	America/Chicago
Friendswood	US	America/Chicago
Kavadarci	MK	Europe/Skopje
Bragado	AR	America/Argentina/Buenos_Aires
Chojnice	PL	Europe/Warsaw
Langen	DE	Europe/Berlin
Nyköping	SE	Europe/Stockholm
Żary	PL	Europe/Warsaw
Caeté	BR	America/Sao_Paulo
Yoshinogawa	JP	Asia/Tokyo
Buaran	ID	Asia/Jakarta
Beypazarı	TR	Europe/Istanbul
Massy	FR	Europe/Paris
Errenteria	ES	Europe/Madrid
Biebrich	DE	Europe/Berlin
Hlegu	MM	Asia/Yangon
Hoogeveen	NL	Europe/Amsterdam
Brás	BR	America/Sao_Paulo
Aweil	SS	Africa/Juba
Gummi	NG	Africa/Lagos
Sanāwad	IN	Asia/Kolkata
São Francisco do Conde	BR	America/Bahia
Fleet	GB	Europe/London
Ouro Branco	BR	America/Sao_Paulo
Nizhneudinsk	RU	Asia/Irkutsk
Haguenau	FR	Europe/Paris
Kondapalle	IN	Asia/Kolkata
Leningradskaya	RU	Europe/Moscow
Gainesville	US	America/New_York
São João da Barra	BR	America/Sao_Paulo
Montrouge	FR	Europe/Paris
Warendorf	DE	Europe/Berlin
The Acreage	US	America/New_York
Nālchiti	BD	Asia/Dhaka
Wichit	TH	Asia/Bangkok
West Oak Lane	US	America/New_York
Sankt Ingbert	DE	Europe/Berlin
Taibao	TW	Asia/Taipei
Montclair	US	America/Los_Angeles
Cumanayagua	CU	America/Havana
Hưng Mỹ	VN	Asia/Ho_Chi_Minh
Pīrmām	IQ	Asia/Baghdad
Yako	BF	Africa/Ouagadougou
Abingdon	GB	Europe/London
Nishiwaki	JP	Asia/Tokyo
Barendrecht	NL	Europe/Amsterdam
Vetapālem	IN	Asia/Kolkata
Falkenhagener Feld	DE	Europe/Berlin
Rincón de la Victoria	ES	Europe/Madrid
Minas	UY	America/Montevideo
Klebang Besar	MY	Asia/Kuala_Lumpur
Papaya	PH	Asia/Manila
Sangariā	IN	Asia/Kolkata
Retiro	AR	America/Argentina/Buenos_Aires
Kailua	US	Pacific/Honolulu
Marcq-en-Barœul	FR	Europe/Paris
Rock Island	US	America/Chicago
Aourir	MA	Africa/Casablanca
San Antonio	PH	Asia/Manila
Kuroishi	JP	Asia/Tokyo
Jalesar	IN	Asia/Kolkata
Kampung Baharu Nilai	MY	Asia/Kuala_Lumpur
Krian	ID	Asia/Jakarta
Nattakam	IN	Asia/Kolkata
Melchor Ocampo	MX	America/Mexico_City
Geraldton	AU	Australia/Perth
Vitrolles	FR	Europe/Paris
Binalbagan	PH	Asia/Manila
Whitney	US	America/Los_Angeles
São João Batista	BR	America/Sao_Paulo
Ettlingen	DE	Europe/Berlin
Draguignan	FR	Europe/Paris
Altenburg	DE	Europe/Berlin
Bailin	CN	Asia/Shanghai
Pivdennoukrainsk	UA	Europe/Kyiv
Schwabach	DE	Europe/Berlin
Oviedo	US	America/New_York
Paliā Kalān	IN	Asia/Kolkata
Santo Ovídio	PT	Europe/Lisbon
Phrae	TH	Asia/Bangkok
Kerava	FI	Europe/Helsinki
Rákospalota	HU	Europe/Budapest
El Hajeb	MA	Africa/Casablanca
Millerovo	RU	Europe/Moscow
Râmnicu Sărat	RO	Europe/Bucharest
Cauquenes	CL	America/Santiago
Carpentersville	US	America/Chicago
Bayāna	IN	Asia/Kolkata
Manhattan Valley	US	America/New_York
Szczecinek	PL	Europe/Warsaw
Lake Oswego	US	America/Los_Angeles
Santa Helena de Goiás	BR	America/Sao_Paulo
Tallbīsah	SY	Asia/Damascus
Rājula	IN	Asia/Kolkata
Tank	PK	Asia/Karachi
Portimão	PT	Europe/Lisbon
Sharm el-Sheikh	EG	Africa/Cairo
Daik-u	MM	Asia/Yangon
Ingeniero Pablo Nogués	AR	America/Argentina/Buenos_Aires
Alderetes	AR	America/Argentina/Tucuman
Voghera	IT	Europe/Rome
Muskogee	US	America/Chicago
Mirriah	NE	Africa/Niamey
Bodh Gaya	IN	Asia/Kolkata
Miyoshidai	JP	Asia/Tokyo
Burjassot	ES	Europe/Madrid
Kandalaksha	RU	Europe/Moscow
Wonopringgo	ID	Asia/Jakarta
Keru	IN	Asia/Kolkata
Ar Rāshidīyah	AE	Asia/Dubai
Vilafranca del Penedès	ES	Europe/Madrid
Dalnegorsk	RU	Asia/Vladivostok
Jiachuan	CN	Asia/Shanghai
Hobbs	US	America/Denver
Kalmar	SE	Europe/Stockholm
Choi Wan	HK	Asia/Hong_Kong
Muskegon	US	America/Detroit
Shinshicho	ET	Africa/Addis_Ababa
Hetoudian	CN	Asia/Shanghai
Caltagirone	IT	Europe/Rome
El Cerrito	CO	America/Bogota
Xihu	CN	Asia/Shanghai
Kollancode	IN	Asia/Kolkata
Westerville	US	America/New_York
Furmanov	RU	Europe/Moscow
Okanagan Mission	CA	America/Vancouver
Tunuyán	AR	America/Argentina/Mendoza
Fribourg	CH	Europe/Zurich
Glenrothes	GB	Europe/London
Bayanan	PH	Asia/Manila
Kilakarai	IN	Asia/Kolkata
Leuben	DE	Europe/Berlin
Bougara	DZ	Africa/Algiers
Ripollet	ES	Europe/Madrid
Anxiang	CN	Asia/Shanghai
el Camp de l'Arpa del Clot	ES	Europe/Madrid
Little Elm	US	America/Chicago
Nijkerk	NL	Europe/Amsterdam
Kumhāri	IN	Asia/Kolkata
Saarlouis	DE	Europe/Berlin
Hanover Park	US	America/Chicago
Steyr	AT	Europe/Vienna
Itaitinga	BR	America/Fortaleza
Novo Horizonte	BR	America/Sao_Paulo
Orlândia	BR	America/Sao_Paulo
Chikodi	IN	Asia/Kolkata
Oqtosh	UZ	Asia/Samarkand
Romny	UA	Europe/Kyiv
Køge	DK	Europe/Copenhagen
Hillsborough	US	America/New_York
Pweto	CD	Africa/Lubumbashi
Khairtal	IN	Asia/Kolkata
Iturama	BR	America/Sao_Paulo
Sinjār	IQ	Asia/Baghdad
Padang Rengas	MY	Asia/Kuala_Lumpur
Akbou	DZ	Africa/Algiers
Channelview	US	America/Chicago
Panama City	US	America/Chicago
El-Tor	EG	Africa/Cairo
Pathanāmthitta	IN	Asia/Kolkata
Tandlianwala	PK	Asia/Karachi
Linden	DE	Europe/Berlin
Ciampino	IT	Europe/Rome
Murata	JP	Asia/Tokyo
Zwedru	LR	Africa/Monrovia
Sochaczew	PL	Europe/Warsaw
Lens	FR	Europe/Paris
Maibara	JP	Asia/Tokyo
Brzeg	PL	Europe/Warsaw
São Pedro	BR	America/Sao_Paulo
Sīdī Barānī	EG	Africa/Cairo
Condado	CU	America/Havana
San Vicente	AR	America/Argentina/Cordoba
Chōrōd	IN	Asia/Kolkata
Ban Sang	TH	Asia/Bangkok
Barrancas	CO	America/Bogota
Florence	US	America/New_York
Bassano del Grappa	IT	Europe/Rome
Nandigāma	IN	Asia/Kolkata
Indi	IN	Asia/Kolkata
Chak Azam Sahu	PK	Asia/Karachi
Waipahu	US	Pacific/Honolulu
Shawinigan	CA	America/Toronto
Harbel	LR	Africa/Monrovia
Kondli	IN	Asia/Kolkata
Khetsamsenok	TH	Asia/Bangkok
Phola	ZA	Africa/Johannesburg
Xinxing	CN	Asia/Shanghai
Lyantor	RU	Asia/Yekaterinburg
Wake Forest	US	America/New_York
Kampung Alor Mengkudu	MY	Asia/Kuala_Lumpur
Ma‘ale Adummim	PS	Asia/Jerusalem
Buxtehude	DE	Europe/Berlin
Al Bīrah	PS	Asia/Hebron
Rio Brilhante	BR	America/Campo_Grande
Sant Antoni	ES	Europe/Madrid
Huber Heights	US	America/New_York
Tinaco	VE	America/Caracas
Canvey Island	GB	Europe/London
Ventanas	EC	America/Guayaquil
Ahaus	DE	Europe/Berlin
Zhancheng	CN	Asia/Shanghai
Savalou	BJ	Africa/Porto-Novo
Bherāmāra	BD	Asia/Dhaka
Surbiton	GB	Europe/London
Nueva Rosita	MX	America/Monterrey
Nildoh	IN	Asia/Kolkata
Sento Sé	BR	America/Bahia
Kadiolo	ML	Africa/Bamako
Miaozi	CN	Asia/Shanghai
Kabnur	IN	Asia/Kolkata
Haltern am See	DE	Europe/Berlin
Martinez	US	America/Los_Angeles
Gagny	FR	Europe/Paris
East Meadow	US	America/New_York
Malavalli	IN	Asia/Kolkata
Plettenberg Bay	ZA	Africa/Johannesburg
Tepotzotlán	MX	America/Mexico_City
Thới Bình	VN	Asia/Ho_Chi_Minh
Weixinghu	CN	Asia/Shanghai
Mühlhausen	DE	Europe/Berlin
Hegeng	CN	Asia/Shanghai
Fate	CN	Asia/Shanghai
Canaã dos Carajás	BR	America/Belem
Rengo	CL	America/Santiago
Gisborne	NZ	Pacific/Auckland
Saronno	IT	Europe/Rome
Khlong Yai	TH	Asia/Bangkok
Newala Kisimani	TZ	Africa/Dar_es_Salaam
Entre Rios	BR	America/Bahia
Kamiiso	JP	Asia/Tokyo
Limbang	MY	Asia/Kuching
Madīnat ‘Īsá	BH	Asia/Bahrain
Hanover	US	America/New_York
Burhaniye	TR	Europe/Istanbul
Chan Kasem	TH	Asia/Bangkok
Wheeling	US	America/Chicago
Apache Junction	US	America/Phoenix
Sūlūru	IN	Asia/Kolkata
Thanatpin	MM	Asia/Yangon
Celje	SI	Europe/Ljubljana
Whitley Bay	GB	Europe/London
Pleasant Grove	US	America/Denver
Socorro	BR	America/Sao_Paulo
Songwŏn	KP	Asia/Pyongyang
Songwŏn-ŭp	KP	Asia/Pyongyang
General Güemes	AR	America/Argentina/Salta
Mabote	LS	Africa/Maseru
Kāman	IN	Asia/Kolkata
Dej	RO	Europe/Bucharest
Nova Olinda do Norte	BR	America/Manaus
Brookfield	US	America/Chicago
Masamba	ID	Asia/Makassar
Dimitrovgrad	BG	Europe/Sofia
Saint-Chamond	FR	Europe/Paris
Chetwayi	IN	Asia/Kolkata
Dār as Salām	EG	Africa/Cairo
Hitoyoshi	JP	Asia/Tokyo
Nongthymmai	IN	Asia/Kolkata
Lasoano	ET	Africa/Addis_Ababa
Greenford	GB	Europe/London
Kennedy Town	HK	Asia/Hong_Kong
Shahbazpur	IN	Asia/Kolkata
Voorburg	NL	Europe/Amsterdam
Columbia Heights	US	America/New_York
Abū Qīr	EG	Africa/Cairo
Dhī as Sufāl	YE	Asia/Aden
Delaware	US	America/New_York
Hamm	DE	Europe/Berlin
Wādi	IN	Asia/Kolkata
Phultala	BD	Asia/Dhaka
Las Guacamayas	MX	America/Mexico_City
Longshan	CN	Asia/Shanghai
Ulianópolis	BR	America/Belem
’Aïn Azel	DZ	Africa/Algiers
Tirupati NMA	IN	Asia/Kolkata
Kranj	SI	Europe/Ljubljana
Roy	US	America/Denver
Valley Stream	US	America/New_York
‘Izbat al Burj	EG	Africa/Cairo
San José de los Cerrillos	AR	America/Argentina/Salta
Rolim de Moura do Guaporé	BR	America/Porto_Velho
Gauribidanur	IN	Asia/Kolkata
Tāsgaon	IN	Asia/Kolkata
La Chaux-de-Fonds	CH	Europe/Zurich
Umm Hājar	TD	Africa/Ndjamena
Neustadt/Süd	DE	Europe/Berlin
Spanish Fork	US	America/Denver
Weißenfels	DE	Europe/Berlin
Agar	IN	Asia/Kolkata
Stirling	GB	Europe/London
Volodymyr-Volynskyi	UA	Europe/Kyiv
Rajakilpakkam	IN	Asia/Kolkata
Rusape	ZW	Africa/Harare
Horn	DE	Europe/Berlin
Andkhoy	AF	Asia/Kabul
Keizer	US	America/Los_Angeles
Dukuria	BD	Asia/Dhaka
Pedro II	BR	America/Fortaleza
Tokai	JP	Asia/Tokyo
Guayacanes	DO	America/Santo_Domingo
Karatau	KZ	Asia/Almaty
Woodlawn	US	America/New_York
Lepaera	HN	America/Tegucigalpa
Gharonda Neemka Bangar	IN	Asia/Kolkata
Yŏnsa-ŭp	KP	Asia/Pyongyang
Heist-op-den-Berg	BE	Europe/Brussels
Arnold	GB	Europe/London
Dibai	IN	Asia/Kolkata
Lima	US	America/New_York
Chiúre	MZ	Africa/Maputo
Namlea	ID	Asia/Jayapura
Spartanburg	US	America/New_York
Santa Rosa de Osos	CO	America/Bogota
Vavatenina	MG	Indian/Antananarivo
Sint-Truiden	BE	Europe/Brussels
Madaoua	NE	Africa/Niamey
Robertsganj	IN	Asia/Kolkata
Pen	IN	Asia/Kolkata
Jasło	PL	Europe/Warsaw
Tarikere	IN	Asia/Kolkata
Maudaha	IN	Asia/Kolkata
Mateus Leme	BR	America/Sao_Paulo
Changshouhu	CN	Asia/Shanghai
Santaluz	BR	America/Bahia
Bron	FR	Europe/Paris
Caraballeda	VE	America/Caracas
Al Bayda	YE	Asia/Aden
Lubao	CD	Africa/Lubumbashi
Sathyamangalam	IN	Asia/Kolkata
Gharaunda	IN	Asia/Kolkata
Beckum	DE	Europe/Berlin
Hermitage	US	America/Chicago
Pentecoste	BR	America/Fortaleza
Los Rosales	ES	Europe/Madrid
Avezzano	IT	Europe/Rome
Baniachang	BD	Asia/Dhaka
Cheyyar	IN	Asia/Kolkata
Saray	AZ	Asia/Baku
Uchaly	RU	Asia/Yekaterinburg
Loralai	PK	Asia/Karachi
Ohangaron	UZ	Asia/Tashkent
Otan Ayegbaju	NG	Africa/Lagos
Patía	CO	America/Bogota
Sonepur	IN	Asia/Kolkata
Tayshet	RU	Asia/Irkutsk
Niwai	IN	Asia/Kolkata
Park Ridge	US	America/Chicago
Gogri Jamālpur	IN	Asia/Kolkata
Hofheim am Taunus	DE	Europe/Berlin
Mango	TG	Africa/Lome
San Antonio de Padua	AR	America/Argentina/Buenos_Aires
Haedo	AR	America/Argentina/Buenos_Aires
Puerto Píritu	VE	America/Caracas
Olkusz	PL	Europe/Warsaw
Saint-Raphaël	HT	America/Port-au-Prince
Bilāsipāra	IN	Asia/Kolkata
Monopoli	IT	Europe/Rome
Mombaça	BR	America/Fortaleza
Ontinyent	ES	Europe/Madrid
Fenway/Kenmore	US	America/New_York
Uglich	RU	Europe/Moscow
Vakfıkebir	TR	Europe/Istanbul
Jinshan	CN	Asia/Shanghai
Shahe	CN	Asia/Shanghai
Stendal	DE	Europe/Berlin
Qaşr-e Qand	IR	Asia/Tehran
Papakura	NZ	Pacific/Auckland
Kampung Ayer Keroh	MY	Asia/Kuala_Lumpur
Juanjuí	PE	America/Lima
Baja	HU	Europe/Budapest
Narón	ES	Europe/Madrid
Leblon	BR	America/Sao_Paulo
Nangli Sakrawat	IN	Asia/Kolkata
Mizunami	JP	Asia/Tokyo
Yolöten	TM	Asia/Ashgabat
Satānā	IN	Asia/Kolkata
Aghdam	AZ	Asia/Baku
Bedēsa	ET	Africa/Addis_Ababa
Rāwatbhāta	IN	Asia/Kolkata
Baldivis	AU	Australia/Perth
Massapê	BR	America/Fortaleza
Tsubata	JP	Asia/Tokyo
Bijeljina	BA	Europe/Sarajevo
Winter Haven	US	America/New_York
Gropiusstadt	DE	Europe/Berlin
Martina Franca	IT	Europe/Rome
Machado	BR	America/Sao_Paulo
Kanda	JP	Asia/Tokyo
Quarto	IT	Europe/Rome
Ksour Essaf	TN	Africa/Tunis
Zhonghe	CN	Asia/Shanghai
Agudos	BR	America/Sao_Paulo
Ellenabad	IN	Asia/Kolkata
Bosconia	CO	America/Bogota
Mae Chan	TH	Asia/Bangkok
Wānādongri	IN	Asia/Kolkata
Parola	IN	Asia/Kolkata
Staré Strašnice	CZ	Europe/Prague
Holešovice	CZ	Europe/Prague
Tietê	BR	America/Sao_Paulo
Coalville	GB	Europe/London
Jaíba	BR	America/Sao_Paulo
Nyahururu	KE	Africa/Nairobi
Aventura	US	America/New_York
Pāthri	IN	Asia/Kolkata
Kawanoechō	JP	Asia/Tokyo
Bopal	IN	Asia/Kolkata
Severna Park	US	America/New_York
Royal Palm Beach	US	America/New_York
St Albans	AU	Australia/Melbourne
Jeremoabo	BR	America/Bahia
Kulebaki	RU	Europe/Moscow
Chettipālaiyam	IN	Asia/Kolkata
Matozinhos	BR	America/Sao_Paulo
Leyland	GB	Europe/London
Tumeremo	VE	America/Caracas
Pontal	BR	America/Sao_Paulo
Damaia	PT	Europe/Lisbon
Chadderton	GB	Europe/London
Kwidzyn	PL	Europe/Warsaw
Gīnch’ī	ET	Africa/Addis_Ababa
Batī	ET	Africa/Addis_Ababa
Yasynuvata	UA	Europe/Kyiv
Pivnichno-Brovarskyi Masyv	UA	Europe/Kyiv
Troitsk	RU	Europe/Moscow
Bäherden	TM	Asia/Ashgabat
Beverwijk	NL	Europe/Amsterdam
Brighton	US	America/Denver
Rushden	GB	Europe/London
Taymā’	SA	Asia/Riyadh
Esplanada	BR	America/Bahia
Vilagarcía de Arousa	ES	Europe/Madrid
Banikoara	BJ	Africa/Porto-Novo
Ituverava	BR	America/Sao_Paulo
Phenix City	US	America/New_York
Karoi	ZW	Africa/Harare
Faratsiho	MG	Indian/Antananarivo
Puerto Varas	CL	America/Santiago
Milton	US	America/New_York
Kalbā	AE	Asia/Dubai
La Grita	VE	America/Caracas
Kidatu	TZ	Africa/Dar_es_Salaam
Neufchâtel-Est–Lebourgneuf	CA	America/Toronto
Boma la Ngombe	TZ	Africa/Dar_es_Salaam
Jarinu	BR	America/Sao_Paulo
Mandeni	ZA	Africa/Johannesburg
Kahrīzak	IR	Asia/Tehran
Kahrīzak	IR	Asia/Tehran
Sungurlu	TR	Europe/Istanbul
Barranco	PE	America/Lima
Jekulo	ID	Asia/Jakarta
Baksan	RU	Europe/Moscow
Talattala	IN	Asia/Kolkata
Perote	MX	America/Mexico_City
Tāybād	IR	Asia/Tehran
Braine-l'Alleud	BE	Europe/Brussels
Havelian	PK	Asia/Karachi
Muang Phônsavan	LA	Asia/Vientiane
Jincheng	TW	Asia/Taipei
Jhālrapātan	IN	Asia/Kolkata
Hemer	DE	Europe/Berlin
Tonekābon	IR	Asia/Tehran
Taman Tun Dr Ismail	MY	Asia/Kuala_Lumpur
Paidha	UG	Africa/Kampala
Sun City	US	America/Phoenix
Guariba	BR	America/Sao_Paulo
Zira	IN	Asia/Kolkata
Lake Worth Beach	US	America/New_York
Payandé	CO	America/Bogota
Pokrov	UA	Europe/Kyiv
Turiaçu	BR	America/Fortaleza
Grabouw	ZA	Africa/Johannesburg
Vaulx-en-Velin	FR	Europe/Paris
Považská Bystrica	SK	Europe/Bratislava
Kew Gardens Hills	US	America/New_York
Leh	IN	Asia/Kolkata
Falkensee	DE	Europe/Berlin
Jamaica Plain	US	America/New_York
Joué-lès-Tours	FR	Europe/Paris
Ogoja	NG	Africa/Lagos
Paracho de Verduzco	MX	America/Mexico_City
Monrovia	US	America/Los_Angeles
Dorcheh Pīāz	IR	Asia/Tehran
Hollister	US	America/Los_Angeles
Duvernay	CA	America/Toronto
Los Banos	US	America/Los_Angeles
Calaca	PH	Asia/Manila
Kānker	IN	Asia/Kolkata
Uto	JP	Asia/Tokyo
Cansanção	BR	America/Bahia
Porteirinha	BR	America/Sao_Paulo
Sārangpur	IN	Asia/Kolkata
Sewell	US	America/New_York
Arrah	CI	Africa/Abidjan
Sandūr	IN	Asia/Kolkata
Bāngarmau	IN	Asia/Kolkata
Karangnongko	ID	Asia/Jakarta
Kanigiri U	IN	Asia/Kolkata
Rezh	RU	Asia/Yekaterinburg
Posse	BR	America/Sao_Paulo
Yingpan	CN	Asia/Shanghai
Plant City	US	America/New_York
Anié	TG	Africa/Lome
Ipanema	BR	America/Sao_Paulo
Bayt Ḩānūn	PS	Asia/Gaza
Novovoronezh	RU	Europe/Moscow
Yihe	CN	Asia/Shanghai
Struga	MK	Europe/Skopje
Yeadon	GB	Europe/London
Jaito	IN	Asia/Kolkata
Matamey	NE	Africa/Niamey
Bambey	SN	Africa/Dakar
Aliança	BR	America/Recife
Dongargarh	IN	Asia/Kolkata
Phulbāni	IN	Asia/Kolkata
Tozeur	TN	Africa/Tunis
Progreso	MX	America/Merida
Lukwatini	ZA	Africa/Johannesburg
Alto De Pinheiros	BR	America/Sao_Paulo
Domaa-Ahenkro	GH	Africa/Accra
Lissone	IT	Europe/Rome
Katsuragi	JP	Asia/Tokyo
Lloret de Mar	ES	Europe/Madrid
Malayinkeezhu	IN	Asia/Kolkata
Greenfield	US	America/Chicago
Ḩarastā	SY	Asia/Damascus
Attingal	IN	Asia/Kolkata
Libenge	CD	Africa/Kinshasa
Perunkalattu	IN	Asia/Kolkata
Blyth	GB	Europe/London
Tynda	RU	Asia/Yakutsk
Morsi	IN	Asia/Kolkata
Frankston	AU	Australia/Melbourne
Marion	US	America/Chicago
Del Pilar	PH	Asia/Manila
Protvino	RU	Europe/Moscow
Pandan	PH	Asia/Manila
Nossa Senhora da Glória	BR	America/Maceio
Ataq	YE	Asia/Aden
Santa Cruz	BR	America/Fortaleza
Gecheng	CN	Asia/Shanghai
Dar el Beïda	DZ	Africa/Algiers
Mei Foo Sun Chuen	HK	Asia/Hong_Kong
Braintree	US	America/New_York
Tanjung	ID	Asia/Makassar
Falun	SE	Europe/Stockholm
Newnan	US	America/New_York
Alfortville	FR	Europe/Paris
São Manuel	BR	America/Sao_Paulo
Pilibangan	IN	Asia/Kolkata
La Courneuve	FR	Europe/Paris
Hanyuan	CN	Asia/Shanghai
Texarkana	US	America/Chicago
Eccles	GB	Europe/London
Banjul	GM	Africa/Banjul
Santos Lugares	AR	America/Argentina/Buenos_Aires
Warwick	GB	Europe/London
Sumusţā as Sulţānī	EG	Africa/Cairo
Wigston Magna	GB	Europe/London
Dubno	UA	Europe/Kyiv
Sestroretsk	RU	Europe/Moscow
Auburn	AU	Australia/Sydney
Tsz Wan Shan	HK	Asia/Hong_Kong
Aïn el Bya	DZ	Africa/Algiers
Jelilyüzi	CN	Asia/Urumqi
Villaflores	MX	America/Mexico_City
Nelamangala	IN	Asia/Kolkata
Assin Foso	GH	Africa/Accra
Sindgi	IN	Asia/Kolkata
Namialo	MZ	Africa/Maputo
Monterotondo	IT	Europe/Rome
Mananara	MG	Indian/Antananarivo
Vettūr	IN	Asia/Kolkata
Guanarito	VE	America/Caracas
Péhonko	BJ	Africa/Porto-Novo
Hoppers Crossing	AU	Australia/Melbourne
Bhadgaon	IN	Asia/Kolkata
Châtellerault	FR	Europe/Paris
Addison	US	America/Chicago
Jungpyong	KR	Asia/Seoul
Salvatierra	MX	America/Mexico_City
Rukungiri	UG	Africa/Kampala
Presidente Figueiredo	BR	America/Manaus
Xiluo	TW	Asia/Taipei
Köneürgenç	TM	Asia/Ashgabat
Bom Jesus do Itabapoana	BR	America/Sao_Paulo
Jacaltenango	GT	America/Guatemala
Fengolo	CI	Africa/Abidjan
Boseong	KR	Asia/Seoul
San Pablo	CO	America/Bogota
Reynoldsburg	US	America/New_York
Zeghanghane	MA	Africa/Casablanca
Ratia	IN	Asia/Kolkata
Nosy Varika	MG	Indian/Antananarivo
Kaki Bukit Estate	SG	Asia/Singapore
Tomobe	JP	Asia/Tokyo
South Jordan Heights	US	America/Denver
Odenton	US	America/New_York
São Caitano	BR	America/Recife
New Achimota	GH	Africa/Accra
Vanløse	DK	Europe/Copenhagen
Sam Phran	TH	Asia/Bangkok
Mableton	US	America/New_York
Villepinte	FR	Europe/Paris
Andújar	ES	Europe/Madrid
Sirūr	IN	Asia/Kolkata
Kanekomachi	JP	Asia/Tokyo
Ashta	IN	Asia/Kolkata
Adjumani	UG	Africa/Kampala
Hilton Head	US	America/New_York
Lālganj	IN	Asia/Kolkata
Tinnanūr	IN	Asia/Kolkata
Bantay	PH	Asia/Manila
Grants Pass	US	America/Los_Angeles
Oeiras	BR	America/Fortaleza
Bandipura	IN	Asia/Kolkata
Kalutara	LK	Asia/Colombo
Wayao	CN	Asia/Shanghai
Qorof	ET	Africa/Addis_Ababa
Tange	CN	Asia/Shanghai
Würselen	DE	Europe/Berlin
Redcar	GB	Europe/London
Indian Trail	US	America/New_York
Vasylkiv	UA	Europe/Kyiv
Bābarpur	IN	Asia/Kolkata
Bahía de Caráquez	EC	America/Guayaquil
Tokār	SD	Africa/Khartoum
Pedreiras	BR	America/Fortaleza
Pujali	IN	Asia/Kolkata
Heston	GB	Europe/London
Garhmuktesar	IN	Asia/Kolkata
Brasschaat	BE	Europe/Brussels
Sinsheim	DE	Europe/Berlin
Santa Rita	BR	America/Fortaleza
Kampene	CD	Africa/Lubumbashi
Kabare	CD	Africa/Lubumbashi
Calumet City	US	America/Chicago
Kassambya	TZ	Africa/Dar_es_Salaam
Mińsk Mazowiecki	PL	Europe/Warsaw
Giyani	ZA	Africa/Johannesburg
Saint-Benoît	RE	Indian/Reunion
Lagkadás	GR	Europe/Athens
Lincoln Park	US	America/Detroit
Don Benito	ES	Europe/Madrid
Yuanyang	CN	Asia/Shanghai
Guojia	CN	Asia/Shanghai
Douentza	ML	Africa/Bamako
Grimbergen	BE	Europe/Brussels
Centar	HR	Europe/Zagreb
Bentota	LK	Asia/Colombo
Fabijoniškės	LT	Europe/Vilnius
Cidade Universitária	PT	Europe/Lisbon
Rostokino	RU	Europe/Moscow
Sukhothai	TH	Asia/Bangkok
Tursunzoda	TJ	Asia/Dushanbe
Parque Lefevre	PA	America/Panama
Lynnwood	US	America/Los_Angeles
Bahādurganj	IN	Asia/Kolkata
Beşikdüzü	TR	Europe/Istanbul
Cesano Maderno	IT	Europe/Rome
Jesi	IT	Europe/Rome
Benfica	PT	Europe/Lisbon
Villeta	PY	America/Asuncion
Whitestone	US	America/New_York
Dom Pedrito	BR	America/Sao_Paulo
Belalcázar	CO	America/Bogota
Nakodar	IN	Asia/Kolkata
Farnham	GB	Europe/London
Paungde	MM	Asia/Yangon
Cibitoke	BI	Africa/Bujumbura
Oleśnica	PL	Europe/Warsaw
Vilvoorde	BE	Europe/Brussels
Lūnāvāda	IN	Asia/Kolkata
Hồng Lĩnh	VN	Asia/Bangkok
Laval-des-Rapides	CA	America/Toronto
Melito di Napoli	IT	Europe/Rome
Campos Novos	BR	America/Sao_Paulo
Goes	NL	Europe/Amsterdam
Castelo	BR	America/Sao_Paulo
Sassuolo	IT	Europe/Rome
Hanawa	JP	Asia/Tokyo
Serik	TR	Europe/Istanbul
Chester-le-Street	GB	Europe/London
Vazhayur	IN	Asia/Kolkata
Grand-Lahou	CI	Africa/Abidjan
Biyang	CN	Asia/Shanghai
Buston	TJ	Asia/Dushanbe
Beloit	US	America/Chicago
Talas	TR	Europe/Istanbul
Újlipótváros	HU	Europe/Budapest
Pimenta Bueno	BR	America/Porto_Velho
Belleville	US	America/New_York
Golbahār	IR	Asia/Tehran
Hojāi	IN	Asia/Kolkata
Akbarpur	IN	Asia/Kolkata
Dunhao	CN	Asia/Shanghai
Luoqi	CN	Asia/Shanghai
Muizenberg	ZA	Africa/Johannesburg
Longview	US	America/Los_Angeles
Santa Teresa	MX	America/Mexico_City
Sarzedo	BR	America/Sao_Paulo
Pylaía	GR	Europe/Athens
Skövde	SE	Europe/Stockholm
Santiago	MX	America/Monterrey
Vršovice	CZ	Europe/Prague
Debila	DZ	Africa/Algiers
Ronda	ES	Europe/Madrid
Los Palacios y Villafranca	ES	Europe/Madrid
Qina	CN	Asia/Shanghai
Missão Velha	BR	America/Fortaleza
Wermelskirchen	DE	Europe/Berlin
Or Yehuda	IL	Asia/Jerusalem
Pīpār	IN	Asia/Kolkata
Lanka	IN	Asia/Kolkata
Bek’ojī	ET	Africa/Addis_Ababa
Naujoji Vilnia	LT	Europe/Vilnius
Columbia	US	America/Chicago
Ipueiras	BR	America/Fortaleza
Puerta Bonita	ES	Europe/Madrid
Kamizawa	JP	Asia/Tokyo
Elixku	CN	Asia/Urumqi
Baulkham Hills	AU	Australia/Sydney
Nové Zámky	SK	Europe/Bratislava
San Jerónimo Cuatro Vientos	MX	America/Mexico_City
Chetouane	DZ	Africa/Algiers
Tuensang	IN	Asia/Kolkata
Great Malvern	GB	Europe/London
South Miami Heights	US	America/New_York
Tegel	DE	Europe/Berlin
Dargaz	IR	Asia/Tehran
Vuyyūru	IN	Asia/Kolkata
Lakshmeshwar	IN	Asia/Kolkata
Stouffville	CA	America/Toronto
Lucero	ES	Europe/Madrid
Chieri	IT	Europe/Rome
Houghton-Le-Spring	GB	Europe/London
Portage	US	America/Chicago
Westfield	US	America/Indiana/Indianapolis
New Albany	US	America/Kentucky/Louisville
Marratxí	ES	Europe/Madrid
Farafangana	MG	Indian/Antananarivo
Katsina-Ala	NG	Africa/Lagos
Kumta	IN	Asia/Kolkata
Liufeng	CN	Asia/Shanghai
Araçuaí	BR	America/Sao_Paulo
Eqbālīyeh	IR	Asia/Tehran
Malbork	PL	Europe/Warsaw
Yāval	IN	Asia/Kolkata
Clifton Park	US	America/New_York
Mudong	CN	Asia/Shanghai
Babīlē	ET	Africa/Addis_Ababa
Grugliasco	IT	Europe/Rome
Buyale	UG	Africa/Kampala
Bake	CN	Asia/Shanghai
Tilda Newra	IN	Asia/Kolkata
Zhiping	CN	Asia/Shanghai
Fort Lee	US	America/New_York
Sunan	KP	Asia/Pyongyang
Sant Adrià de Besòs	ES	Europe/Madrid
Stratford	GB	Europe/London
Alto Hama	AO	Africa/Luanda
Andapa	MG	Indian/Antananarivo
Kalinkovichi	BY	Europe/Minsk
Itambé	BR	America/Recife
Simpang	ID	Asia/Jakarta
Serdobsk	RU	Europe/Moscow
Bogorodsk	RU	Europe/Moscow
Brejo	BR	America/Fortaleza
Botataung	MM	Asia/Yangon
Barra	IT	Europe/Rome
Arris	DZ	Africa/Algiers
José Bonifácio	BR	America/Sao_Paulo
Coesfeld	DE	Europe/Berlin
Kaarina	FI	Europe/Helsinki
Dovercourt-Wallace Emerson-Junction	CA	America/Toronto
Esch-sur-Alzette	LU	Europe/Luxembourg
Kantharalak	TH	Asia/Bangkok
Kattivākkam	IN	Asia/Kolkata
Brighton	US	America/New_York
Peringottupulam	IN	Asia/Kolkata
Jawi	MY	Asia/Kuala_Lumpur
Bartlesville	US	America/Chicago
Yylanly	TM	Asia/Ashgabat
Bitterfeld-Wolfen	DE	Europe/Berlin
Wołomin	PL	Europe/Warsaw
Juan José Castelli	AR	America/Argentina/Cordoba
Médina Gounas	SN	Africa/Dakar
Schaffhausen	CH	Europe/Zurich
Fraiburgo	BR	America/Sao_Paulo
La Ceja	CO	America/Bogota
Kouango	CF	Africa/Bangui
Dadamtu	CN	Asia/Urumqi
Shetou	TW	Asia/Taipei
Xianlong	CN	Asia/Shanghai
Ewing	US	America/New_York
San Juan	US	America/Chicago
Salyan	AZ	Asia/Baku
Woodhaven	US	America/New_York
Sohna	IN	Asia/Kolkata
Temryuk	RU	Europe/Moscow
Washinomiya	JP	Asia/Tokyo
Schwäbisch Hall	DE	Europe/Berlin
Licata	IT	Europe/Rome
Upplands Väsby	SE	Europe/Stockholm
Odorheiu Secuiesc	RO	Europe/Bucharest
Hang Hau	HK	Asia/Hong_Kong
Patāmundai	IN	Asia/Kolkata
Amargosa	BR	America/Bahia
Lurup	DE	Europe/Berlin
Chuhuyiv	UA	Europe/Kyiv
Mendez-Nuñez	PH	Asia/Manila
Ar Rahad	SD	Africa/Khartoum
Haomen	CN	Asia/Shanghai
Longtan	CN	Asia/Shanghai
Pehuajó	AR	America/Argentina/Buenos_Aires
Herstal	BE	Europe/Brussels
Kodaikānāl	IN	Asia/Kolkata
Mission Bend	US	America/Chicago
Sunset	CA	America/Vancouver
Bichena	ET	Africa/Addis_Ababa
Āwash	ET	Africa/Addis_Ababa
Priorka	UA	Europe/Kyiv
Dashtobod	UZ	Asia/Tashkent
Zhetysay	KZ	Asia/Almaty
Ichchāpuram	IN	Asia/Kolkata
Cambrai	FR	Europe/Paris
Netishyn	UA	Europe/Kyiv
Kanie	JP	Asia/Tokyo
West Bridgford	GB	Europe/London
Bibiani	GH	Africa/Accra
Nokia	FI	Europe/Helsinki
Kozáni	GR	Europe/Athens
Niederkassel	DE	Europe/Berlin
Newton Abbot	GB	Europe/London
Florida	UY	America/Montevideo
Sarankhola	BD	Asia/Dhaka
Uzunköprü	TR	Europe/Istanbul
Daryāpur	IN	Asia/Kolkata
Matale	LK	Asia/Colombo
Iperó	BR	America/Sao_Paulo
Chunār	IN	Asia/Kolkata
Kajaani	FI	Europe/Helsinki
San Juan Capistrano	US	America/Los_Angeles
Amīnpur	IN	Asia/Kolkata
Mungeli	IN	Asia/Kolkata
Ar Rābiyah	KW	Asia/Kuwait
Igangan	NG	Africa/Lagos
Temblador	VE	America/Caracas
Qīāmdasht	IR	Asia/Tehran
Cái Đôi Vàm	VN	Asia/Ho_Chi_Minh
Osmancık	TR	Europe/Istanbul
Pahrump	US	America/Los_Angeles
Barnagar	IN	Asia/Kolkata
Cascais	PT	Europe/Lisbon
Masohi	ID	Asia/Jayapura
Pūrna	IN	Asia/Kolkata
Poissy	FR	Europe/Paris
Mangotsfield	GB	Europe/London
Maia	PT	Europe/Lisbon
Folweni	ZA	Africa/Johannesburg
Bocaranga	CF	Africa/Bangui
Östermalm	SE	Europe/Stockholm
Estahbān	IR	Asia/Tehran
Los Realejos	ES	Atlantic/Canary
Letlhakane	BW	Africa/Gaborone
Sutton in Ashfield	GB	Europe/London
Novokubansk	RU	Europe/Moscow
Lakki	PK	Asia/Karachi
Curuzú Cuatiá	AR	America/Argentina/Cordoba
Airdrie	GB	Europe/London
Khunti	IN	Asia/Kolkata
Modugno	IT	Europe/Rome
Luhuan	MO	Asia/Macau
Bongouanou	CI	Africa/Abidjan
Saint Charles	US	America/New_York
Sheybān	IR	Asia/Tehran
Tamamura	JP	Asia/Tokyo
Temple City	US	America/Los_Angeles
Česká Lípa	CZ	Europe/Prague
Porta Westfalica	DE	Europe/Berlin
Betafo	MG	Indian/Antananarivo
Marion	US	America/New_York
Mellunkylä	FI	Europe/Helsinki
Conflans-Sainte-Honorine	FR	Europe/Paris
Itu	NG	Africa/Lagos
La Troncal	EC	America/Guayaquil
M’Daourouch	DZ	Africa/Algiers
Mechanicsville	US	America/New_York
Prijedor	BA	Europe/Sarajevo
Sainte-Marguerite	FR	Europe/Paris
Jesús María	AR	America/Argentina/Cordoba
Datteln	DE	Europe/Berlin
Billericay	GB	Europe/London
Lufkin	US	America/Chicago
Pennsauken	US	America/New_York
Sukhoy Log	RU	Asia/Yekaterinburg
’Aïn el Turk	DZ	Africa/Algiers
Sakaiminato	JP	Asia/Tokyo
Rome	US	America/New_York
Borehamwood	GB	Europe/London
Ô Chợ Dừa	VN	Asia/Ho_Chi_Minh
Ramon	PH	Asia/Manila
Truganina	AU	Australia/Melbourne
Betong	MY	Asia/Kuching
Yabēlo	ET	Africa/Addis_Ababa
Mersa	ET	Africa/Addis_Ababa
Ādīs Zemen	ET	Africa/Addis_Ababa
Vršac	RS	Europe/Belgrade
Mattapan	US	America/New_York
Longxing	CN	Asia/Shanghai
Kouroussa	GN	Africa/Conakry
Hövsan	AZ	Asia/Baku
Nargund	IN	Asia/Kolkata
Marsabit	KE	Africa/Nairobi
Arys	KZ	Asia/Almaty
Claremont	US	America/Los_Angeles
Bel-Air	FR	Europe/Paris
Piaseczno	PL	Europe/Warsaw
Włochy	PL	Europe/Warsaw
Yaita	JP	Asia/Tokyo
Parappur	IN	Asia/Kolkata
Srono	ID	Asia/Jakarta
Jalilabad	AZ	Asia/Baku
Arucas	ES	Atlantic/Canary
Újpalota	HU	Europe/Budapest
Maasmechelen	BE	Europe/Brussels
Photharam	TH	Asia/Bangkok
Kamunting	MY	Asia/Kuala_Lumpur
Teruel	ES	Europe/Madrid
Neem ka Thana	IN	Asia/Kolkata
Bathurst	AU	Australia/Sydney
Qahā	EG	Africa/Cairo
Solano	PH	Asia/Manila
Franklin	US	America/Chicago
West Hollywood	US	America/Los_Angeles
Dachang	CN	Asia/Shanghai
Zürich (Kreis 10)	CH	Europe/Zurich
Richfield	US	America/Chicago
Vilappil	IN	Asia/Kolkata
Mim	GH	Africa/Accra
Quán Hàu	VN	Asia/Bangkok
Slantsy	RU	Europe/Moscow
Mont-de-Marsan	FR	Europe/Paris
Bell	US	America/Los_Angeles
Exmouth	GB	Europe/London
Izkī	OM	Asia/Muscat
Lewiston	US	America/New_York
Sugai	JP	Asia/Tokyo
Dimona	IL	Asia/Jerusalem
Zutphen	NL	Europe/Amsterdam
Varaždin	HR	Europe/Zagreb
Aparecida	BR	America/Sao_Paulo
Kestel	TR	Europe/Istanbul
el Guinardó	ES	Europe/Madrid
Nilanga	IN	Asia/Kolkata
Dunedin	US	America/New_York
Naharlagun	IN	Asia/Kolkata
Usuki	JP	Asia/Tokyo
Ameca	MX	America/Mexico_City
Butel	MK	Europe/Skopje
Kendall West	US	America/New_York
Del Rio	US	America/Chicago
Libeň	CZ	Europe/Prague
Boisar	IN	Asia/Kolkata
Hangu	PK	Asia/Karachi
Komatsushimachō	JP	Asia/Tokyo
Ben Ahmed	MA	Africa/Casablanca
Viana do Castelo	PT	Europe/Lisbon
’Aïn Deheb	DZ	Africa/Algiers
Bodocó	BR	America/Recife
Campo Novo do Parecis	BR	America/Cuiaba
Al Qunayţirah	SY	Asia/Damascus
Oakville	US	America/Chicago
Mrauk U	MM	Asia/Yangon
Kukës	AL	Europe/Tirane
Commack	US	America/New_York
An Nuşayrāt	PS	Asia/Gaza
Plaisir	FR	Europe/Paris
Rūdān	IR	Asia/Tehran
Menomonee Falls	US	America/Chicago
Ausa	IN	Asia/Kolkata
Tonbridge	GB	Europe/London
Gharyan	LY	Africa/Tripoli
Tchibanga	GA	Africa/Libreville
Petrolândia	BR	America/Recife
Moorpark	US	America/Los_Angeles
Girau do Ponciano	BR	America/Maceio
Sheraro	ET	Africa/Addis_Ababa
Dubti	ET	Africa/Addis_Ababa
Safed	IL	Asia/Jerusalem
Apodi	BR	America/Fortaleza
Sadābād	IN	Asia/Kolkata
Tomelloso	ES	Europe/Madrid
Sokolohirsk	UA	Europe/Kyiv
Core Neighbourhoods	CA	America/Regina
Gadsden	US	America/Chicago
Issaquah	US	America/Los_Angeles
Heunghae	KR	Asia/Seoul
Serangoon Garden	SG	Asia/Singapore
Agua Dulce	MX	America/Mexico_City
Llucmajor	ES	Europe/Madrid
As Sadd	QA	Asia/Qatar
Risalpur Cantonment	PK	Asia/Karachi
Acacias	ES	Europe/Madrid
Weituo	CN	Asia/Shanghai
Maspalomas	ES	Atlantic/Canary
Lyon 04	FR	Europe/Paris
Piumhi	BR	America/Sao_Paulo
Bindki	IN	Asia/Kolkata
Gigante	CO	America/Bogota
Mahālingpur	IN	Asia/Kolkata
Rāvu	IN	Asia/Kolkata
Ban Ang Sila	TH	Asia/Bangkok
Spring Hill	US	America/Chicago
Setouchi	JP	Asia/Tokyo
Pesterzsébet	HU	Europe/Budapest
Cenisia	IT	Europe/Rome
Setor Complementar de Indústria e Abastecimento	BR	America/Sao_Paulo
Mālpura	IN	Asia/Kolkata
Prosperidad	ES	Europe/Madrid
Wai	IN	Asia/Kolkata
Bramhapuri	IN	Asia/Kolkata
Trumbull	US	America/New_York
Shikaripura	IN	Asia/Kolkata
Teykovo	RU	Europe/Moscow
Rifu	JP	Asia/Tokyo
Olive Branch	US	America/Chicago
Mooresville	US	America/New_York
Guayaramerín	BO	America/La_Paz
Bel Air	PH	Asia/Manila
Shirdi	IN	Asia/Kolkata
Dubai International Financial Centre	AE	Asia/Dubai
Cañada de Gómez	AR	America/Argentina/Cordoba
Yamarugley	ET	Africa/Addis_Ababa
Šeškinė	LT	Europe/Vilnius
Old City	PS	Asia/Hebron
Dhabad	SO	Africa/Mogadishu
Bugiri	UG	Africa/Kampala
West Torrington	US	America/New_York
Hato Mayor del Rey	DO	America/Santo_Domingo
Rāmsar	IR	Asia/Tehran
Neduva	IN	Asia/Kolkata
Blagodarnyy	RU	Europe/Moscow
Nishishinminato	JP	Asia/Tokyo
Kep	KH	Asia/Phnom_Penh
Humbe	AO	Africa/Luanda
Kakhovka	UA	Europe/Kyiv
Willowbrook	US	America/Los_Angeles
Marseille 07	FR	Europe/Paris
Leavenworth	US	America/Chicago
Akoupé	CI	Africa/Abidjan
Clinton	US	America/New_York
Realejo Alto	ES	Atlantic/Canary
Venganoor	IN	Asia/Kolkata
Shibganj	BD	Asia/Dhaka
Paphos	CY	Asia/Nicosia
Bad Vilbel	DE	Europe/Berlin
Colinas do Tocantins	BR	America/Araguaina
Kidodi	TZ	Africa/Dar_es_Salaam
Wete	TZ	Africa/Dar_es_Salaam
Nuoro	IT	Europe/Rome
Chernushka	RU	Asia/Yekaterinburg
Ramanattukara	IN	Asia/Kolkata
Tyldesley	GB	Europe/London
Waingapu	ID	Asia/Makassar
La Rinconada	ES	Europe/Madrid
Cottage Grove	US	America/Chicago
Mokokchūng	IN	Asia/Kolkata
Pinjaur	IN	Asia/Kolkata
Vassouras	BR	America/Sao_Paulo
Jipijapa	EC	America/Guayaquil
Port-Vila	VU	Pacific/Efate
Wildwood	US	America/Chicago
Waregem	BE	Europe/Brussels
Hyde	GB	Europe/London
Labranza	CL	America/Santiago
Sepetiba	BR	America/Sao_Paulo
Yalutorovsk	RU	Asia/Yekaterinburg
Mādāyi	IN	Asia/Kolkata
Valuyki	RU	Europe/Moscow
Esperanza	AR	America/Argentina/Cordoba
Mulia	ID	Asia/Jayapura
Richmond West	US	America/New_York
Partūr	IN	Asia/Kolkata
Novokazalinsk	KZ	Asia/Qyzylorda
San José de Mayo	UY	America/Montevideo
Görükle	TR	Europe/Istanbul
Barmbek-Süd	DE	Europe/Berlin
Dương Minh Châu	VN	Asia/Ho_Chi_Minh
Sanmiao	CN	Asia/Shanghai
Michalovce	SK	Europe/Bratislava
Santa Teresa	BR	America/Sao_Paulo
Marignane	FR	Europe/Paris
Develi	TR	Europe/Istanbul
Calcutta	ZA	Africa/Johannesburg
Miyama	JP	Asia/Tokyo
Dīndārpur	IN	Asia/Kolkata
Tanda	CI	Africa/Abidjan
Richmond	US	America/Indiana/Indianapolis
Sanare	VE	America/Caracas
Pampanito	VE	America/Caracas
Petagas	MY	Asia/Kuching
Mount Pleasant	US	America/New_York
Fūman	IR	Asia/Tehran
Bang Khlo	TH	Asia/Bangkok
Kraśnik	PL	Europe/Warsaw
Minamibōsō	JP	Asia/Tokyo
Oregon City	US	America/Los_Angeles
ʻEwa Gentry-West Loch	US	Pacific/Honolulu
Avdiyivka	UA	Europe/Kyiv
Goldsboro	US	America/New_York
El Vendrell	ES	Europe/Madrid
Talakkād	IN	Asia/Kolkata
Manhattan Beach	US	America/Los_Angeles
Mannar	LK	Asia/Colombo
Krishnarājāsāgara	IN	Asia/Kolkata
Marialva	BR	America/Sao_Paulo
Parkland	US	America/Los_Angeles
Chippenham	GB	Europe/London
Sai Kung	HK	Asia/Hong_Kong
Kakira	UG	Africa/Kampala
Igarapé-Açu	BR	America/Belem
Tit Mellil	MA	Africa/Casablanca
Martinez	US	America/New_York
Tagudin	PH	Asia/Manila
Tambolaka	ID	Asia/Makassar
Itaqui	BR	America/Sao_Paulo
San Jose	PH	Asia/Manila
Zhutang	CN	Asia/Shanghai
Phichit	TH	Asia/Bangkok
Abashiri	JP	Asia/Tokyo
Crailsheim	DE	Europe/Berlin
Jhābua	IN	Asia/Kolkata
Madipakkam	IN	Asia/Kolkata
East Florence	US	America/Chicago
Kyle	US	America/Chicago
Kearns	US	America/Denver
Leamington	CA	America/Toronto
Karāla	IN	Asia/Kolkata
Pasing	DE	Europe/Berlin
Linton Hall	US	America/New_York
Saddat al Hindīyah	IQ	Asia/Baghdad
Lobos	AR	America/Argentina/Buenos_Aires
Kumo	NG	Africa/Lagos
Billingham	GB	Europe/London
Dieppe	FR	Europe/Paris
Xalisco	MX	America/Mazatlan
Longhe	CN	Asia/Shanghai
Eirunepé	BR	America/Eirunepe
Owando	CG	Africa/Brazzaville
Gariadhar	IN	Asia/Kolkata
Kakrāla	IN	Asia/Kolkata
Pontypool	GB	Europe/London
Iporá	BR	America/Sao_Paulo
Bīdāsar	IN	Asia/Kolkata
Tupelo	US	America/Chicago
Coyotepec	MX	America/Mexico_City
Mirasierra	ES	Europe/Madrid
Lahār	IN	Asia/Kolkata
Sōsa	JP	Asia/Tokyo
Tibati	CM	Africa/Douala
Af’abet	ER	Africa/Asmara
Det Udom	TH	Asia/Bangkok
Puerto del Rosario	ES	Atlantic/Canary
Shimen	CN	Asia/Shanghai
Wesseling	DE	Europe/Berlin
Kaputa	ZM	Africa/Lusaka
Voerde	DE	Europe/Berlin
Tangi	PK	Asia/Karachi
Puntarenas	CR	America/Costa_Rica
Rio Claro	TT	America/Port_of_Spain
Ambasamudram	IN	Asia/Kolkata
Ramu	KE	Africa/Nairobi
Karlova Ves	SK	Europe/Bratislava
Adamantina	BR	America/Sao_Paulo
Islāmpur	IN	Asia/Kolkata
Hwangju-ŭp	KP	Asia/Pyongyang
Ciudad Mendoza	MX	America/Mexico_City
Shisō	JP	Asia/Tokyo
Nesttun	NO	Europe/Oslo
Montélimar	FR	Europe/Paris
Hot Springs	US	America/Chicago
Kualakapuas	ID	Asia/Jakarta
Wildomar	US	America/Los_Angeles
General Alvear	AR	America/Argentina/Mendoza
Kaipamangalam	IN	Asia/Kolkata
Sinkat	SD	Africa/Khartoum
Walkden	GB	Europe/London
Torre-Pacheco	ES	Europe/Madrid
Prestea	GH	Africa/Accra
Medchal	IN	Asia/Kolkata
Kyŏngsŏng	KP	Asia/Pyongyang
Beslan	RU	Europe/Moscow
Ganaur	IN	Asia/Kolkata
Wentzville	US	America/Chicago
Sholinganallur	IN	Asia/Kolkata
Korem	ET	Africa/Addis_Ababa
Kovūr	IN	Asia/Kolkata
Karavayevi Dachi	UA	Europe/Kyiv
Tuljāpur	IN	Asia/Kolkata
Riacho de Santana	BR	America/Bahia
Kaminoyama	JP	Asia/Tokyo
Ilhabela	BR	America/Sao_Paulo
Tremblay-en-France	FR	Europe/Paris
San Salvario	IT	Europe/Rome
Choisy-le-Roi	FR	Europe/Paris
Jagodina	RS	Europe/Belgrade
Cieszyn	PL	Europe/Warsaw
Ban Phai	TH	Asia/Bangkok
Emsdetten	DE	Europe/Berlin
Roseville	US	America/Chicago
Barpeta Road	IN	Asia/Kolkata
Uravakonda	IN	Asia/Kolkata
Caijiagang	CN	Asia/Shanghai
Longhe	CN	Asia/Shanghai
Oleiros	ES	Europe/Madrid
Valrico	US	America/New_York
Isumi	JP	Asia/Tokyo
Porto União	BR	America/Sao_Paulo
Babīna	IN	Asia/Kolkata
Rafiganj	IN	Asia/Kolkata
‘Afak	IQ	Asia/Baghdad
Wangon	ID	Asia/Jakarta
Misungwi	TZ	Africa/Dar_es_Salaam
Saint-Martin-d'Hères	FR	Europe/Paris
Coventry	US	America/New_York
Kangle	CN	Asia/Shanghai
Casco Histórico de Vicálvaro	ES	Europe/Madrid
Dúbravka	SK	Europe/Bratislava
Skellefteå	SE	Europe/Stockholm
Camajuaní	CU	America/Havana
Kalalé	BJ	Africa/Porto-Novo
Sidi ech Chahmi	DZ	Africa/Algiers
Rosenberg	US	America/Chicago
Stutterheim	ZA	Africa/Johannesburg
Şaḩneh	IR	Asia/Tehran
Abucay	PH	Asia/Manila
Aroa	VE	America/Caracas
Bettendorf	US	America/Chicago
Harper	LR	Africa/Monrovia
Rock Forest	CA	America/Toronto
Ghinnir	ET	Africa/Addis_Ababa
Gīdolē	ET	Africa/Addis_Ababa
Ziyang Chengguanzhen	CN	Asia/Shanghai
Reghin-Sat	RO	Europe/Bucharest
Esim	GH	Africa/Accra
Sanjiao	CN	Asia/Shanghai
Mâcon	FR	Europe/Paris
Farmsen-Berne	DE	Europe/Berlin
Umarga	IN	Asia/Kolkata
Jarosław	PL	Europe/Warsaw
Kami	JP	Asia/Tokyo
Hınıs	TR	Europe/Istanbul
East Point	US	America/New_York
Marvila	PT	Europe/Lisbon
Igatpuri	IN	Asia/Kolkata
Perumanna	IN	Asia/Kolkata
Abay	KZ	Asia/Almaty
Ōfunato	JP	Asia/Tokyo
Santa Ana	VE	America/Caracas
El Kala	DZ	Africa/Algiers
Budhāna	IN	Asia/Kolkata
Garibaldi	BR	America/Sao_Paulo
Wageningen	NL	Europe/Amsterdam
Ambato Boeny	MG	Indian/Antananarivo
Feijó	BR	America/Rio_Branco
Pleebo City	LR	Africa/Monrovia
Prattville	US	America/Chicago
Domingos Martins	BR	America/Sao_Paulo
Bermejo	BO	America/La_Paz
Lingsugūr	IN	Asia/Kolkata
Chirundu	ZM	Africa/Lusaka
Nkoranza	GH	Africa/Accra
Ponte Vedra Beach	US	America/New_York
Entrevías	ES	Europe/Madrid
Zorgo	BF	Africa/Ouagadougou
Dwarsloop	ZA	Africa/Johannesburg
Tala	MX	America/Mexico_City
Kohtla-Järve	EE	Europe/Tallinn
Rājpīpla	IN	Asia/Kolkata
San Martín Azcatepec	MX	America/Mexico_City
Baradero	AR	America/Argentina/Buenos_Aires
Uwa	JP	Asia/Tokyo
Camamu	BR	America/Bahia
Boardman	US	America/New_York
Dharangaon	IN	Asia/Kolkata
Chur	CH	Europe/Zurich
Tai Koo	HK	Asia/Hong_Kong
Ad Dilam	SA	Asia/Riyadh
Pilar	BR	America/Maceio
Mahemdāvād	IN	Asia/Kolkata
Shidui	CN	Asia/Shanghai
Yongjing	TW	Asia/Taipei
Cooper City	US	America/New_York
Dinar	TR	Europe/Istanbul
Mapo	CN	Asia/Shanghai
Pilão Arcado	BR	America/Bahia
Hillerød	DK	Europe/Copenhagen
Kasimov	RU	Europe/Moscow
Oxon Hill-Glassmanor	US	America/New_York
Quimbaya	CO	America/Bogota
Langao Chengguanzhen	CN	Asia/Shanghai
Bragança	PT	Europe/Lisbon
Mount Waverley	AU	Australia/Melbourne
Tlapacoyan	MX	America/Mexico_City
Tonalá	MX	America/Mexico_City
Funaishikawa	JP	Asia/Tokyo
Paris 08 Élysée	FR	Europe/Paris
Falkirk	GB	Europe/London
Conceição do Jacuípe	BR	America/Bahia
Tahuna	ID	Asia/Makassar
Villamaría	CO	America/Bogota
Badessa	ET	Africa/Addis_Ababa
Yerköy	TR	Europe/Istanbul
Neu-Isenburg	DE	Europe/Berlin
Goya	CI	Africa/Abidjan
Tha Bo	TH	Asia/Bangkok
Sumberpucung	ID	Asia/Jakarta
Karamsad	IN	Asia/Kolkata
Egypt Lake-Leto	US	America/New_York
Znojmo	CZ	Europe/Prague
North Lawndale	US	America/Chicago
Loei	TH	Asia/Bangkok
Sūrandai	IN	Asia/Kolkata
Sinendé	BJ	Africa/Porto-Novo
Amparafaravola	MG	Indian/Antananarivo
Mehrabpur	PK	Asia/Karachi
Aosta	IT	Europe/Rome
Hendek	TR	Europe/Istanbul
Castricum	NL	Europe/Amsterdam
Manali	IN	Asia/Kolkata
Yakami	JP	Asia/Tokyo
La Possession	RE	Indian/Reunion
Wāris Alīganj	IN	Asia/Kolkata
Oak Creek	US	America/Chicago
Safranbolu	TR	Europe/Istanbul
Santiago de las Vegas	CU	America/Havana
Peachtree City	US	America/New_York
Châtelet	BE	Europe/Brussels
Taastrup	DK	Europe/Copenhagen
Pulgaon	IN	Asia/Kolkata
Bollate	IT	Europe/Rome
Záběhlice	CZ	Europe/Prague
Merrillville	US	America/Chicago
Villena	ES	Europe/Madrid
Zweibrücken	DE	Europe/Berlin
Mazarrón	ES	Europe/Madrid
Hitchin	GB	Europe/London
Shumerlya	RU	Europe/Moscow
Matinhos	BR	America/Sao_Paulo
Usilampatti	IN	Asia/Kolkata
La Barca	MX	America/Mexico_City
Baturité	BR	America/Fortaleza
Victoria Falls	ZW	Africa/Harare
Puzhathi	IN	Asia/Kolkata
Presidente Venceslau	BR	America/Sao_Paulo
Vyshhorodskyi Masyv	UA	Europe/Kyiv
Tchéboa	CM	Africa/Douala
Ōzu	JP	Asia/Tokyo
Praya	ID	Asia/Makassar
Saint Cloud	US	America/New_York
Briton Ferry	GB	Europe/London
Hoddesdon	GB	Europe/London
Perunād	IN	Asia/Kolkata
N’diareme limamoulaye	SN	Africa/Dakar
Tamura	JP	Asia/Tokyo
Xã Long Hải	VN	Asia/Ho_Chi_Minh
Kāramadai	IN	Asia/Kolkata
Lębork	PL	Europe/Warsaw
Tunceli	TR	Europe/Istanbul
Bridlington	GB	Europe/London
Akçakoca	TR	Europe/Istanbul
Nusle	CZ	Europe/Prague
Giddalūr	IN	Asia/Kolkata
La Porte	US	America/Chicago
Milange	MZ	Africa/Maputo
Ndouci	CI	Africa/Abidjan
Tortosa	ES	Europe/Madrid
Puqiakeqi	CN	Asia/Urumqi
San Pablo Autopan	MX	America/Mexico_City
Atmakūr	IN	Asia/Kolkata
Ottensen	DE	Europe/Berlin
Pāppinisshēri	IN	Asia/Kolkata
Iyo	JP	Asia/Tokyo
Promissão	BR	America/Sao_Paulo
Poço Redondo	BR	America/Maceio
Juara	BR	America/Cuiaba
Heqiao	CN	Asia/Shanghai
Vijāpur	IN	Asia/Kolkata
Āq Qalā	IR	Asia/Tehran
Laranjal do Jari	BR	America/Belem
Alhaurín de la Torre	ES	Europe/Madrid
Tangkak	MY	Asia/Kuala_Lumpur
Vác	HU	Europe/Budapest
Bell Ville	AR	America/Argentina/Cordoba
Prince Albert	CA	America/Regina
Rāwatsār	IN	Asia/Kolkata
Moussoro	TD	Africa/Ndjamena
Barneveld	NL	Europe/Amsterdam
Saint Albans	AU	Australia/Melbourne
Magaria	NE	Africa/Niamey
Korsakov	RU	Asia/Sakhalin
Tiassalé	CI	Africa/Abidjan
Ieper	BE	Europe/Brussels
Dubrājpur	IN	Asia/Kolkata
Panjakent	TJ	Asia/Dushanbe
La Asunción	VE	America/Caracas
Carini	IT	Europe/Rome
Greven	DE	Europe/Berlin
Eidelstedt	DE	Europe/Berlin
Goryachevodskiy	RU	Europe/Moscow
El Affroun	DZ	Africa/Algiers
Smarhoń	BY	Europe/Minsk
Slavuta	UA	Europe/Kyiv
Fāyīd	EG	Africa/Cairo
Samut Songkhram	TH	Asia/Bangkok
Karumattampatti	IN	Asia/Kolkata
Zalinjay	SD	Africa/Khartoum
Ciudad Melchor Múzquiz	MX	America/Monterrey
University City	US	America/Chicago
A Yun Pa	VN	Asia/Ho_Chi_Minh
Lage	DE	Europe/Berlin
Albany	AU	Australia/Perth
Downsview-Roding-CFB	CA	America/Toronto
Jalālābād	IN	Asia/Kolkata
Sopot	PL	Europe/Warsaw
Helsingør	DK	Europe/Copenhagen
Ubajara	BR	America/Fortaleza
Ouro Preto do Oeste	BR	America/Porto_Velho
Sabanagrande	CO	America/Bogota
Hötting	AT	Europe/Vienna
New Amsterdam	GY	America/Guyana
Notsé	TG	Africa/Lome
Nanuque	BR	America/Sao_Paulo
Jaguariaíva	BR	America/Sao_Paulo
Yecla	ES	Europe/Madrid
Charqueadas	BR	America/Sao_Paulo
Māranchēri	IN	Asia/Kolkata
Parnarama	BR	America/Fortaleza
Diriamba	NI	America/Managua
Prado	BR	America/Bahia
Romans-sur-Isère	FR	Europe/Paris
Xangongo	AO	Africa/Luanda
Bonn Hardtberg	DE	Europe/Berlin
Podaturpet	IN	Asia/Kolkata
Gero	JP	Asia/Tokyo
Denai Alam	MY	Asia/Kuala_Lumpur
Sibu Jaya	MY	Asia/Kuching
Alam Damai	MY	Asia/Kuala_Lumpur
Bukit Kerinchi	MY	Asia/Kuala_Lumpur
Oke Ila	NG	Africa/Lagos
Malakwal City	PK	Asia/Karachi
Shu‘fāţ	PS	Asia/Hebron
Oeiras	PT	Europe/Lisbon
Staraya Derevnya	RU	Europe/Moscow
Arima	TT	America/Port_of_Spain
Magu	TZ	Africa/Dar_es_Salaam
Shtime	XK	Europe/Belgrade
Podujeva	XK	Europe/Belgrade
Dragash	XK	Europe/Belgrade
Uelzen	DE	Europe/Berlin
Curralinho	BR	America/Belem
Smíchov	CZ	Europe/Prague
Nishihara	JP	Asia/Tokyo
Marijampolė	LT	Europe/Vilnius
Mlimba	TZ	Africa/Dar_es_Salaam
Yizhuang	CN	Asia/Shanghai
Padre Bernardo	BR	America/Sao_Paulo
Niquelândia	BR	America/Sao_Paulo
Baiyang	CN	Asia/Shanghai
Changling	CN	Asia/Shanghai
Shāhābād	IN	Asia/Kolkata
Ez Zahra	TN	Africa/Tunis
Kaizu	JP	Asia/Tokyo
Chipinge	ZW	Africa/Harare
Mafinga	TZ	Africa/Dar_es_Salaam
Garoua	CM	Africa/Douala
Gul’kevichi	RU	Europe/Moscow
Al Burayj	PS	Asia/Gaza
Hoogvliet	NL	Europe/Amsterdam
Khangah Dogran	PK	Asia/Karachi
Yepocapa	GT	America/Guatemala
Sungai Lalang	MY	Asia/Kuala_Lumpur
Peruvallur	IN	Asia/Kolkata
Bankstown	AU	Australia/Sydney
Arzano	IT	Europe/Rome
Rairangpur	IN	Asia/Kolkata
Sīrkāzhi	IN	Asia/Kolkata
San Pedro Alcántara	ES	Europe/Madrid
Qīdar	IR	Asia/Tehran
Djamaa	DZ	Africa/Algiers
Saint-Raphaël	FR	Europe/Paris
Santa Cruz	CL	America/Santiago
Miaoyu	CN	Asia/Shanghai
Wedel	DE	Europe/Berlin
Simav	TR	Europe/Istanbul
Upper Arlington	US	America/New_York
Torrington	US	America/New_York
Kichha	IN	Asia/Kolkata
Tianzhong	TW	Asia/Taipei
Jalajala	PH	Asia/Manila
Piskent	UZ	Asia/Tashkent
Date	JP	Asia/Tokyo
Accrington	GB	Europe/London
Saint-Leu	RE	Indian/Reunion
Cieza	ES	Europe/Madrid
Kahoku	JP	Asia/Tokyo
Chambishi	ZM	Africa/Lusaka
Dedza	MW	Africa/Blantyre
San Isidro	CR	America/Costa_Rica
Azogues	EC	America/Guayaquil
Beverly Hills	US	America/Los_Angeles
Sabana de Mendoza	VE	America/Caracas
Bernau bei Berlin	DE	Europe/Berlin
Vijayapura	IN	Asia/Kolkata
Sōma	JP	Asia/Tokyo
Newala	TZ	Africa/Dar_es_Salaam
Saïoua	CI	Africa/Abidjan
Inver Grove Heights	US	America/Chicago
Spišská Nová Ves	SK	Europe/Bratislava
Tuttlingen	DE	Europe/Berlin
São José do Belmonte	BR	America/Recife
Cumberland	US	America/New_York
Curumaní	CO	America/Bogota
Kathu	TH	Asia/Bangkok
Bayview-Hunters Point	US	America/Los_Angeles
La Unión	PE	America/Lima
Sinop	TR	Europe/Istanbul
Rivadavia	AR	America/Argentina/Mendoza
Los Angeles	ES	Europe/Madrid
Hebbagodi	IN	Asia/Kolkata
Bentley	GB	Europe/London
Chēmanchēri	IN	Asia/Kolkata
Erāttupetta	IN	Asia/Kolkata
Ixmiquilpan	MX	America/Mexico_City
Pleasant Hill	US	America/Los_Angeles
Parkwoods-Donalda	CA	America/Toronto
Eruwa	NG	Africa/Lagos
Rutland	CA	America/Vancouver
Rāmdurg	IN	Asia/Kolkata
Selama	MY	Asia/Kuala_Lumpur
Rishton	UZ	Asia/Tashkent
Taikoo Shing	HK	Asia/Hong_Kong
Aqsay	KZ	Asia/Oral
Pontault-Combault	FR	Europe/Paris
Vidin	BG	Europe/Sofia
Atbasar	KZ	Asia/Almaty
Stow	US	America/New_York
Lauderdale Lakes	US	America/New_York
Ninove	BE	Europe/Brussels
Santa Fé do Sul	BR	America/Sao_Paulo
La Vergne	US	America/Chicago
Targovishte	BG	Europe/Sofia
Lanciano	IT	Europe/Rome
Winter Springs	US	America/New_York
Uddevalla	SE	Europe/Stockholm
Merseburg	DE	Europe/Berlin
Six-Fours-les-Plages	FR	Europe/Paris
Narang Mandi	PK	Asia/Karachi
Rapperswil	CH	Europe/Zurich
Jāmadoba	IN	Asia/Kolkata
Joliette	CA	America/Toronto
Périgueux	FR	Europe/Paris
Amnat Charoen	TH	Asia/Bangkok
Dungun	MY	Asia/Kuala_Lumpur
Dupnitsa	BG	Europe/Sofia
Mokambo	CD	Africa/Lubumbashi
Beja	PT	Europe/Lisbon
Vegesack	DE	Europe/Berlin
Bromsgrove	GB	Europe/London
Yau Tong	HK	Asia/Hong_Kong
Cuatro Caminos	ES	Europe/Madrid
Aznakayevo	RU	Europe/Moscow
Merritt Island	US	America/New_York
Lichfield	GB	Europe/London
Gorinchem	NL	Europe/Amsterdam
Humansdorp	ZA	Africa/Johannesburg
Janīn	PS	Asia/Hebron
Safidon	IN	Asia/Kolkata
Aurillac	FR	Europe/Paris
Al Waqf	EG	Africa/Cairo
Greenpoint	US	America/New_York
Theunissen	ZA	Africa/Johannesburg
Tudela	ES	Europe/Madrid
Teresa	PH	Asia/Manila
Uster	CH	Europe/Zurich
Awa	JP	Asia/Tokyo
Le Plateau	SN	Africa/Dakar
Sitten	CH	Europe/Zurich
Ojiya	JP	Asia/Tokyo
Czechowice-Dziedzice	PL	Europe/Warsaw
La Guardia	VE	America/Caracas
West Little River	US	America/New_York
Geel	BE	Europe/Brussels
Kutum	SD	Africa/Khartoum
Brunswick	US	America/New_York
Azuqueca de Henares	ES	Europe/Madrid
La Vela de Coro	VE	America/Caracas
Rheinfelden	DE	Europe/Berlin
Tādif	SY	Asia/Damascus
Abinsk	RU	Europe/Moscow
Cartierville	CA	America/Toronto
Bolārum	IN	Asia/Kolkata
Ofaqim	IL	Asia/Jerusalem
Homagama	LK	Asia/Colombo
Bareli	IN	Asia/Kolkata
Al Maḩmūdīyah	EG	Africa/Cairo
Huangdi	CN	Asia/Urumqi
Erāmala	IN	Asia/Kolkata
Ti Port-de-Paix	HT	America/Port-au-Prince
Itapemirim	BR	America/Sao_Paulo
Taoyuan	CN	Asia/Shanghai
Rio Pardo	BR	America/Sao_Paulo
Shikārpūr	IN	Asia/Kolkata
Haitou	CN	Asia/Shanghai
Namerikawa	JP	Asia/Tokyo
Sankeshwar	IN	Asia/Kolkata
Fraccionamiento Real Palmas	MX	America/Monterrey
Boca do Acre	BR	America/Manaus
Guxi	CN	Asia/Shanghai
San Dimas	US	America/Los_Angeles
Salgótarján	HU	Europe/Budapest
Okunoya	JP	Asia/Tokyo
Mascouche	CA	America/Toronto
Mirabel	CA	America/Toronto
Esposende	PT	Europe/Lisbon
Monroe	US	America/New_York
North Center	US	America/Chicago
Lawson	CA	America/Regina
Bejuma	VE	America/Caracas
Queen Creek	US	America/Phoenix
Pīrgaaj	BD	Asia/Dhaka
Caivano	IT	Europe/Rome
San Miguel Topilejo	MX	America/Mexico_City
Úbeda	ES	Europe/Madrid
San José de Metán	AR	America/Argentina/Salta
Santa Cruz del Sur	CU	America/Havana
Steinfurt	DE	Europe/Berlin
Uden	NL	Europe/Amsterdam
Barcellona Pozzo di Gotto	IT	Europe/Rome
Kaneohe	US	Pacific/Honolulu
Nakhon Phanom	TH	Asia/Bangkok
Gahanna	US	America/New_York
Malakwal	PK	Asia/Karachi
Curridabat	CR	America/Costa_Rica
Leawood	US	America/Chicago
Swadlincote	GB	Europe/London
Hastings-Sunrise	CA	America/Vancouver
Dinskaya	RU	Europe/Moscow
Mildura	AU	Australia/Melbourne
Thabazimbi	ZA	Africa/Johannesburg
Bājitpur	BD	Asia/Dhaka
Yeonil	KR	Asia/Seoul
Nakamura	JP	Asia/Tokyo
Ōizumi-gakuenchō	JP	Asia/Tokyo
Tage'erqi	CN	Asia/Urumqi
Karjat	IN	Asia/Kolkata
Wujia	CN	Asia/Shanghai
Maddaloni	IT	Europe/Rome
Burriana	ES	Europe/Madrid
Jangheung	KR	Asia/Seoul
Satun	TH	Asia/Bangkok
Owasso	US	America/Chicago
Longqiao	CN	Asia/Shanghai
Baltiysk	RU	Europe/Kaliningrad
Derry Village	US	America/New_York
Sighișoara	RO	Europe/Bucharest
Águilas	ES	Europe/Madrid
Bakhtiyārpur	IN	Asia/Kolkata
Tibiri	NE	Africa/Niamey
Sundbyberg	SE	Europe/Stockholm
Bagasra	IN	Asia/Kolkata
Tecpán Guatemala	GT	America/Guatemala
Bāft	IR	Asia/Tehran
Mandaguari	BR	America/Sao_Paulo
Makouda	DZ	Africa/Algiers
Capela	BR	America/Maceio
Karabulak	RU	Europe/Moscow
Wuying	CN	Asia/Shanghai
Canning Vale	AU	Australia/Perth
Villiappally	IN	Asia/Kolkata
Logīya	ET	Africa/Addis_Ababa
Trëkhgornyy	RU	Asia/Yekaterinburg
Arshyntseve	UA	Europe/Simferopol
Teremky	UA	Europe/Kyiv
Zhmerynka	UA	Europe/Kyiv
Sassandra	CI	Africa/Abidjan
Cahul	MD	Europe/Chisinau
Miercurea-Ciuc	RO	Europe/Bucharest
Uonuma	JP	Asia/Tokyo
Halle	BE	Europe/Brussels
Třebíč	CZ	Europe/Prague
Aymanam	IN	Asia/Kolkata
Gerāsh	IR	Asia/Tehran
Neuilly-sur-Marne	FR	Europe/Paris
Frankston East	AU	Australia/Melbourne
Orange	US	America/New_York
Nurlat	RU	Europe/Moscow
Central Islip	US	America/New_York
Lianhua	CN	Asia/Shanghai
San Vicente	CR	America/Costa_Rica
San Vicente de Moravia	CR	America/Costa_Rica
Paz de Ariporo	CO	America/Bogota
Adrano	IT	Europe/Rome
Bela Vista de Goiás	BR	America/Sao_Paulo
Hoboken	BE	Europe/Brussels
Ye	MM	Asia/Yangon
Gorizia	IT	Europe/Rome
Victoriaville	CA	America/Toronto
Char Bhadrāsan	BD	Asia/Dhaka
Zharkent	KZ	Asia/Almaty
Ungheni	MD	Europe/Chisinau
Minas de Matahambre	CU	America/Havana
Kuji	JP	Asia/Tokyo
Brant	CA	America/Toronto
Balingen	DE	Europe/Berlin
’Aïn Merane	DZ	Africa/Algiers
Norristown	US	America/New_York
Rio Negro	BR	America/Sao_Paulo
Itaporanga d'Ajuda	BR	America/Maceio
Lower West Side	US	America/Chicago
Tucacas	VE	America/Caracas
Margate	ZA	Africa/Johannesburg
Elmina	GH	Africa/Accra
Ostrogozhsk	RU	Europe/Moscow
Macuelizo	HN	America/Tegucigalpa
Nong Bua Lamphu	TH	Asia/Bangkok
Paxtaobod	UZ	Asia/Tashkent
Angamāli	IN	Asia/Kolkata
Dyker Heights	US	America/New_York
Empoli	IT	Europe/Rome
Boyarka	UA	Europe/Kyiv
Mechraa Bel Ksiri	MA	Africa/Casablanca
Gotō	JP	Asia/Tokyo
Nema Kunku	GM	Africa/Banjul
Glendale	US	America/New_York
São Domingos do Maranhão	BR	America/Fortaleza
Villianur	IN	Asia/Kolkata
Pila	PH	Asia/Manila
Maravatío de Ocampo	MX	America/Mexico_City
Miramar	AR	America/Argentina/Buenos_Aires
Porsgrunn	NO	Europe/Oslo
Cherchell	DZ	Africa/Algiers
Liévin	FR	Europe/Paris
Manipal	IN	Asia/Kolkata
Agen	FR	Europe/Paris
Seelze	DE	Europe/Berlin
Lālsot	IN	Asia/Kolkata
Mehidpur	IN	Asia/Kolkata
Kondopoga	RU	Europe/Moscow
Ferreñafe	PE	America/Lima
el Camp d'en Grassot i Gràcia Nova	ES	Europe/Madrid
Felling	GB	Europe/London
Ōdachō-ōda	JP	Asia/Tokyo
Hirara	JP	Asia/Tokyo
Mãe do Rio	BR	America/Belem
Police	PL	Europe/Warsaw
São Joaquim de Bicas	BR	America/Sao_Paulo
Kaoma	ZM	Africa/Lusaka
Barra Bonita	BR	America/Sao_Paulo
Hādīshahr	IR	Asia/Tehran
Sainte-Marie	RE	Indian/Reunion
Cottonwood Heights	US	America/Denver
Gojō	JP	Asia/Tokyo
Soyāgaon	IN	Asia/Kolkata
Tábor	CZ	Europe/Prague
Chiswick	GB	Europe/London
Ranipur	PK	Asia/Karachi
Kinel’	RU	Europe/Samara
Chalinze	TZ	Africa/Dar_es_Salaam
Gallatin	US	America/Chicago
Afurada de Baixo	PT	Europe/Lisbon
Formigine	IT	Europe/Rome
Same	TZ	Africa/Dar_es_Salaam
Sāngola	IN	Asia/Kolkata
Tsuma	JP	Asia/Tokyo
Kangasala	FI	Europe/Helsinki
Manapla	PH	Asia/Manila
Mātuail	BD	Asia/Dhaka
Czeladź	PL	Europe/Warsaw
Kristiine	EE	Europe/Tallinn
Wavre	BE	Europe/Brussels
Staraya Russa	RU	Europe/Moscow
Isingiro	UG	Africa/Kampala
Xinmiao	CN	Asia/Shanghai
Kunwi	KR	Asia/Seoul
Houma	US	America/Chicago
Franconville	FR	Europe/Paris
José Mariano Jiménez	MX	America/Chihuahua
Rubidoux	US	America/Los_Angeles
Sāqultah	EG	Africa/Cairo
Sertânia	BR	America/Recife
Nova Cruz	BR	America/Fortaleza
Lautaro	CL	America/Santiago
São Desidério	BR	America/Bahia
Vedaraniyam	IN	Asia/Kolkata
Bimbila	GH	Africa/Accra
Alghero	IT	Europe/Rome
Kochani	MK	Europe/Skopje
Utmanzai	PK	Asia/Karachi
Zhelou	CN	Asia/Shanghai
Beruwala	LK	Asia/Colombo
Aoji-ri	KP	Asia/Pyongyang
Varberg	SE	Europe/Stockholm
Göksun	TR	Europe/Istanbul
Kuruvattūr	IN	Asia/Kolkata
Katsuren-haebaru	JP	Asia/Tokyo
Blagoveshchensk	RU	Asia/Yekaterinburg
Mahrīz	IR	Asia/Tehran
San Nicolas	PH	Asia/Manila
Pórticos de San Antonio	MX	America/Tijuana
Atami	JP	Asia/Tokyo
Starokostyantyniv	UA	Europe/Kyiv
Mugnano di Napoli	IT	Europe/Rome
Saraqib	SY	Asia/Damascus
Serra do Ramalho	BR	America/Bahia
Ferdowsīyeh	IR	Asia/Tehran
Douz	TN	Africa/Tunis
Collinwood	US	America/New_York
Razzakov	KG	Asia/Bishkek
Muddebihāl	IN	Asia/Kolkata
Victoria	HN	America/Tegucigalpa
Çay	TR	Europe/Istanbul
Pangururan	ID	Asia/Jakarta
Glendale Heights	US	America/Chicago
Navāpur	IN	Asia/Kolkata
Naranjito	EC	America/Guayaquil
Ladispoli	IT	Europe/Rome
Bayt al Faqīh	YE	Asia/Aden
Pioltello	IT	Europe/Rome
Goiatuba	BR	America/Sao_Paulo
Gelemso	ET	Africa/Addis_Ababa
Ābīy Ādī	ET	Africa/Addis_Ababa
Zaida	PK	Asia/Karachi
Meppen	DE	Europe/Berlin
Ambatolampy	MG	Indian/Antananarivo
Ấp Long Thạnh	VN	Asia/Ho_Chi_Minh
San Antero	CO	America/Bogota
Herrenberg	DE	Europe/Berlin
Khāchrod	IN	Asia/Kolkata
Butte	US	America/Denver
Rehoboth	NA	Africa/Windhoek
Pandaan	ID	Asia/Jakarta
Dana Point	US	America/Los_Angeles
Curaçá	BR	America/Bahia
Imishli	AZ	Asia/Baku
Gafargaon	BD	Asia/Dhaka
Yanamalakuduru	IN	Asia/Kolkata
Benton	US	America/Chicago
Malajkhand	IN	Asia/Kolkata
Szekszárd	HU	Europe/Budapest
Vestavia Hills	US	America/Chicago
Oświęcim	PL	Europe/Warsaw
Totton	GB	Europe/London
La Presa	US	America/Los_Angeles
Ágioi Anárgyroi	GR	Europe/Athens
Dzierżoniów	PL	Europe/Warsaw
Râs el Aïoun	DZ	Africa/Algiers
Oakton	US	America/New_York
Caja Seca	VE	America/Caracas
Vapi INA	IN	Asia/Kolkata
São Luís de Montes Belos	BR	America/Sao_Paulo
Kunigal	IN	Asia/Kolkata
Rovereto	IT	Europe/Rome
Sambir	UA	Europe/Kyiv
el Poblenou	ES	Europe/Madrid
Kadūr	IN	Asia/Kolkata
Tobelo	ID	Asia/Jayapura
Chelambra	IN	Asia/Kolkata
Miyashiro	JP	Asia/Tokyo
Xintian	CN	Asia/Shanghai
Hamīrpur	IN	Asia/Kolkata
Slavgorod	RU	Asia/Barnaul
Bordj Ghdir	DZ	Africa/Algiers
Risod	IN	Asia/Kolkata
Kokrajhar	IN	Asia/Kolkata
Nawābganj	IN	Asia/Kolkata
Kālka	IN	Asia/Kolkata
Fusō	JP	Asia/Tokyo
Irvine	GB	Europe/London
Đông Phú	VN	Asia/Ho_Chi_Minh
Papenburg	DE	Europe/Berlin
Zhuxi	CN	Asia/Shanghai
San Juan Nepomuceno	CO	America/Bogota
Palmeira	BR	America/Sao_Paulo
Remedios	CU	America/Havana
Mawlamyinegyunn	MM	Asia/Yangon
Rio Preto da Eva	BR	America/Manaus
Kāgal	IN	Asia/Kolkata
Kempen	DE	Europe/Berlin
Ahuachapán	SV	America/El_Salvador
Guaratuba	BR	America/Sao_Paulo
Bako	ET	Africa/Addis_Ababa
Rolleston	NZ	Pacific/Auckland
Oleksandrivska Slobidka	UA	Europe/Kyiv
Argyroúpoli	GR	Europe/Athens
Fereydūn Kenār	IR	Asia/Tehran
Pārassāla	IN	Asia/Kolkata
Chester	US	America/New_York
Cullinan	ZA	Africa/Johannesburg
Almeirim	BR	America/Santarem
Bodø	NO	Europe/Oslo
Portão	BR	America/Sao_Paulo
Quinchía	CO	America/Bogota
Titlāgarh	IN	Asia/Kolkata
Kushva	RU	Asia/Yekaterinburg
Ranam	KP	Asia/Pyongyang
Mount Vernon	US	America/Los_Angeles
Anloga	GH	Africa/Accra
Aragua de Barcelona	VE	America/Caracas
Piombino	IT	Europe/Rome
Biharamulo	TZ	Africa/Dar_es_Salaam
Középső-Ferencváros	HU	Europe/Budapest
Coatzintla	MX	America/Mexico_City
Salto	AR	America/Argentina/Buenos_Aires
Studio City	US	America/Los_Angeles
Begamganj	IN	Asia/Kolkata
Nagalapuram	IN	Asia/Kolkata
Aliaga	PH	Asia/Manila
Jāmkhed	IN	Asia/Kolkata
Salisbury	US	America/New_York
Geldern	DE	Europe/Berlin
Asilah	MA	Africa/Casablanca
Pomerode	BR	America/Sao_Paulo
Fatehpur	IN	Asia/Kolkata
Almada	PT	Europe/Lisbon
Dīvāndarreh	IR	Asia/Tehran
Riviera Beach	US	America/New_York
Ust’-Dzheguta	RU	Europe/Moscow
Cazombo	AO	Africa/Luanda
Cazombo	AO	Africa/Luanda
Villa Santa Rita	AR	America/Argentina/Buenos_Aires
Fadhigaradle	ET	Africa/Addis_Ababa
Āykel	ET	Africa/Addis_Ababa
Neefkuceliye	ET	Africa/Addis_Ababa
Lushoto	TZ	Africa/Dar_es_Salaam
Itaíba	BR	America/Recife
Liushan	CN	Asia/Shanghai
Letchworth Garden City	GB	Europe/London
Auderghem	BE	Europe/Brussels
Longfeng	CN	Asia/Shanghai
Kornwestheim	DE	Europe/Berlin
Lüfeng	CN	Asia/Shanghai
Dipayal	NP	Asia/Kathmandu
Mimico	CA	America/Toronto
Orangevale	US	America/Los_Angeles
Elampalloor	IN	Asia/Kolkata
Oswego	US	America/Chicago
Yawa	CN	Asia/Urumqi
Jayamkondacholapuram	IN	Asia/Kolkata
Matões	BR	America/Fortaleza
Eldorado dos Carajás	BR	America/Belem
Ahouanou	CI	Africa/Abidjan
El Mirage	US	America/Phoenix
Somanda	TZ	Africa/Dar_es_Salaam
Tabount	MA	Africa/Casablanca
West Lake Sammamish	US	America/Los_Angeles
Ocotal	NI	America/Managua
North Bel Air	US	America/New_York
Chelmsford	US	America/New_York
Tudiyalūr	IN	Asia/Kolkata
Ālankōd	IN	Asia/Kolkata
Bay City	US	America/Detroit
Jülich	DE	Europe/Berlin
Quthing	LS	Africa/Maseru
Tōon	JP	Asia/Tokyo
Shāhpura	IN	Asia/Kolkata
Réo	BF	Africa/Ouagadougou
Nacogdoches	US	America/Chicago
Shrewsbury	US	America/New_York
McMinnville	US	America/Los_Angeles
Dakota Ridge	US	America/Denver
Moose Jaw	CA	America/Regina
Chorley	GB	Europe/London
Zuwarah	LY	Africa/Tripoli
Leer	DE	Europe/Berlin
Navan	IE	Europe/Dublin
IJsselstein	NL	Europe/Amsterdam
Opañel	ES	Europe/Madrid
Wushan	CN	Asia/Shanghai
Sabá	HN	America/Tegucigalpa
Bridgeport	US	America/Chicago
Umluj	SA	Asia/Riyadh
Itiúba	BR	America/Bahia
Wakkanai	JP	Asia/Tokyo
Nagua	DO	America/Santo_Domingo
Peng Siang	SG	Asia/Singapore
Elayavur	IN	Asia/Kolkata
Ceerigaabo	SO	Africa/Mogadishu
Dalton	US	America/New_York
Guledagudda	IN	Asia/Kolkata
Baclaran	PH	Asia/Manila
Wembesi	ZA	Africa/Johannesburg
Corinto	CO	America/Bogota
Beni Tamou	DZ	Africa/Algiers
Bicester	GB	Europe/London
Haywards Heath	GB	Europe/London
Olney	US	America/New_York
Whittlesea	ZA	Africa/Johannesburg
Óbuda	HU	Europe/Budapest
North Providence	US	America/New_York
Miguel Alves	BR	America/Fortaleza
Nzega	RW	Africa/Kigali
Hadjout	DZ	Africa/Algiers
Iramallūr	IN	Asia/Kolkata
Kandoeng	KH	Asia/Phnom_Penh
Strumica	MK	Europe/Skopje
Zürich (Kreis 7)	CH	Europe/Zurich
Limburg an der Lahn	DE	Europe/Berlin
Luuq	SO	Africa/Mogadishu
Parras de la Fuente	MX	America/Monterrey
Newark	US	America/New_York
Oak Hill	US	America/New_York
Hikiso	JP	Asia/Tokyo
Deer Park	US	America/Chicago
Tai Kok Tsui	HK	Asia/Hong_Kong
Parc-Extension	CA	America/Toronto
Madruga	CU	America/Havana
Villajoyosa	ES	Europe/Madrid
Preston	AU	Australia/Melbourne
Casalecchio di Reno	IT	Europe/Rome
Olivais	PT	Europe/Lisbon
Piro	IN	Asia/Kolkata
Akwatia	GH	Africa/Accra
Knokke-Heist	BE	Europe/Brussels
Concórdia do Pará	BR	America/Belem
Guskhara	IN	Asia/Kolkata
Bla	ML	Africa/Bamako
Braço do Norte	BR	America/Sao_Paulo
Shuangjiang	CN	Asia/Shanghai
Antiguo Cuscatlán	SV	America/El_Salvador
Azzaba	DZ	Africa/Algiers
Puerto Rico	CO	America/Bogota
Nowy Targ	PL	Europe/Warsaw
Umreth	IN	Asia/Kolkata
Penticton	CA	America/Vancouver
Caracal	RO	Europe/Bucharest
Américo Brasiliense	BR	America/Sao_Paulo
Narsīpatnam	IN	Asia/Kolkata
Gurupá	BR	America/Belem
Bahjoi	IN	Asia/Kolkata
Fennpfuhl	DE	Europe/Berlin
Jaguarari	BR	America/Bahia
Várzea da Palma	BR	America/Sao_Paulo
Holland	US	America/Detroit
Dharmābād	IN	Asia/Kolkata
Schio	IT	Europe/Rome
Baboua	CF	Africa/Bangui
San Isidro	MX	America/Mexico_City
Zacatlán	MX	America/Mexico_City
Panadura	LK	Asia/Colombo
Chockli	IN	Asia/Kolkata
Kashmor	PK	Asia/Karachi
Ylöjärvi	FI	Europe/Helsinki
Marmaris	TR	Europe/Istanbul
Schwedt (Oder)	DE	Europe/Berlin
El Ksar	TN	Africa/Tunis
Jaguaribe	BR	America/Fortaleza
Arcola East	CA	America/Regina
Barreirinha	BR	America/Manaus
Puebloviejo	CO	America/Bogota
Shuanghekou	CN	Asia/Shanghai
Hermosa	PH	Asia/Manila
Goch	DE	Europe/Berlin
Vemalwāda	IN	Asia/Kolkata
Colgong	IN	Asia/Kolkata
Kalāleh	IR	Asia/Tehran
Artëmovskiy	RU	Asia/Yekaterinburg
Krasnoznamensk	RU	Europe/Moscow
Nakaloke	UG	Africa/Kampala
Palmerston	AU	Australia/Darwin
Mie	JP	Asia/Tokyo
L'Aquila	IT	Europe/Rome
Bāsudebpur	IN	Asia/Kolkata
Sainte-Geneviève-des-Bois	FR	Europe/Paris
Juticalpa	HN	America/Tegucigalpa
Maubeuge	FR	Europe/Paris
Kuala Tungkal	ID	Asia/Jakarta
Throgs Neck	US	America/New_York
Kayanza	BI	Africa/Bujumbura
Mirafiori Sud	IT	Europe/Rome
Pitangueiras	BR	America/Sao_Paulo
Corsico	IT	Europe/Rome
Tabanan	ID	Asia/Makassar
Rājākhera	IN	Asia/Kolkata
Penha	BR	America/Sao_Paulo
Northbrook	US	America/Chicago
Araçoiaba da Serra	BR	America/Sao_Paulo
Colíder	BR	America/Cuiaba
Hilliard	US	America/New_York
Unión de Reyes	CU	America/Havana
Ono	JP	Asia/Tokyo
Hailākāndi	IN	Asia/Kolkata
Wenatchee	US	America/Los_Angeles
Puerto Cabezas	NI	America/Managua
Shōbara	JP	Asia/Tokyo
Jagatsinghapur	IN	Asia/Kolkata
Mount Hagen	PG	Pacific/Port_Moresby
Schoten	BE	Europe/Brussels
Petrovsk	RU	Europe/Saratov
Fuxing	CN	Asia/Shanghai
Fairview	CA	America/Vancouver
Katima Mulilo	NA	Africa/Windhoek
Beni Douala	DZ	Africa/Algiers
Pitoa	CM	Africa/Douala
Dowlatābād	IR	Asia/Tehran
Lebaksiu	ID	Asia/Jakarta
Jerantut	MY	Asia/Kuala_Lumpur
Higashinozoe	JP	Asia/Tokyo
Tangyan	MM	Asia/Yangon
Alipur	PK	Asia/Karachi
Peixoto de Azevedo	BR	America/Cuiaba
Sonsón	CO	America/Bogota
Ostfildern	DE	Europe/Berlin
West Fargo	US	America/Chicago
Fair Lawn	US	America/New_York
Maromandia	MG	Indian/Antananarivo
Morro do Chapéu	BR	America/Bahia
Kennesaw	US	America/New_York
Labuan	ID	Asia/Jakarta
Aïn Taya	DZ	Africa/Algiers
Sicuani	PE	America/Lima
Modřany	CZ	Europe/Prague
Rowville	AU	Australia/Melbourne
Ubari	LY	Africa/Tripoli
Cachoeira	BR	America/Bahia
Áno Liósia	GR	Europe/Athens
Lagdo	CM	Africa/Douala
Maruoka	JP	Asia/Tokyo
Gevrai	IN	Asia/Kolkata
Bitam	GA	Africa/Libreville
Sant'Antimo	IT	Europe/Rome
Bauan	PH	Asia/Manila
New City	US	America/New_York
Mussende	AO	Africa/Luanda
Wednesfield	GB	Europe/London
Long Beach	US	America/New_York
Caçapava do Sul	BR	America/Sao_Paulo
Dianra	CI	Africa/Abidjan
Bāgh	PK	Asia/Karachi
Bay	PH	Asia/Manila
Ospino	VE	America/Caracas
Mlonggo	ID	Asia/Jakarta
Madikeri	IN	Asia/Kolkata
Mulleriyawa	LK	Asia/Colombo
Biltine	TD	Africa/Ndjamena
Fürstenwalde	DE	Europe/Berlin
Kopāganj	IN	Asia/Kolkata
Chilibre	PA	America/Panama
Ban Ratsada	TH	Asia/Bangkok
Fürstenfeldbruck	DE	Europe/Berlin
Richmond	US	America/New_York
Venaria Reale	IT	Europe/Rome
Acornhoek	ZA	Africa/Johannesburg
Olot	ES	Europe/Madrid
Ostróda	PL	Europe/Warsaw
As Sūkī	SD	Africa/Khartoum
Třinec	CZ	Europe/Prague
Prachuap Khiri Khan	TH	Asia/Bangkok
Bom Retiro	BR	America/Sao_Paulo
Surrey City Centre	CA	America/Vancouver
Erding	DE	Europe/Berlin
Pontevedra	AR	America/Argentina/Buenos_Aires
Suitland-Silver Hill	US	America/New_York
Chillum	US	America/New_York
Bray	IE	Europe/Dublin
Delījān	IR	Asia/Tehran
Ribeirão	BR	America/Recife
Chamrān	IR	Asia/Tehran
Bagnolet	FR	Europe/Paris
Hàm Ninh	VN	Asia/Ho_Chi_Minh
Bafatá	GW	Africa/Bissau
Naujininkai	LT	Europe/Vilnius
Severoural’sk	RU	Asia/Yekaterinburg
Thāna Bhawan	IN	Asia/Kolkata
Lagos	PT	Europe/Lisbon
Zhangatas	KZ	Asia/Almaty
Epping	AU	Australia/Melbourne
Jetafe	PH	Asia/Manila
Pūndri	IN	Asia/Kolkata
Otjiwarongo	NA	Africa/Windhoek
Vagholi	IN	Asia/Kolkata
Ayagoz	KZ	Asia/Almaty
Castelo Branco	PT	Europe/Lisbon
Mukah	MY	Asia/Kuching
Ikaruga	JP	Asia/Tokyo
Foster City	US	America/Los_Angeles
Neuchâtel	CH	Europe/Zurich
Almendralejo	ES	Europe/Madrid
San Luis	PH	Asia/Manila
Urbano Santos	BR	America/Fortaleza
Watari	JP	Asia/Tokyo
Mawang	CN	Asia/Shanghai
Naudero	PK	Asia/Karachi
Montcada i Reixac	ES	Europe/Madrid
Shetan	CN	Asia/Shanghai
Fairborn	US	America/New_York
Menlo Park	US	America/Los_Angeles
Chimbarongo	CL	America/Santiago
Birmitrapur	IN	Asia/Kolkata
Voznesensk	UA	Europe/Kyiv
Chicago Loop	US	America/Chicago
Sitionuevo	CO	America/Bogota
Exu	BR	America/Recife
Barra Funda	BR	America/Sao_Paulo
Yamanashi	JP	Asia/Tokyo
Monteiro	BR	America/Fortaleza
Cibolo	US	America/Chicago
Chaksu	IN	Asia/Kolkata
Bloemhof	ZA	Africa/Johannesburg
Yablonovskiy	RU	Europe/Moscow
Campbell River	CA	America/Vancouver
Lawndale	US	America/Los_Angeles
Kandana	LK	Asia/Colombo
Orodara	BF	Africa/Ouagadougou
La Sebala du Mornag	TN	Africa/Tunis
Feldkirch	AT	Europe/Vienna
Sidi Abid	TN	Africa/Tunis
Darsi	IN	Asia/Kolkata
Francavilla Fontana	IT	Europe/Rome
Kizilyurt	RU	Europe/Moscow
Korschenbroich	DE	Europe/Berlin
Ciudad Vieja	GT	America/Guatemala
Hinesville	US	America/New_York
Zaidpur	IN	Asia/Kolkata
Kolín	CZ	Europe/Prague
Nartkala	RU	Europe/Moscow
Istra	RU	Europe/Moscow
Harrismith	ZA	Africa/Johannesburg
Riachão do Jacuípe	BR	America/Bahia
Bengkayang	ID	Asia/Pontianak
Epe	NL	Europe/Amsterdam
Waxahachie	US	America/Chicago
Namhkam	MM	Asia/Yangon
Strood	GB	Europe/London
Gökdepe	TM	Asia/Ashgabat
St. Charles	US	America/New_York
Remuna	IN	Asia/Kolkata
Cobbs Creek	US	America/New_York
Puthenvelikara	IN	Asia/Kolkata
Woodridge	US	America/Chicago
Āmli	IN	Asia/Kolkata
Borgo San Paolo	IT	Europe/Rome
Carrollwood	US	America/New_York
Segezha	RU	Europe/Moscow
El Attaf	DZ	Africa/Algiers
Loughton	GB	Europe/London
La Oroya	PE	America/Lima
Al Mithnab	SA	Asia/Riyadh
Assis Chateaubriand	BR	America/Sao_Paulo
San Sebastián de Mariquita	CO	America/Bogota
Le Port	RE	Indian/Reunion
Ourilândia do Norte	BR	America/Belem
Shiroishi	JP	Asia/Tokyo
Zima	RU	Asia/Irkutsk
Macuba	RW	Africa/Kigali
Tondano	ID	Asia/Makassar
Poconé	BR	America/Cuiaba
Alcabideche	PT	Europe/Lisbon
Kaka	TM	Asia/Ashgabat
West Humber-Clairville	CA	America/Toronto
Brentwood	US	America/Los_Angeles
Guaíra	BR	America/Sao_Paulo
Soo	JP	Asia/Tokyo
Santiago Atitlán	GT	America/Guatemala
Anūpgarh	IN	Asia/Kolkata
Beigang	TW	Asia/Taipei
Ziniaré	BF	Africa/Ouagadougou
Dupax Del Norte	PH	Asia/Manila
Estreito	BR	America/Fortaleza
São Luiz Gonzaga	BR	America/Sao_Paulo
Niangoloko	BF	Africa/Ouagadougou
Dobryanka	RU	Asia/Yekaterinburg
João Câmara	BR	America/Fortaleza
Mohnyin	MM	Asia/Yangon
Beidou	TW	Asia/Taipei
Shuangfeng	CN	Asia/Shanghai
Cravinhos	BR	America/Sao_Paulo
Myszków	PL	Europe/Warsaw
Lier	BE	Europe/Brussels
Ramotswa	BW	Africa/Gaborone
Calpulalpan	MX	America/Mexico_City
Farīj Kulayb	QA	Asia/Qatar
Farīj al Amīr	QA	Asia/Qatar
Çeşme	TR	Europe/Istanbul
Dietzenbach	DE	Europe/Berlin
Chomphon	TH	Asia/Bangkok
Vaḩīdīyeh	IR	Asia/Tehran
Vaḩīdīyeh	IR	Asia/Tehran
Zgorzelec	PL	Europe/Warsaw
Somerton	US	America/New_York
Salāya	IN	Asia/Kolkata
Idangansālai	IN	Asia/Kolkata
Verkhniy Ufaley	RU	Asia/Yekaterinburg
Kerki	TM	Asia/Ashgabat
Elk Grove Village	US	America/Chicago
Capim Grosso	BR	America/Bahia
Maragogi	BR	America/Maceio
Kampong Speu	KH	Asia/Phnom_Penh
Saumur	FR	Europe/Paris
Pekin	US	America/Chicago
Socorro	US	America/Denver
Kosamba	IN	Asia/Kolkata
Kakuda	JP	Asia/Tokyo
Gerisek	MY	Asia/Kuala_Lumpur
Palmeira das Missões	BR	America/Sao_Paulo
Casale Monferrato	IT	Europe/Rome
Araguatins	BR	America/Araguaina
Robertson	ZA	Africa/Johannesburg
Manghit	UZ	Asia/Samarkand
Basavana Bāgevādi	IN	Asia/Kolkata
Elmont	US	America/New_York
Hotaka	JP	Asia/Tokyo
Khvāf	IR	Asia/Tehran
Biarritz	FR	Europe/Paris
Aranda de Duero	ES	Europe/Madrid
Muhammadābād	IN	Asia/Kolkata
Mtubatuba	ZA	Africa/Johannesburg
Cramlington	GB	Europe/London
Trebinje	BA	Europe/Sarajevo
Xiongjia	CN	Asia/Shanghai
Adelanto	US	America/Los_Angeles
Lakhyabad	IN	Asia/Kolkata
Tooele	US	America/Denver
Siaya	KE	Africa/Nairobi
Balakouya	CI	Africa/Abidjan
Fujishiro	JP	Asia/Tokyo
Anserma	CO	America/Bogota
Golden Glades	US	America/New_York
Marrero	US	America/Chicago
Baocheng	CN	Asia/Shanghai
Villa Bisonó	DO	America/Santo_Domingo
Chichigalpa	NI	America/Managua
Koh Kong	KH	Asia/Phnom_Penh
Jackson	US	America/Detroit
Bayandai	CN	Asia/Urumqi
Aya Nagar	IN	Asia/Kolkata
Sibiti	CG	Africa/Brazzaville
Foothill Farms	US	America/Los_Angeles
Gualeguay	AR	America/Argentina/Cordoba
Thị Trấn Lam Sơn	VN	Asia/Ho_Chi_Minh
Umaria	IN	Asia/Kolkata
La Ciotat	FR	Europe/Paris
Kirando	TZ	Africa/Dar_es_Salaam
Vyshhorod	UA	Europe/Kyiv
Năvodari	RO	Europe/Bucharest
Laâttaouia	MA	Africa/Casablanca
Primorsko-Akhtarsk	RU	Europe/Moscow
Bom Jardim	BR	America/Fortaleza
São Lázaro	CN	Asia/Macau
Béoumi	CI	Africa/Abidjan
Échirolles	FR	Europe/Paris
Catende	BR	America/Recife
El Arrouch	DZ	Africa/Algiers
Englewood	US	America/Denver
Chanderi	IN	Asia/Kolkata
Copperas Cove	US	America/Chicago
Minamikyushu	JP	Asia/Tokyo
Bath Beach	US	America/New_York
Ajānūr	IN	Asia/Kolkata
Prey Veng	KH	Asia/Phnom_Penh
Kotovsk	RU	Europe/Moscow
Empangeni	ZA	Africa/Johannesburg
Gokwe	ZW	Africa/Harare
Manendragarh	IN	Asia/Kolkata
Ebbw Vale	GB	Europe/London
Ciudad Sabinas Hidalgo	MX	America/Monterrey
Newbury	GB	Europe/London
Brugherio	IT	Europe/Rome
Kamenka	RU	Europe/Moscow
Pašilaičiai	LT	Europe/Vilnius
Taiobeiras	BR	America/Sao_Paulo
Yarīm	YE	Asia/Aden
Pivijay	CO	America/Bogota
Itzehoe	DE	Europe/Berlin
Didy	MG	Indian/Antananarivo
Touros	BR	America/Fortaleza
Oława	PL	Europe/Warsaw
Huntington Station	US	America/New_York
Pacífico	ES	Europe/Madrid
Seaside	US	America/Los_Angeles
Rāmgarh	IN	Asia/Kolkata
Kearney	US	America/Chicago
Aral	KZ	Asia/Qyzylorda
Redan	US	America/New_York
Kapit	MY	Asia/Kuching
Manitowoc	US	America/Chicago
Bhādāsar	IN	Asia/Kolkata
Asha	RU	Asia/Yekaterinburg
Avvocata	IT	Europe/Rome
Mount Pleasant	CA	America/Vancouver
Burglesum	DE	Europe/Berlin
North Watford	GB	Europe/London
Zintan	LY	Africa/Tripoli
Ambodimanga II	MG	Indian/Antananarivo
Minskyi Masyv	UA	Europe/Kyiv
Williamsburg	US	America/New_York
Qorasuv	UZ	Asia/Tashkent
Esik	KZ	Asia/Almaty
Villefranche-sur-Saône	FR	Europe/Paris
Kahin	CI	Africa/Abidjan
Pápa	HU	Europe/Budapest
Ronglong	CN	Asia/Shanghai
Goshen	US	America/Indiana/Indianapolis
Shawei	CN	Asia/Shanghai
Radebeul	DE	Europe/Berlin
Sidi Slimane Echcharaa	MA	Africa/Casablanca
Reggane	DZ	Africa/Algiers
St. Charles	US	America/Chicago
Jukui	CN	Asia/Shanghai
El Aouinet	DZ	Africa/Algiers
Southport	AU	Australia/Brisbane
Monaco	MC	Europe/Monaco
Calbuco	CL	America/Santiago
Greenacres City	US	America/New_York
San Onofre	CO	America/Bogota
Mt Pleasant	CA	America/Vancouver
Mount Olive-Silverstone-Jamestown	CA	America/Toronto
Kiryas Joel	US	America/New_York
San Kamphaeng	TH	Asia/Bangkok
Itamarandiba	BR	America/Sao_Paulo
Río Grande	MX	America/Mexico_City
Ndibène Dahra	SN	Africa/Dakar
Imbituva	BR	America/Sao_Paulo
Badr	EG	Africa/Cairo
Gyöngyös	HU	Europe/Budapest
Marks	RU	Europe/Saratov
Motosu	JP	Asia/Tokyo
Shingū	JP	Asia/Tokyo
Portadown	GB	Europe/London
Jūybār	IR	Asia/Tehran
Washwood Heath	GB	Europe/London
Mutuáli	MZ	Africa/Maputo
Al Başalīyah Baḩrī	EG	Africa/Cairo
Srvanampatti	IN	Asia/Kolkata
Buer	DE	Europe/Berlin
Canicattì	IT	Europe/Rome
Jakomini	AT	Europe/Vienna
Miranda	VE	America/Caracas
Kapan	AM	Asia/Yerevan
Yokadouma	CM	Africa/Douala
Tumbi	TZ	Africa/Dar_es_Salaam
Busesa	UG	Africa/Kampala
Patrātu	IN	Asia/Kolkata
Bhokar	IN	Asia/Kolkata
Moninnpébougou	ML	Africa/Bamako
Salisbury	US	America/New_York
Douglasville	US	America/New_York
Warrnambool	AU	Australia/Melbourne
Cheb	CZ	Europe/Prague
Silver Lake	US	America/Los_Angeles
Aguaí	BR	America/Sao_Paulo
Nanping	CN	Asia/Shanghai
Minamisatsuma	JP	Asia/Tokyo
Sakumona	GH	Africa/Accra
Farafenni	GM	Africa/Banjul
Security-Widefield	US	America/Denver
Mira Taglio	IT	Europe/Rome
’Aïn el Melh	DZ	Africa/Algiers
Bairro Novo	PT	Europe/Lisbon
Sānchor	IN	Asia/Kolkata
General Tinio	PH	Asia/Manila
Brighouse	GB	Europe/London
Kurumbapet	IN	Asia/Kolkata
Campi Bisenzio	IT	Europe/Rome
Achim	DE	Europe/Berlin
Tanggulangin	ID	Asia/Jakarta
Feteşti	RO	Europe/Bucharest
Vitória do Mearim	BR	America/Fortaleza
Tanguá	BR	America/Sao_Paulo
Wuhe	CN	Asia/Shanghai
Kaimganj	IN	Asia/Kolkata
Kaélé	CM	Africa/Douala
Yorii	JP	Asia/Tokyo
Oeiras do Pará	BR	America/Belem
Buyo	CI	Africa/Abidjan
University Place	US	America/Los_Angeles
Awlād Şaqr	EG	Africa/Cairo
Motherwell	GB	Europe/London
Bāmaur	IN	Asia/Kolkata
Heilbron	ZA	Africa/Johannesburg
Pagani	IT	Europe/Rome
Jānjgīr	IN	Asia/Kolkata
Egra	IN	Asia/Kolkata
Guofu	CN	Asia/Shanghai
Bogo	CM	Africa/Douala
Eunos	SG	Asia/Singapore
Pullman	US	America/Los_Angeles
Sneek	NL	Europe/Amsterdam
Pilar	PY	America/Asuncion
Igrejinha	BR	America/Sao_Paulo
Bihārīganj	IN	Asia/Kolkata
Pombal	BR	America/Fortaleza
Dikhil	DJ	Africa/Djibouti
Thị Trấn Phố Lu	VN	Asia/Ho_Chi_Minh
Teutônia	BR	America/Sao_Paulo
Ticul	MX	America/Merida
Arraial do Cabo	BR	America/Sao_Paulo
Gorna Oryahovitsa	BG	Europe/Sofia
Geleen	NL	Europe/Amsterdam
Kardítsa	GR	Europe/Athens
Espinho	PT	Europe/Lisbon
Abbiategrasso	IT	Europe/Rome
Universidad	ES	Europe/Madrid
Maassluis	NL	Europe/Amsterdam
Tangjin	KR	Asia/Seoul
Jáltipan de Morelos	MX	America/Mexico_City
Gdyel	DZ	Africa/Algiers
Lincoln	AR	America/Argentina/Buenos_Aires
Příbram	CZ	Europe/Prague
Yufu	JP	Asia/Tokyo
Asakuchi	JP	Asia/Tokyo
Şarkîkaraağaç	TR	Europe/Istanbul
Gudermes	RU	Europe/Moscow
Kameda-honchō	JP	Asia/Tokyo
Bealanana	MG	Indian/Antananarivo
Abu Suweir-el-Mahatta	EG	Africa/Cairo
Mushābani	IN	Asia/Kolkata
Babanūsah	SD	Africa/Khartoum
Udaipur	IN	Asia/Kolkata
Hoi An	VN	Asia/Ho_Chi_Minh
Mörfelden-Walldorf	DE	Europe/Berlin
Oyim	UZ	Asia/Tashkent
West Lawn	US	America/Chicago
Riccione	IT	Europe/Rome
Dighwāra	IN	Asia/Kolkata
Ngūr	IN	Asia/Kolkata
Mount Lebanon	US	America/New_York
Garhākota	IN	Asia/Kolkata
Ventspils	LV	Europe/Riga
Bela Cruz	BR	America/Fortaleza
LaSalle	CA	America/Toronto
Víctor Rosales	MX	America/Mexico_City
Léré	TD	Africa/Ndjamena
Windsor	US	America/Denver
Châtenay-Malabry	FR	Europe/Paris
Höxter	DE	Europe/Berlin
Panatina	SB	Pacific/Guadalcanal
Alabaster	US	America/Chicago
Casal Palocco	IT	Europe/Rome
São Sebastião	BR	America/Maceio
Sungkai	MY	Asia/Kuala_Lumpur
Vengola Kizhakkumbāgam	IN	Asia/Kolkata
Jiulongshan	CN	Asia/Shanghai
Itatiaia	BR	America/Sao_Paulo
Shimoda	JP	Asia/Tokyo
Wijchen	NL	Europe/Amsterdam
Mamun	IN	Asia/Kolkata
Nānjikkottai	IN	Asia/Kolkata
Farmers Branch	US	America/Chicago
Oildale	US	America/Los_Angeles
Canavieiras	BR	America/Bahia
Bijuri	IN	Asia/Kolkata
Kholmsk	RU	Asia/Sakhalin
La Verne	US	America/Los_Angeles
Pivdenne	UA	Europe/Kyiv
Maloyaroslavets	RU	Europe/Moscow
Kaïs	DZ	Africa/Algiers
Gevelsberg	DE	Europe/Berlin
Winsen	DE	Europe/Berlin
Mason	US	America/New_York
Mol	BE	Europe/Brussels
Åkersberga	SE	Europe/Stockholm
Eastpointe	US	America/Detroit
Bustleton	US	America/New_York
Santana do Acaraú	BR	America/Fortaleza
Ghugus	IN	Asia/Kolkata
Sélibaby	MR	Africa/Nouakchott
Yōkaichiba	JP	Asia/Tokyo
Setharja Old	PK	Asia/Karachi
Gillette	US	America/Denver
Rorainópolis	BR	America/Boa_Vista
Lenbe	HT	America/Port-au-Prince
Velikiy Ustyug	RU	Europe/Moscow
Atebubu	GH	Africa/Accra
Tārānagar	IN	Asia/Kolkata
Nienburg	DE	Europe/Berlin
Valparaiso	US	America/Chicago
Viernheim	DE	Europe/Berlin
Midvale	US	America/Denver
Nepānagar	IN	Asia/Kolkata
Ennepetal	DE	Europe/Berlin
Stains	FR	Europe/Paris
Badarganj	BD	Asia/Dhaka
Prachin Buri	TH	Asia/Bangkok
Shaqlāwah	IQ	Asia/Baghdad
Bādepalli	IN	Asia/Kolkata
Spring Valley	US	America/New_York
Irituia	BR	America/Belem
Ōiso	JP	Asia/Tokyo
Pradl	AT	Europe/Vienna
Alindao	CF	Africa/Bangui
Nautanwa	IN	Asia/Kolkata
Pīrzādagūda	IN	Asia/Kolkata
San Donato	IT	Europe/Rome
Kuroda	JP	Asia/Tokyo
Hisua	IN	Asia/Kolkata
Shamshabad	IN	Asia/Kolkata
Vallabh Vidyanagar	IN	Asia/Kolkata
Tamalous	DZ	Africa/Algiers
Tenosique	MX	America/Mexico_City
Cícero Dantas	BR	America/Bahia
Erraguntla	IN	Asia/Kolkata
Rome	US	America/New_York
Sebdou	DZ	Africa/Algiers
Darwen	GB	Europe/London
Jagna	PH	Asia/Manila
Sik	MY	Asia/Kuala_Lumpur
Al Abyār	LY	Africa/Tripoli
Zhoujia	CN	Asia/Shanghai
Pinhão	BR	America/Sao_Paulo
Wundwin	MM	Asia/Yangon
Iława	PL	Europe/Warsaw
Lola	GN	Africa/Conakry
Bahārak	AF	Asia/Kabul
Edappāl	IN	Asia/Kolkata
Aïn Bessem	DZ	Africa/Algiers
Lewiston	US	America/Los_Angeles
Tewulike	CN	Asia/Urumqi
Manuguru	IN	Asia/Kolkata
Heba	CN	Asia/Shanghai
Yongxing	CN	Asia/Shanghai
Soro	IN	Asia/Kolkata
Coronel Suárez	AR	America/Argentina/Buenos_Aires
Panguipulli	CL	America/Santiago
Nagato	JP	Asia/Tokyo
In Salah	DZ	Africa/Algiers
West Village	US	America/New_York
Rio Branco do Sul	BR	America/Sao_Paulo
Agrigento	IT	Europe/Rome
Königs Wusterhausen	DE	Europe/Berlin
Penalva	BR	America/Fortaleza
Shimada	JP	Asia/Tokyo
Ulliyeri	IN	Asia/Kolkata
Yubileyny	RU	Europe/Moscow
Haojiaqiao	CN	Asia/Shanghai
Stuhr	DE	Europe/Berlin
Karengera	RW	Africa/Kigali
Solomyanka	UA	Europe/Kyiv
Saoner	IN	Asia/Kolkata
Vinces	EC	America/Guayaquil
Aguilares	AR	America/Argentina/Tucuman
Muttayyāpuram	IN	Asia/Kolkata
Bugarama	TZ	Africa/Dar_es_Salaam
Örnsköldsvik	SE	Europe/Stockholm
Mateur	TN	Africa/Tunis
Yanai	JP	Asia/Tokyo
Wisbech	GB	Europe/London
Manwath	IN	Asia/Kolkata
Somma Vesuviana	IT	Europe/Rome
North Ridgeville	US	America/New_York
Petersburg	US	America/New_York
Jeffreys Bay	ZA	Africa/Johannesburg
Ṣafādasht	IR	Asia/Tehran
Dhandhuka	IN	Asia/Kolkata
Jūjūvādi	IN	Asia/Kolkata
Boryslav	UA	Europe/Kyiv
Mazeikiai	LT	Europe/Vilnius
Rethymno	GR	Europe/Athens
Nueva Italia de Ruiz	MX	America/Mexico_City
Hatta	IN	Asia/Kolkata
Santa Rosa Beach	US	America/Chicago
Cendajuru	BI	Africa/Bujumbura
Correntina	BR	America/Bahia
Caucete	AR	America/Argentina/San_Juan
Howick	ZA	Africa/Johannesburg
Desnogorsk	RU	Europe/Moscow
Victoria	CL	America/Santiago
Shaodian	CN	Asia/Shanghai
Jagdīspur	IN	Asia/Kolkata
Ngudu	TZ	Africa/Dar_es_Salaam
Richmond	ZA	Africa/Johannesburg
Careiro	BR	America/Manaus
Almora	IN	Asia/Kolkata
Thuraiyur	IN	Asia/Kolkata
Ken Caryl	US	America/Denver
Bor	TR	Europe/Istanbul
Randallstown	US	America/New_York
Nouna	BF	Africa/Ouagadougou
Westlake	US	America/New_York
Granadero Baigorria	AR	America/Argentina/Cordoba
Awoshi	GH	Africa/Accra
Danderyd	SE	Europe/Stockholm
Cambrils	ES	Europe/Madrid
Mixia	CN	Asia/Urumqi
Villa de San Antonio	HN	America/Tegucigalpa
Caicedonia	CO	America/Bogota
Santana do Araguaia	BR	America/Belem
Al-`Ula	SA	Asia/Riyadh
Thívai	GR	Europe/Athens
Nova Russas	BR	America/Fortaleza
Xiasi	CN	Asia/Shanghai
Lampertheim	DE	Europe/Berlin
Haruta	JP	Asia/Tokyo
Ōharu	JP	Asia/Tokyo
Kazincbarcika	HU	Europe/Budapest
Ḩayy al Quwaysimah	JO	Asia/Amman
Kudat	MY	Asia/Kuching
Farrokh Shahr	IR	Asia/Tehran
Bangor	US	America/New_York
Clermont	US	America/New_York
Lukhovitsy	RU	Europe/Moscow
Saknepalli	IN	Asia/Kolkata
Châtillon	FR	Europe/Paris
Gligbeuadji	CI	Africa/Abidjan
Rayleigh	GB	Europe/London
Jaten	ID	Asia/Jakarta
Anta	IN	Asia/Kolkata
Lakota	CI	Africa/Abidjan
Zapotlanejo	MX	America/Mexico_City
Gödöllő	HU	Europe/Budapest
Pires do Rio	BR	America/Sao_Paulo
Udomlya	RU	Europe/Moscow
Chocope	PE	America/Lima
Sun Prairie	US	America/Chicago
Slobodskoy	RU	Europe/Kirov
Mawu	CN	Asia/Shanghai
Gajendragarh	IN	Asia/Kolkata
Georgetown	US	America/New_York
Saybag	CN	Asia/Urumqi
Jayrūd	SY	Asia/Damascus
Greater Grand Crossing	US	America/Chicago
Drozhzhino	RU	Europe/Moscow
Xóm Mỹ Xuân	VN	Asia/Ho_Chi_Minh
Nuevo Imperial	PE	America/Lima
Imperial	PE	America/Lima
Futian	CN	Asia/Shanghai
Biberach an der Riß	DE	Europe/Berlin
Otavalo	EC	America/Guayaquil
Narsinghgarh	IN	Asia/Kolkata
Kalyandurg	IN	Asia/Kolkata
Fairbanks	US	America/Anchorage
Aki-takata	JP	Asia/Tokyo
Dagzê	CN	Asia/Shanghai
De Aar	ZA	Africa/Johannesburg
Comalapa	GT	America/Guatemala
Guimba	PH	Asia/Manila
Wenquan	CN	Asia/Shanghai
College Park	US	America/New_York
Nurota	UZ	Asia/Samarkand
Chittūr	IN	Asia/Kolkata
Vienne	FR	Europe/Paris
Madhapar	IN	Asia/Kolkata
Rongjiang	CN	Asia/Shanghai
Kangkar	SG	Asia/Singapore
Schiltigheim	FR	Europe/Paris
Boyolangu	ID	Asia/Jakarta
Komárno	SK	Europe/Bratislava
Komárno	SK	Europe/Bratislava
Aston	GB	Europe/London
Macia	MZ	Africa/Maputo
Ban Khlong Bang Phran	TH	Asia/Bangkok
Springville	US	America/Denver
Chhabra	IN	Asia/Kolkata
El Triunfo	EC	America/Guayaquil
Chalchuapa	SV	America/El_Salvador
Banī Suwayf al Jadīdah	EG	Africa/Cairo
Actopan	MX	America/Mexico_City
Natick	US	America/New_York
Marienfelde	DE	Europe/Berlin
Bogdanovich	RU	Asia/Yekaterinburg
Gyula	HU	Europe/Budapest
Maşyāf	SY	Asia/Damascus
Itapicuru	BR	America/Bahia
Zarqān	IR	Asia/Tehran
Trindade	BR	America/Recife
Manamadurai	IN	Asia/Kolkata
Chestermere	CA	America/Edmonton
Akatsuka	JP	Asia/Tokyo
São Gabriel da Palha	BR	America/Sao_Paulo
Massillon	US	America/New_York
Guanhães	BR	America/Sao_Paulo
Tawaramoto	JP	Asia/Tokyo
Walla Walla	US	America/Los_Angeles
Weil am Rhein	DE	Europe/Berlin
Quiapo	PH	Asia/Manila
São Bento	BR	America/Fortaleza
Huzhai	CN	Asia/Shanghai
Ruma	RS	Europe/Belgrade
Landskrona	SE	Europe/Stockholm
Florence	US	America/New_York
Kawasan Penempatan Ulu Sungai Benut	MY	Asia/Kuala_Lumpur
Kawasan Penempatan Ulu Benut Tiga	MY	Asia/Kuala_Lumpur
Kawasan Penempatan Ulu Benut Lima	MY	Asia/Kuala_Lumpur
Macuspana	MX	America/Mexico_City
Meschede	DE	Europe/Berlin
Lucera	IT	Europe/Rome
Fonseca	CO	America/Bogota
Puerto de la Cruz	ES	Atlantic/Canary
Demnate	MA	Africa/Casablanca
Paraipaba	BR	America/Fortaleza
Shaqra	SA	Asia/Riyadh
Pyawbwe	MM	Asia/Yangon
Dajin	CN	Asia/Shanghai
Andover	US	America/Chicago
Câmara de Lobos	PT	Atlantic/Madeira
Yamashita	JP	Asia/Tokyo
Hopkinsville	US	America/Chicago
Komagane	JP	Asia/Tokyo
Cochrane	CA	America/Edmonton
Whitstable	GB	Europe/London
La Paz	ES	Europe/Madrid
Rheinberg	DE	Europe/Berlin
Nazaré da Mata	BR	America/Recife
Namegata	JP	Asia/Tokyo
Estrela	BR	America/Sao_Paulo
Overbrook	US	America/New_York
Ts’khinvali	GE	Asia/Tbilisi
San Narciso	PH	Asia/Manila
Paris 03 Temple	FR	Europe/Paris
Mascalucia	IT	Europe/Rome
Ibaté	BR	America/Sao_Paulo
Gandu	BR	America/Bahia
Curtea de Argeş	RO	Europe/Bucharest
Ja Ela	LK	Asia/Colombo
Kumru	TR	Europe/Istanbul
Zaqatala	AZ	Asia/Baku
Tiruchchendur	IN	Asia/Kolkata
Ḩarir	IQ	Asia/Baghdad
Wernigerode	DE	Europe/Berlin
Colonia del Sacramento	UY	America/Montevideo
Ahwiaa	GH	Africa/Accra
Ma‘arratmişrīn	SY	Asia/Damascus
Snowdon	CA	America/Toronto
Centro Familiar la Soledad	MX	America/Mexico_City
Laramie	US	America/Denver
Etlik	TR	Europe/Istanbul
Greenville	US	America/Chicago
West Englewood	US	America/Chicago
Bisauli	IN	Asia/Kolkata
Coxim	BR	America/Campo_Grande
Werl	DE	Europe/Berlin
Kangayam	IN	Asia/Kolkata
Hizume	JP	Asia/Tokyo
Anfu	CN	Asia/Shanghai
São Domingos do Capim	BR	America/Belem
Laranjeiras do Sul	BR	America/Sao_Paulo
Mannanchōri	IN	Asia/Kolkata
Kakching	IN	Asia/Kolkata
Les Mureaux	FR	Europe/Paris
Turaiyūr	IN	Asia/Kolkata
Żywiec	PL	Europe/Warsaw
La Ligua	CL	America/Santiago
Bijaynagar	IN	Asia/Kolkata
Fajardo	PR	America/Puerto_Rico
Ferokh	IN	Asia/Kolkata
Palotina	BR	America/Sao_Paulo
Bethel Park	US	America/New_York
Kamogawa	JP	Asia/Tokyo
Sint-Amandsberg	BE	Europe/Brussels
Kurtalan	TR	Europe/Istanbul
Akçakale	TR	Europe/Istanbul
Bernburg	DE	Europe/Berlin
Cookeville	US	America/Chicago
Randolph	US	America/New_York
Favara	IT	Europe/Rome
Oceanside	US	America/New_York
Danville	US	America/Chicago
Campo Alegre	BR	America/Maceio
Ouro Fino	BR	America/Sao_Paulo
Dhāmnod	IN	Asia/Kolkata
Barrinha	BR	America/Sao_Paulo
Helena	US	America/Denver
Jora Khurd	IN	Asia/Kolkata
Quitilipi	AR	America/Argentina/Cordoba
Rumbek	SS	Africa/Juba
Bekwai	GH	Africa/Accra
Antsohimbondrona	MG	Indian/Antananarivo
Inta	RU	Europe/Moscow
Shunzhou	CN	Asia/Shanghai
Holstebro	DK	Europe/Copenhagen
Yeşilli	TR	Europe/Istanbul
Huilong	CN	Asia/Shanghai
Shepparton	AU	Australia/Melbourne
Pāvugada	IN	Asia/Kolkata
Limbiate	IT	Europe/Rome
Fenhe	CN	Asia/Shanghai
Aïn Smara	DZ	Africa/Algiers
Neugraben-Fischbek	DE	Europe/Berlin
Eisenhüttenstadt	DE	Europe/Berlin
Langendreer	DE	Europe/Berlin
Naranjal	EC	America/Guayaquil
Thenhippalam	IN	Asia/Kolkata
Quţūr	EG	Africa/Cairo
San Pawl il-Baħar	MT	Europe/Malta
Macau	BR	America/Fortaleza
São Miguel Arcanjo	BR	America/Sao_Paulo
Puerto Iguazú	AR	America/Argentina/Cordoba
Niederschönhausen	DE	Europe/Berlin
Nguigmi	NE	Africa/Niamey
Huixtla	MX	America/Mexico_City
Montgomery Village	US	America/New_York
Binche	BE	Europe/Brussels
Sant Joan Despí	ES	Europe/Madrid
Yamoto	JP	Asia/Tokyo
Villaguay	AR	America/Argentina/Cordoba
Chachapoyas	PE	America/Lima
Brasília de Minas	BR	America/Sao_Paulo
Halvad	IN	Asia/Kolkata
Nyanza	RW	Africa/Kigali
Le Perreux-sur-Marne	FR	Europe/Paris
Chindumbo	AO	Africa/Luanda
Meerpet	IN	Asia/Kolkata
Zamānia	IN	Asia/Kolkata
Ciudad Fernández	MX	America/Mexico_City
Manouba	TN	Africa/Tunis
North Olmsted	US	America/New_York
Casilda	AR	America/Argentina/Cordoba
Curanilahue	CL	America/Santiago
Lower Earley	GB	Europe/London
Shirley	GB	Europe/London
Deeside	GB	Europe/London
Bhatkal	IN	Asia/Kolkata
Malkapur	IN	Asia/Kolkata
Kyzyl-Kyya	KG	Asia/Bishkek
Itampolo	MG	Indian/Antananarivo
Taman Pelangi	MY	Asia/Kuala_Lumpur
Midoun	TN	Africa/Tunis
Danai	MM	Asia/Yangon
Djidiouia	DZ	Africa/Algiers
Land O' Lakes	US	America/New_York
Makhdumpur	IN	Asia/Kolkata
Lommel	BE	Europe/Brussels
Jiangzhuang	CN	Asia/Shanghai
Guyancourt	FR	Europe/Paris
Falmouth	GB	Europe/London
Palaiseau	FR	Europe/Paris
Yawatahama	JP	Asia/Tokyo
Sibut	CF	Africa/Bangui
Banigbé	BJ	Africa/Porto-Novo
Barbacha	DZ	Africa/Algiers
Longju	CN	Asia/Shanghai
Akatsi	GH	Africa/Accra
Castro-Urdiales	ES	Europe/Madrid
Medicilândia	BR	America/Santarem
Nkhotakota	MW	Africa/Blantyre
San Isidro	AR	America/Argentina/Catamarca
Arfoud	MA	Africa/Casablanca
Donskoy	RU	Europe/Moscow
Hajdúböszörmény	HU	Europe/Budapest
Of	TR	Europe/Istanbul
Kimovsk	RU	Europe/Moscow
Shafi Pur Ranhola	IN	Asia/Kolkata
Alto Alegre do Pindaré	BR	America/Fortaleza
Nísia Floresta	BR	America/Fortaleza
Guōlèmùdé	CN	Asia/Shanghai
Vallentuna	SE	Europe/Stockholm
Kampung Kerubong	MY	Asia/Kuala_Lumpur
Ivaiporã	BR	America/Sao_Paulo
Katobu	ID	Asia/Makassar
IJmuiden	NL	Europe/Amsterdam
Nola	CF	Africa/Bangui
Bougaa	DZ	Africa/Algiers
Znamensk	RU	Europe/Astrakhan
Maḩallat Damanah	EG	Africa/Cairo
Tatau	MY	Asia/Kuching
Santo Antônio do Tauá	BR	America/Belem
Xaxim	BR	America/Sao_Paulo
Saint-Dizier	FR	Europe/Paris
Menen	BE	Europe/Brussels
’Aïn el Bell	DZ	Africa/Algiers
İmamoğlu	TR	Europe/Istanbul
Watertown	US	America/New_York
Békásmegyer	HU	Europe/Budapest
Mamu Kanjan	PK	Asia/Karachi
Neuruppin	DE	Europe/Berlin
Hīt	IQ	Asia/Baghdad
Slagelse	DK	Europe/Copenhagen
el hed	DZ	Africa/Algiers
Punta de Piedras	VE	America/Caracas
Néa Ionía	GR	Europe/Athens
Jāridih	IN	Asia/Kolkata
Rasrā	IN	Asia/Kolkata
Glastonbury	US	America/New_York
Podil	UA	Europe/Kyiv
Amlapura	ID	Asia/Makassar
Amlapura city	ID	Asia/Makassar
Oudenaarde	BE	Europe/Brussels
Creil	FR	Europe/Paris
Tanchang Chengguanzhen	CN	Asia/Shanghai
Fenggao	CN	Asia/Shanghai
Saḩar	YE	Asia/Aden
Palmeiras de Goiás	BR	America/Sao_Paulo
Borj Cedria	TN	Africa/Tunis
Sādpalli	IN	Asia/Kolkata
Baliwan	CN	Asia/Shanghai
Sattur	IN	Asia/Kolkata
Sharqpur Sharif	PK	Asia/Karachi
Westmont	US	America/Los_Angeles
Maur	IN	Asia/Kolkata
Privolzhskiy	RU	Europe/Saratov
Ayabe	JP	Asia/Tokyo
Anbyŏn-ŭp	KP	Asia/Pyongyang
Hyde Park	US	America/New_York
Maḩmūdābād	IR	Asia/Tehran
Chhota Gobindpur	IN	Asia/Kolkata
Ansbach	DE	Europe/Berlin
Remchi	DZ	Africa/Algiers
Emmerich	DE	Europe/Berlin
Pekan	MY	Asia/Kuala_Lumpur
Thamesmead	GB	Europe/London
Sāsvad	IN	Asia/Kolkata
Galapagar	ES	Europe/Madrid
Karłowice-Różanka	PL	Europe/Warsaw
Alvalade	PT	Europe/Lisbon
Santa Rita	VE	America/Caracas
Al Qanţarah	EG	Africa/Cairo
Bandar Nabawan	MY	Asia/Kuching
Cañete	CL	America/Santiago
Garfield	US	America/New_York
Dasheng	CN	Asia/Shanghai
Taolin	CN	Asia/Shanghai
Ulundi	ZA	Africa/Johannesburg
São Luís do Quitunde	BR	America/Maceio
Hlukhiv	UA	Europe/Kyiv
Shek Lei	HK	Asia/Hong_Kong
Gorodets	RU	Europe/Moscow
El Sombrero	VE	America/Caracas
Caucagua	VE	America/Caracas
Vandœuvre-lès-Nancy	FR	Europe/Paris
Bhera	PK	Asia/Karachi
Aurora do Pará	BR	America/Belem
Yanqi	CN	Asia/Urumqi
Kreuztal	DE	Europe/Berlin
Milazzo	IT	Europe/Rome
Kabacan	PH	Asia/Manila
Bale Hawassa	ET	Africa/Addis_Ababa
Hakonegasaki	JP	Asia/Tokyo
Cabrobó	BR	America/Recife
Vilavoorkkal	IN	Asia/Kolkata
Santa Pola	ES	Europe/Madrid
General José de San Martín	AR	America/Argentina/Cordoba
Descalvado	BR	America/Sao_Paulo
Viby	DK	Europe/Copenhagen
Kotma	IN	Asia/Kolkata
Urambo	TZ	Africa/Dar_es_Salaam
Bandjoun	CM	Africa/Douala
Al Qaryatayn	SY	Asia/Damascus
Laguna Hills	US	America/Los_Angeles
Tienen	BE	Europe/Brussels
Santa Maria Capua Vetere	IT	Europe/Rome
Momostenango	GT	America/Guatemala
Isoka	ZM	Africa/Lusaka
Radolfzell	DE	Europe/Berlin
Dursh Khela	PK	Asia/Karachi
Villanueva	CO	America/Bogota
Kottaikuppam	IN	Asia/Kolkata
Kiskunfélegyháza	HU	Europe/Budapest
Katagami	JP	Asia/Tokyo
Mariakani	KE	Africa/Nairobi
Nakhabino	RU	Europe/Moscow
Megarine	DZ	Africa/Algiers
Kavār	IR	Asia/Tehran
Fushimi	JP	Asia/Tokyo
Sakhnīn	IL	Asia/Jerusalem
Jaguaruana	BR	America/Fortaleza
Leku	ET	Africa/Addis_Ababa
Allanridge	ZA	Africa/Johannesburg
Khaira	IN	Asia/Kolkata
Puerto Wilches	CO	America/Bogota
West Bend	US	America/Chicago
Fort Pienc	ES	Europe/Madrid
Tālīkota	IN	Asia/Kolkata
Abrantes	ES	Europe/Madrid
Bang Khun Si	TH	Asia/Bangkok
Uekimachi-mōno	JP	Asia/Tokyo
Amecameca	MX	America/Mexico_City
Thonon-les-Bains	FR	Europe/Paris
Castelvetrano	IT	Europe/Rome
Nabīnagar	BD	Asia/Dhaka
Oristano	IT	Europe/Rome
Fianga	TD	Africa/Ndjamena
Willingboro	US	America/New_York
Puzhal	IN	Asia/Kolkata
Hayama	JP	Asia/Tokyo
Placas	BR	America/Santarem
Kyauktaga	MM	Asia/Yangon
Chichester	GB	Europe/London
Barros Blancos	UY	America/Montevideo
Morrelgonj	BD	Asia/Dhaka
Zhonghe	CN	Asia/Shanghai
Ibaiti	BR	America/Sao_Paulo
Puerto Cumarebo	VE	America/Caracas
Turilândia	BR	America/Fortaleza
Angri	IT	Europe/Rome
Sosnovoborsk	RU	Asia/Krasnoyarsk
Cicero	US	America/New_York
Zentsujichó	JP	Asia/Tokyo
Nantan	JP	Asia/Tokyo
Floresta	BR	America/Recife
Papendrecht	NL	Europe/Amsterdam
San Carlos de Bolívar	AR	America/Argentina/Buenos_Aires
Barnstaple	GB	Europe/London
Evergem	BE	Europe/Brussels
Salqīn	SY	Asia/Damascus
Sīdī Bin Zīnah	LY	Africa/Tripoli
Youri Kourtéré	NE	Africa/Niamey
Kudymkar	RU	Asia/Yekaterinburg
Bariri	BR	America/Sao_Paulo
Zégoua	ML	Africa/Bamako
Mchinji	MW	Africa/Blantyre
Raiwind	PK	Asia/Karachi
San Lorenzo	AR	America/Argentina/Salta
Lloydminster	CA	America/Edmonton
Mundelein	US	America/Chicago
Kalpatta	IN	Asia/Kolkata
Centereach	US	America/New_York
Rass el Djebel	TN	Africa/Tunis
Kop’ung	KP	Asia/Pyongyang
Villanueva	HN	America/Tegucigalpa
Béthune	FR	Europe/Paris
Cachoeira Paulista	BR	America/Sao_Paulo
Windsor	GB	Europe/London
Cananea	MX	America/Hermosillo
Cururupu	BR	America/Fortaleza
Mozhaysk	RU	Europe/Moscow
Obukhiv	UA	Europe/Kyiv
Takahashi	JP	Asia/Tokyo
Juneau	US	America/Juneau
Hartbeestfontein-A	ZA	Africa/Johannesburg
Ambad	IN	Asia/Kolkata
Lebohang	ZA	Africa/Johannesburg
Gành Hào	VN	Asia/Ho_Chi_Minh
Figuil	CM	Africa/Douala
Ponta de Pedras	BR	America/Belem
Dade	CN	Asia/Shanghai
Anlan	CN	Asia/Shanghai
Mount Juliet	US	America/Chicago
Naugatuck	US	America/New_York
Sijua	IN	Asia/Kolkata
Rāhatgarh	IN	Asia/Kolkata
Zapala	AR	America/Argentina/Salta
Vandavāsi	IN	Asia/Kolkata
Tirumuruganpūndi	IN	Asia/Kolkata
Kōshū	JP	Asia/Tokyo
Wudalike	CN	Asia/Urumqi
Thanneermukkom	IN	Asia/Kolkata
Hafnarfjörður	IS	Atlantic/Reykjavik
Vitorino Freire	BR	America/Fortaleza
Neubau	AT	Europe/Vienna
San Luis	US	America/Phoenix
San Carlos	CL	America/Santiago
Pankshin	NG	Africa/Lagos
Sédhiou	SN	Africa/Dakar
Confresa	BR	America/Cuiaba
Barabinsk	RU	Asia/Novosibirsk
Kita-Akita	JP	Asia/Tokyo
Parūr	IN	Asia/Kolkata
Welench’ītī	ET	Africa/Addis_Ababa
Prestwich	GB	Europe/London
Sapezal	BR	America/Cuiaba
Jiuxian	CN	Asia/Shanghai
Bouarfa	MA	Africa/Casablanca
Frederico Westphalen	BR	America/Sao_Paulo
Gomoh	IN	Asia/Kolkata
Lavras da Mangabeira	BR	America/Fortaleza
Aldaia	ES	Europe/Madrid
Rahachow	BY	Europe/Minsk
Epsom	GB	Europe/London
Ceylanpınar	TR	Europe/Istanbul
Blauwgrond	SR	America/Paramaribo
Crema	IT	Europe/Rome
Samjiyŏn-ŭp	KP	Asia/Pyongyang
Hispanoamérica	ES	Europe/Madrid
Elūr	IN	Asia/Kolkata
Stratford	CA	America/Toronto
Brighton Beach	US	America/New_York
Michigan City	US	America/Chicago
Mandaguaçu	BR	America/Sao_Paulo
Airmadidi	ID	Asia/Makassar
Dania Beach	US	America/New_York
Parambu	BR	America/Fortaleza
Savé	BJ	Africa/Porto-Novo
Bandar	ID	Asia/Jakarta
Jam	IR	Asia/Tehran
Makiki / Lower Punchbowl / Tantalus	US	Pacific/Honolulu
San Javier	ES	Europe/Madrid
San José	CR	America/Costa_Rica
Bulanık	TR	Europe/Istanbul
Pindaré-Mirim	BR	America/Fortaleza
Alaminos	PH	Asia/Manila
Marapong	ZA	Africa/Johannesburg
Lewiston Orchards	US	America/Los_Angeles
Chemmumiahpet	IN	Asia/Kolkata
Nieuw-Vennep	NL	Europe/Amsterdam
Chilliwack-Downtown	CA	America/Vancouver
Oldenzaal	NL	Europe/Amsterdam
Ajka	HU	Europe/Budapest
Osterholz-Scharmbeck	DE	Europe/Berlin
Bale Robe	ET	Africa/Addis_Ababa
Lukyanivka	UA	Europe/Kyiv
Bektemir	UZ	Asia/Tashkent
Mehdia daira de meghila	DZ	Africa/Algiers
Arroyomolinos	ES	Europe/Madrid
Côte-Saint-Luc	CA	America/Toronto
Guojia	CN	Asia/Shanghai
Lexington	US	America/New_York
Nova Mamoré	BR	America/Porto_Velho
Chatham	US	America/Chicago
Jalālpur	IN	Asia/Kolkata
Kharagpur	IN	Asia/Kolkata
Songo	AO	Africa/Luanda
Mariahilf	AT	Europe/Vienna
Navarre	US	America/Chicago
El Carmel	ES	Europe/Madrid
Holly Springs	US	America/New_York
Maluso	PH	Asia/Manila
Orosháza	HU	Europe/Budapest
Christchurch	GB	Europe/London
Mangistau	KZ	Asia/Aqtau
Río Bueno	CL	America/Santiago
Sri Mādhopur	IN	Asia/Kolkata
Novoyavorivs'k	UA	Europe/Kyiv
Colomiers	FR	Europe/Paris
Kutoarjo	ID	Asia/Jakarta
Maralal	KE	Africa/Nairobi
Diré	ML	Africa/Bamako
Lumding Railway Colony	IN	Asia/Kolkata
Church-Yonge Corridor	CA	America/Toronto
Wenxian Chengguanzhen	CN	Asia/Shanghai
Lohmar	DE	Europe/Berlin
Wenfeng	CN	Asia/Shanghai
Bussum	NL	Europe/Amsterdam
Tandaltī	SD	Africa/Khartoum
Rio das Pedras	BR	America/Sao_Paulo
Guarantã do Norte	BR	America/Cuiaba
Hakenfelde	DE	Europe/Berlin
Grand-Zattry	CI	Africa/Abidjan
Bagre	BR	America/Belem
Mvomero	TZ	Africa/Dar_es_Salaam
Frankfort	ZA	Africa/Johannesburg
Grottaglie	IT	Europe/Rome
Pilczyce-Kozanów-Popowice Północne	PL	Europe/Warsaw
Souk et Tnine Jorf el Mellah	MA	Africa/Casablanca
Santa Eulària des Riu	ES	Europe/Madrid
Cheongsong gun	KR	Asia/Seoul
Kolenté	GN	Africa/Conakry
Willoughby	CA	America/Vancouver
Huatusco	MX	America/Mexico_City
Lyon 02	FR	Europe/Paris
Ahmedgarh	IN	Asia/Kolkata
Stanley	GB	Europe/London
Al Burayqah	LY	Africa/Tripoli
Folie Méricourt	FR	Europe/Paris
Chītāpur	IN	Asia/Kolkata
Eyvān	IR	Asia/Tehran
San José Guadalupe Otzacatipan	MX	America/Mexico_City
Yby Yaú	PY	America/Asuncion
Shawnee	US	America/Chicago
Savonlinna	FI	Europe/Helsinki
Jhanjhārpur	IN	Asia/Kolkata
Brentwood Estates	US	America/Chicago
Láng Thượng	VN	Asia/Ho_Chi_Minh
Cô Tô	VN	Asia/Ho_Chi_Minh
Bandeirantes	BR	America/Sao_Paulo
Jinan-gun	KR	Asia/Seoul
Bahau	MY	Asia/Kuala_Lumpur
Galesburg	US	America/Chicago
Osvaldo Cruz	BR	America/Sao_Paulo
Banī Suhaylā	PS	Asia/Gaza
Mehdya	MA	Africa/Casablanca
Sarahs	TM	Asia/Ashgabat
Sakai-nakajima	JP	Asia/Tokyo
General Salipada K. Pendatun	PH	Asia/Manila
Carballo	ES	Europe/Madrid
Tracuateua	BR	America/Belem
Siliana	TN	Africa/Tunis
Ţafas	SY	Asia/Damascus
Bowling Green	US	America/New_York
Ancien-Prozi	CI	Africa/Abidjan
Georgsmarienhütte	DE	Europe/Berlin
Nāspur	IN	Asia/Kolkata
Kaminokawa	JP	Asia/Tokyo
Carangola	BR	America/Sao_Paulo
Ar-Rawḍah	EG	Africa/Cairo
Dún Laoghaire	IE	Europe/Dublin
Singānallūr	IN	Asia/Kolkata
Unchagao	IN	Asia/Kolkata
Guararema	BR	America/Sao_Paulo
Nogent-sur-Marne	FR	Europe/Paris
Karangampel	ID	Asia/Jakarta
Esperança	BR	America/Fortaleza
Bagru	IN	Asia/Kolkata
Athis-Mons	FR	Europe/Paris
Nemuro	JP	Asia/Tokyo
Des Moines	US	America/Los_Angeles
Krabi	TH	Asia/Bangkok
Güstrow	DE	Europe/Berlin
Chūō	JP	Asia/Tokyo
Ołbin	PL	Europe/Warsaw
Bama	BF	Africa/Ouagadougou
Sasaguri	JP	Asia/Tokyo
Cheriyamundam	IN	Asia/Kolkata
Allapuram	IN	Asia/Kolkata
Bittou	BF	Africa/Ouagadougou
Arcos de la Frontera	ES	Europe/Madrid
Villa Regina	AR	America/Argentina/Salta
Barra do Choça	BR	America/Bahia
Songbai	CN	Asia/Shanghai
Pontypridd	GB	Europe/London
Al Maḩāwīl	IQ	Asia/Baghdad
Karoliniškės	LT	Europe/Vilnius
Leioa	ES	Europe/Madrid
Hirado	JP	Asia/Tokyo
Wheat Ridge	US	America/Denver
Niagara	CA	America/Toronto
Kuala Belait	BN	Asia/Brunei
Cloppenburg	DE	Europe/Berlin
Bembèrèkè	BJ	Africa/Porto-Novo
Saint-Georges	CA	America/Toronto
Zhakou	CN	Asia/Shanghai
Rāmāpuram	IN	Asia/Kolkata
Orillia	CA	America/Toronto
Kawambwa	ZM	Africa/Lusaka
Thornton-Cleveleys	GB	Europe/London
Chilapa de Álvarez	MX	America/Mexico_City
Rosera	IN	Asia/Kolkata
Ban Khlong Bang Sao Thong	TH	Asia/Bangkok
Koungheul	SN	Africa/Dakar
Lend	AT	Europe/Vienna
Valdepeñas	ES	Europe/Madrid
Podili	IN	Asia/Kolkata
Barberà del Vallès	ES	Europe/Madrid
Ortaköy	TR	Europe/Istanbul
Ganderkesee	DE	Europe/Berlin
Aberdare	GB	Europe/London
Shrīgonda	IN	Asia/Kolkata
Atar	MR	Africa/Nouakchott
Pavlovskaya	RU	Europe/Moscow
Viry-Châtillon	FR	Europe/Paris
Travnik	BA	Europe/Sarajevo
Kičevo	MK	Europe/Skopje
Kalliyasshēri	IN	Asia/Kolkata
Houilles	FR	Europe/Paris
Zhong’ao	CN	Asia/Shanghai
Merzig	DE	Europe/Berlin
Šibenik	HR	Europe/Zagreb
Cabadbaran	PH	Asia/Manila
Yengisar	CN	Asia/Urumqi
Daocheng	CN	Asia/Shanghai
Yaring	TH	Asia/Bangkok
Florence	US	America/Phoenix
Tigre	AR	America/Argentina/Buenos_Aires
Omaezaki	JP	Asia/Tokyo
’Aïn Benian	DZ	Africa/Algiers
Songo	MZ	Africa/Maputo
Shambu	ET	Africa/Addis_Ababa
Īteya	ET	Africa/Addis_Ababa
Soissons	FR	Europe/Paris
Likino-Dulevo	RU	Europe/Moscow
Kula	TR	Europe/Istanbul
Lazdynai	LT	Europe/Vilnius
Kannānendal	IN	Asia/Kolkata
Pāndharkawada	IN	Asia/Kolkata
Mankāchar	IN	Asia/Kolkata
Bedworth	GB	Europe/London
Katirur	IN	Asia/Kolkata
Dyurtyuli	RU	Asia/Yekaterinburg
Bugarama	RW	Africa/Kigali
Deggendorf	DE	Europe/Berlin
Liverpool	AU	Australia/Sydney
Kuçovë	AL	Europe/Tirane
Surfers Paradise	AU	Australia/Brisbane
Erandol	IN	Asia/Kolkata
Valkenswaard	NL	Europe/Amsterdam
Verbania	IT	Europe/Rome
Freha	DZ	Africa/Algiers
Adirampattinam	IN	Asia/Kolkata
Victoria-Fraserview	CA	America/Vancouver
Kuala Kurau	MY	Asia/Kuala_Lumpur
Flores da Cunha	BR	America/Sao_Paulo
Caerphilly	GB	Europe/London
Kūrāli	IN	Asia/Kolkata
Dreux	FR	Europe/Paris
Gurnee	US	America/Chicago
Foya Kamara	LR	Africa/Monrovia
Pagaluñgan	PH	Asia/Manila
Burgdorf	DE	Europe/Berlin
San Giuliano Milanese	IT	Europe/Rome
Pompéu	BR	America/Sao_Paulo
Termoli	IT	Europe/Rome
Guararapes	BR	America/Sao_Paulo
Rostov Veliky	RU	Europe/Moscow
Myrtle Beach	US	America/New_York
Jagdīshpur	IN	Asia/Kolkata
Nagai	JP	Asia/Tokyo
Ponneri	IN	Asia/Kolkata
Na Klang	TH	Asia/Bangkok
Kanzakimachi-kanzaki	JP	Asia/Tokyo
Heusden	BE	Europe/Brussels
Tsuru	JP	Asia/Tokyo
Taman Seremban Jaya	MY	Asia/Kuala_Lumpur
Shamsābād	IN	Asia/Kolkata
Malakanagiri	IN	Asia/Kolkata
Yurigaoka	JP	Asia/Tokyo
São José do Egito	BR	America/Recife
Písek	CZ	Europe/Prague
Mimarsinan	TR	Europe/Istanbul
Caluquembe	AO	Africa/Luanda
Dayē	ET	Africa/Addis_Ababa
Ruislip	GB	Europe/London
Justiniškės	LT	Europe/Vilnius
Wobulenzi	UG	Africa/Kampala
Deolali	IN	Asia/Kolkata
Bubanza	BI	Africa/Bujumbura
Chapadão do Sul	BR	America/Campo_Grande
Lucban	PH	Asia/Manila
Parkersburg	US	America/New_York
Iguape	BR	America/Sao_Paulo
Mangrūl Pīr	IN	Asia/Kolkata
Aungban	MM	Asia/Yangon
Yushan	CN	Asia/Shanghai
Port Alfred	ZA	Africa/Johannesburg
Tianfu	CN	Asia/Shanghai
Terracina	IT	Europe/Rome
Hellín	ES	Europe/Madrid
Miami Lakes	US	America/New_York
Şān al Ḩajar al Qiblīyah	EG	Africa/Cairo
Saratoga	US	America/Los_Angeles
Khairpur Tamewah	PK	Asia/Karachi
Narsampet	IN	Asia/Kolkata
East Lake	US	America/New_York
Ikegami	JP	Asia/Tokyo
Pingkai	CN	Asia/Shanghai
Shuangtang	CN	Asia/Shanghai
Fandriana	MG	Indian/Antananarivo
Wevelgem	BE	Europe/Brussels
Famaillá	AR	America/Argentina/Tucuman
Berasia	IN	Asia/Kolkata
Rutherglen	GB	Europe/London
Nasarawa	NG	Africa/Lagos
Kafr Shukr	EG	Africa/Cairo
Banning	US	America/Los_Angeles
Motala	SE	Europe/Stockholm
Goleta	US	America/Los_Angeles
Wanghong	CN	Asia/Shanghai
Bādāmi	IN	Asia/Kolkata
Lakeside	US	America/New_York
Yaese	JP	Asia/Tokyo
Long Branch	US	America/New_York
Hirakawa	JP	Asia/Tokyo
Goré	TD	Africa/Ndjamena
Tsugaru	JP	Asia/Tokyo
Magba	CM	Africa/Douala
Bayanhongor	MN	Asia/Ulaanbaatar
Ladybrand	ZA	Africa/Johannesburg
Shaping	CN	Asia/Shanghai
Pasān	IN	Asia/Kolkata
Minase	JP	Asia/Tokyo
Doncaster East	AU	Australia/Melbourne
Kesabpur	BD	Asia/Dhaka
Emmen	CH	Europe/Zurich
Pāmban	IN	Asia/Kolkata
Ḩadīthah	IQ	Asia/Baghdad
Banda	IN	Asia/Kolkata
Noble Park	AU	Australia/Melbourne
Kondagaon	IN	Asia/Kolkata
Kalakkādu	IN	Asia/Kolkata
Mamporal	VE	America/Caracas
Deal	GB	Europe/London
Baalbek	LB	Asia/Beirut
Arendal	NO	Europe/Oslo
Toretsk	UA	Europe/Kyiv
Fair Oaks	US	America/Los_Angeles
Charenton-le-Pont	FR	Europe/Paris
Narre Warren South	AU	Australia/Melbourne
Nahiyat Ghammas	IQ	Asia/Baghdad
Dzodze	GH	Africa/Accra
Chanika	TZ	Africa/Dar_es_Salaam
Kusŏng-si	KP	Asia/Pyongyang
Puthuppariyāram	IN	Asia/Kolkata
Northeim	DE	Europe/Berlin
Kachia	NG	Africa/Lagos
Wayne	US	America/New_York
Aïn Taoujdat	MA	Africa/Casablanca
Sidi Moussa	DZ	Africa/Algiers
Posorja	EC	America/Guayaquil
Lake Stevens	US	America/Los_Angeles
Vilāngudi	IN	Asia/Kolkata
Gumdag	TM	Asia/Ashgabat
Senigallia	IT	Europe/Rome
Villeneuve-Saint-Georges	FR	Europe/Paris
Champotón	MX	America/Merida
Dover	US	America/New_York
Yugorsk	RU	Asia/Yekaterinburg
Radnor	US	America/New_York
Massafra	IT	Europe/Rome
Ganning	CN	Asia/Shanghai
Rūdarpur	IN	Asia/Kolkata
Miguel Alemán (La Doce)	MX	America/Hermosillo
Gerik	MY	Asia/Kuala_Lumpur
Pinerolo	IT	Europe/Rome
Holladay	US	America/Denver
Nsoatre	GH	Africa/Accra
Mompós	CO	America/Bogota
Ruy Barbosa	BR	America/Bahia
Sholinghur	IN	Asia/Kolkata
Jubayt	SD	Africa/Khartoum
Mānāvadar	IN	Asia/Kolkata
Careiro da Várzea	BR	America/Manaus
Macerata	IT	Europe/Rome
Kharan	PK	Asia/Karachi
Cholargós	GR	Europe/Athens
Raposa	BR	America/Fortaleza
Kostopil	UA	Europe/Kyiv
Baie-Mahault	GP	America/Guadeloupe
Herriman	US	America/Denver
Élancourt	FR	Europe/Paris
Koulamoutou	GA	Africa/Libreville
Mpophomeni	ZA	Africa/Johannesburg
Purāini	IN	Asia/Kolkata
Deūlgaon Rāja	IN	Asia/Kolkata
Jinhu	TW	Asia/Taipei
South Kingstown	US	America/New_York
Tillabéri	NE	Africa/Niamey
San Andrés del Rabanedo	ES	Europe/Madrid
Pingtan	CN	Asia/Shanghai
Saint Neots	GB	Europe/London
Werne	DE	Europe/Berlin
Geraardsbergen	BE	Europe/Brussels
Tabuleiro do Norte	BR	America/Fortaleza
Dharmadam	IN	Asia/Kolkata
Saint-Ambroise	FR	Europe/Paris
Buriti	BR	America/Fortaleza
Estero	US	America/New_York
Gedera	IL	Asia/Jerusalem
Madurāntakam	IN	Asia/Kolkata
Cambuslang	GB	Europe/London
Escuinapa de Hidalgo	MX	America/Mazatlan
Ithaca	US	America/New_York
Alençon	FR	Europe/Paris
North Tonawanda	US	America/New_York
Kalomo	ZM	Africa/Lusaka
Ţūd	EG	Africa/Cairo
Barão de Cocais	BR	America/Sao_Paulo
Reino de Antula	GW	Africa/Bissau
Dorohoi	RO	Europe/Bucharest
Āsbe Teferī	ET	Africa/Addis_Ababa
Kizhuvalam-Koonthalloor	IN	Asia/Kolkata
Brooklyn Center	US	America/Chicago
San Luis de Sincé	CO	America/Bogota
Conegliano	IT	Europe/Rome
San Benito	GT	America/Guatemala
Dharamsala	IN	Asia/Kolkata
Pikesville	US	America/New_York
Nungwi	TZ	Africa/Dar_es_Salaam
Hoyerswerda	DE	Europe/Berlin
New Iberia	US	America/Chicago
Alamogordo	US	America/Denver
Rosas	ES	Europe/Madrid
Panarukan	ID	Asia/Jakarta
Karasu	TR	Europe/Istanbul
Chełm	PL	Europe/Warsaw
Vrilissia	GR	Europe/Athens
Quedas do Iguaçu	BR	America/Sao_Paulo
Chak Five Hundred Seventy-five	PK	Asia/Karachi
Orangeville	CA	America/Toronto
Parkville	US	America/New_York
Sorochinsk	RU	Asia/Yekaterinburg
Bad Hersfeld	DE	Europe/Berlin
Wattala	LK	Asia/Colombo
Augusta	IT	Europe/Rome
Petrich	BG	Europe/Sofia
Pedana	IN	Asia/Kolkata
Statesboro	US	America/New_York
Ipubi	BR	America/Recife
Ḥawṭah Banī Tamīm	SA	Asia/Riyadh
Dahmani	TN	Africa/Tunis
Além Paraíba	BR	America/Sao_Paulo
Juatuba	BR	America/Sao_Paulo
Şūrān	SY	Asia/Damascus
Aglipay	PH	Asia/Manila
Făgăraș	RO	Europe/Bucharest
Fort Erie	CA	America/Toronto
Shagang	CN	Asia/Shanghai
Dois Irmãos	BR	America/Sao_Paulo
Morgantown	US	America/New_York
Xiagezhuang	CN	Asia/Shanghai
Tamesna	MA	Africa/Casablanca
Los Gatos	US	America/Los_Angeles
Kaij	IN	Asia/Kolkata
Ywar Ma West	MM	Asia/Yangon
Kallamchavadi	IN	Asia/Kolkata
Dēra	ET	Africa/Addis_Ababa
Yany Kapu	UA	Europe/Simferopol
Meppel	NL	Europe/Amsterdam
Lokbatan	AZ	Asia/Baku
Lahat	MY	Asia/Kuala_Lumpur
Smolyan	BG	Europe/Sofia
Zarhalol	TJ	Asia/Dushanbe
Alcázar de San Juan	ES	Europe/Madrid
Catolé do Rocha	BR	America/Fortaleza
Afonso Cláudio	BR	America/Sao_Paulo
Izu	JP	Asia/Tokyo
Matthews	US	America/New_York
Mednogorsk	RU	Asia/Yekaterinburg
Baixo Guandu	BR	America/Sao_Paulo
Harpenden	GB	Europe/London
Tongjing	CN	Asia/Shanghai
Campo Alegre de Lourdes	BR	America/Bahia
Un	IN	Asia/Kolkata
Los Altos	US	America/Los_Angeles
Longsheng	CN	Asia/Shanghai
Coria del Río	ES	Europe/Madrid
Vadanappally	IN	Asia/Kolkata
Chajarí	AR	America/Argentina/Cordoba
Clearfield	US	America/Denver
Vushtrri	XK	Europe/Belgrade
Mercedes	AR	America/Argentina/Cordoba
Mont Kiara	MY	Asia/Kuala_Lumpur
Franklin	US	America/New_York
Burgess Hill	GB	Europe/London
Irimbiliyam	IN	Asia/Kolkata
Bayān	KW	Asia/Kuwait
Mūdbidri	IN	Asia/Kolkata
Xingyi	CN	Asia/Shanghai
Al-Fāw	SD	Africa/Khartoum
Pallappatti	IN	Asia/Kolkata
Salt	ES	Europe/Madrid
Owings Mills	US	America/New_York
Nok Kundi	PK	Asia/Karachi
Hawai‘i Kai	US	Pacific/Honolulu
Sotteville-lès-Rouen	FR	Europe/Paris
Sabirabad	AZ	Asia/Baku
Caarapó	BR	America/Campo_Grande
L’Arbaa Naït Irathen	DZ	Africa/Algiers
São José da Tapera	BR	America/Maceio
Aiken	US	America/New_York
Guder	ET	Africa/Addis_Ababa
Nowshera Cantonment	PK	Asia/Karachi
Cheranellūr	IN	Asia/Kolkata
Diéma	ML	Africa/Bamako
Banamba	ML	Africa/Bamako
Plainfield	US	America/Indiana/Indianapolis
Mohyliv-Podilskyy	UA	Europe/Kyiv
Beverley	GB	Europe/London
Tantoyuca	MX	America/Mexico_City
Niimi	JP	Asia/Tokyo
Greenwich	GB	Europe/London
Cosamaloapan	MX	America/Mexico_City
Ballwin	US	America/Chicago
Manchester	US	America/New_York
Aïn Kercha	DZ	Africa/Algiers
Topki	RU	Asia/Novokuznetsk
Caetés	BR	America/Recife
Puruándiro	MX	America/Mexico_City
Algonquin	US	America/Chicago
Bel Air North	US	America/New_York
Kirzhach	RU	Europe/Moscow
Playas	EC	America/Guayaquil
Newington	US	America/New_York
Vera Cruz	BR	America/Bahia
Spalding	GB	Europe/London
Levice	SK	Europe/Bratislava
Synelnykove	UA	Europe/Kyiv
Anwen	CN	Asia/Shanghai
Ichikikushikino	JP	Asia/Tokyo
Mahārāganj	IN	Asia/Kolkata
Masaki-chō	JP	Asia/Tokyo
Westfield	US	America/New_York
Santa Paula	US	America/Los_Angeles
Dulce Nombre de Culmí	HN	America/Tegucigalpa
Xingang	TW	Asia/Taipei
Zug	CH	Europe/Zurich
Bula Atumba	AO	Africa/Luanda
Suzak	KG	Asia/Bishkek
Fallbrook	US	America/Los_Angeles
Eldersburg	US	America/New_York
Orange	FR	Europe/Paris
San Pedro de Urabá	CO	America/Bogota
Mairo Inya	KE	Africa/Nairobi
Annex	CA	America/Toronto
Oadar Temsia	MA	Africa/Casablanca
Karamürsel	TR	Europe/Istanbul
Şaḩnāyā	SY	Asia/Damascus
Sherwood	US	America/Chicago
Guamo	CO	America/Bogota
Springfield Gardens	US	America/New_York
Sandaoling Lutiankuang Wuqi Nongchang	CN	Asia/Urumqi
Nyachera	UG	Africa/Kampala
Manises	ES	Europe/Madrid
Ban Aranyik	TH	Asia/Bangkok
Takehara	JP	Asia/Tokyo
Oued Sly	DZ	Africa/Algiers
Fārsān	IR	Asia/Tehran
Nāgāvaram	IN	Asia/Kolkata
Insēno	ET	Africa/Addis_Ababa
Khorugh	TJ	Asia/Dushanbe
Stratford-upon-Avon	GB	Europe/London
Paraiso	PH	Asia/Manila
Lawrenceville	US	America/New_York
Glenfield-Jane Heights	CA	America/Toronto
Murzuk	LY	Africa/Tripoli
Lupeni	RO	Europe/Bucharest
Effiduase	GH	Africa/Accra
Valdezarza	ES	Europe/Madrid
Springfield	US	America/New_York
Stella	IT	Europe/Rome
Mizque	BO	America/La_Paz
Pau dos Ferros	BR	America/Fortaleza
Amīr Kolā	IR	Asia/Tehran
Sam Sen Nai	TH	Asia/Bangkok
Tarakeswar	IN	Asia/Kolkata
Huatabampo	MX	America/Hermosillo
Kaysville	US	America/Denver
Rongai	KE	Africa/Nairobi
Santa Bárbara	BR	America/Sao_Paulo
Tifrā	IN	Asia/Kolkata
Łuków	PL	Europe/Warsaw
Granger	US	America/Indiana/Indianapolis
Chemor	MY	Asia/Kuala_Lumpur
Starominskaya	RU	Europe/Moscow
Burlingame	US	America/Los_Angeles
Yujia	CN	Asia/Shanghai
Post Falls	US	America/Los_Angeles
Humenné	SK	Europe/Bratislava
Liberty	US	America/Chicago
Sint-Pieters-Leeuw	BE	Europe/Brussels
Robbah	DZ	Africa/Algiers
Siraspur	IN	Asia/Kolkata
Kundapura	IN	Asia/Kolkata
Espinosa	BR	America/Sao_Paulo
Forchheim	DE	Europe/Berlin
West Roxbury	US	America/New_York
Ville-Émard	CA	America/Toronto
İncirli	TR	Europe/Istanbul
Uran	IN	Asia/Kolkata
Illéla	NE	Africa/Niamey
Luís Correia	BR	America/Fortaleza
Ipixuna	BR	America/Eirunepe
Bandar-e Lengeh	IR	Asia/Tehran
Kwinana	AU	Australia/Perth
Chichaoua	MA	Africa/Casablanca
Mehar	PK	Asia/Karachi
Honghu	CN	Asia/Shanghai
Pontal do Paraná	BR	America/Sao_Paulo
Yanwo	CN	Asia/Shanghai
San Agustín	MX	America/Mexico_City
Kasba	IN	Asia/Kolkata
Borzya	RU	Asia/Chita
Carlos Barbosa	BR	America/Sao_Paulo
Bonoufla	CI	Africa/Abidjan
Nanyō	JP	Asia/Tokyo
Schönebeck	DE	Europe/Berlin
Kemalpaşa	TR	Europe/Istanbul
Oer-Erkenschwick	DE	Europe/Berlin
Andernach	DE	Europe/Berlin
Pililla	PH	Asia/Manila
San Pablo	US	America/Los_Angeles
Karjan	IN	Asia/Kolkata
Śrem	PL	Europe/Warsaw
Abomsa	ET	Africa/Addis_Ababa
Mambali	TZ	Africa/Dar_es_Salaam
Arrecifes	AR	America/Argentina/Buenos_Aires
la Marina de Port	ES	Europe/Madrid
Muvattupuzha	IN	Asia/Kolkata
Nerópolis	BR	America/Sao_Paulo
Manāwar	IN	Asia/Kolkata
Savage	US	America/Chicago
Tagoloan	PH	Asia/Manila
Myoko	JP	Asia/Tokyo
Görele	TR	Europe/Istanbul
Mporokoso	ZM	Africa/Lusaka
New Tafo	GH	Africa/Accra
Saladillo	AR	America/Argentina/Buenos_Aires
Dolores	AR	America/Argentina/Buenos_Aires
Poughkeepsie	US	America/New_York
Glória do Goitá	BR	America/Recife
Pihānī	IN	Asia/Kolkata
Ujiie	JP	Asia/Tokyo
Mosonmagyaróvár	HU	Europe/Budapest
Madukkarai	IN	Asia/Kolkata
Amlai	IN	Asia/Kolkata
Binnish	SY	Asia/Damascus
Texarkana	US	America/Chicago
Iki	JP	Asia/Tokyo
Villenave-d'Ornon	FR	Europe/Paris
Mānsa	IN	Asia/Kolkata
Dhāruhera	IN	Asia/Kolkata
Ishigami	JP	Asia/Tokyo
Sarkhej	IN	Asia/Kolkata
Karlovo	BG	Europe/Sofia
Beykonak	TR	Europe/Istanbul
Banmankhi Bazar	IN	Asia/Kolkata
Kaeng Khoi	TH	Asia/Bangkok
Rehli	IN	Asia/Kolkata
Bakau New Town	GM	Africa/Banjul
Voluntari	RO	Europe/Bucharest
Sidareja	ID	Asia/Jakarta
Yegyi	GH	Africa/Accra
Télimélé	GN	Africa/Conakry
North Royalton	US	America/New_York
To‘rqao‘rg‘on	UZ	Asia/Tashkent
Mengla	CN	Asia/Shanghai
Tönisvorst	DE	Europe/Berlin
Bad Nauheim	DE	Europe/Berlin
Pontoise	FR	Europe/Paris
Chimichagua	CO	America/Bogota
Khairpur Nathan Shah	PK	Asia/Karachi
Chicago Heights	US	America/Chicago
Jāsim	SY	Asia/Damascus
Mampikony	MG	Indian/Antananarivo
Bakri	MY	Asia/Kuala_Lumpur
Tahla	MA	Africa/Casablanca
Apóstoles	AR	America/Argentina/Cordoba
Nsanje	MW	Africa/Blantyre
Bretten	DE	Europe/Berlin
Tlajomulco de Zúñiga	MX	America/Mexico_City
Bouinan	DZ	Africa/Algiers
Lumbang	PH	Asia/Manila
Inami	JP	Asia/Tokyo
Bardejov	SK	Europe/Bratislava
Udaipur	IN	Asia/Kolkata
Camargo	ES	Europe/Madrid
Lebanon	US	America/Chicago
Winsford	GB	Europe/London
Villazón	BO	America/La_Paz
Villiers-sur-Marne	FR	Europe/Paris
Asprópyrgos	GR	Europe/Athens
Hufeng	CN	Asia/Shanghai
Dunakeszi	HU	Europe/Budapest
Vartiokylä	FI	Europe/Helsinki
Puente-Genil	ES	Europe/Madrid
Ribáuè	MZ	Africa/Maputo
Walnut	US	America/Los_Angeles
Motomiya	JP	Asia/Tokyo
Schwelm	DE	Europe/Berlin
Kade	GH	Africa/Accra
Shibushi	JP	Asia/Tokyo
Şidfā	EG	Africa/Cairo
Oliver-Valdefierro	ES	Europe/Madrid
Dalung	ID	Asia/Makassar
Maroubra	AU	Australia/Sydney
Tāramangalam	IN	Asia/Kolkata
Culleredo	ES	Europe/Madrid
Waltrop	DE	Europe/Berlin
Bhāndāria	BD	Asia/Dhaka
Konéfla	CI	Africa/Abidjan
Serenje	ZM	Africa/Lusaka
Bogoroditsk	RU	Europe/Moscow
Kessel-Lo	BE	Europe/Brussels
Blauwput	BE	Europe/Brussels
Amla	IN	Asia/Kolkata
Okotoks	CA	America/Edmonton
Pakisaji	ID	Asia/Jakarta
Tirukkoyilur	IN	Asia/Kolkata
Kuah	MY	Asia/Kuala_Lumpur
Parramatta	AU	Australia/Sydney
Musiri	IN	Asia/Kolkata
Lewe	MM	Asia/Yangon
Hīrākud	IN	Asia/Kolkata
Narimasu	JP	Asia/Tokyo
Madison Heights	US	America/Detroit
DeLand	US	America/New_York
Balabanovo	RU	Europe/Moscow
Al Ḩawātah	SD	Africa/Khartoum
Cedar City	US	America/Denver
Selogiri	ID	Asia/Jakarta
Mugala	CN	Asia/Urumqi
Parkland	US	America/New_York
Kórinthos	GR	Europe/Athens
Khair	IN	Asia/Kolkata
Berriane	DZ	Africa/Algiers
Rajauli	IN	Asia/Kolkata
Kibiti	TZ	Africa/Dar_es_Salaam
Liptovský Mikuláš	SK	Europe/Bratislava
Pointe-Claire	CA	America/Toronto
Bentleigh East	AU	Australia/Melbourne
Cláudio	BR	America/Sao_Paulo
Kashima	JP	Asia/Tokyo
Bankass	ML	Africa/Bamako
Svishtov	BG	Europe/Sofia
Yverdon-les-Bains	CH	Europe/Zurich
Arrentela	PT	Europe/Lisbon
Camberley	GB	Europe/London
Lewoleba	ID	Asia/Makassar
Ōtake	JP	Asia/Tokyo
Joaçaba	BR	America/Sao_Paulo
West Warwick	US	America/New_York
Taunusstein	DE	Europe/Berlin
Kifrī	IQ	Asia/Baghdad
Kostomuksha	RU	Europe/Moscow
Năm Căn	VN	Asia/Ho_Chi_Minh
Shangpa	CN	Asia/Shanghai
Kakkalapalle	IN	Asia/Kolkata
Dandenong	AU	Australia/Melbourne
Cherukavu	IN	Asia/Kolkata
Buhi	PH	Asia/Manila
Tōmi	JP	Asia/Tokyo
Cam Lộ	VN	Asia/Bangkok
Ahrensburg	DE	Europe/Berlin
Schnelsen	DE	Europe/Berlin
Oyam	GA	Africa/Libreville
Seoni Mālwa	IN	Asia/Kolkata
Muborak	UZ	Asia/Samarkand
Chahe	CN	Asia/Shanghai
Ulaangom	MN	Asia/Hovd
Yebao	CN	Asia/Shanghai
Chatou	FR	Europe/Paris
Postmasburg	ZA	Africa/Johannesburg
Nhamatanda	MZ	Africa/Maputo
Vernier	CH	Europe/Zurich
Mīnūdasht	IR	Asia/Tehran
Togitsu	JP	Asia/Tokyo
Akonolinga	CM	Africa/Douala
Jamestown	US	America/New_York
Meskiana	DZ	Africa/Algiers
Rosignano Marittimo	IT	Europe/Rome
Karpinsk	RU	Asia/Yekaterinburg
New Bern	US	America/New_York
Shatura	RU	Europe/Moscow
Oddanchathiram	IN	Asia/Kolkata
Nīlī	AF	Asia/Kabul
Ózd	HU	Europe/Budapest
Rietberg	DE	Europe/Berlin
Kédougou	SN	Africa/Dakar
Trâu Quỳ	VN	Asia/Bangkok
Houthalen	BE	Europe/Brussels
Helchteren	BE	Europe/Brussels
Wishaw	GB	Europe/London
Goussainville	FR	Europe/Paris
Ptolemaḯda	GR	Europe/Athens
Kerugoya	KE	Africa/Nairobi
El Rosario	HN	America/Tegucigalpa
Whampoa Garden	HK	Asia/Hong_Kong
Rochester	US	America/New_York
Velika Gorica	HR	Europe/Zagreb
Purral	CR	America/Costa_Rica
Tambo Grande	PE	America/Lima
Taiping	CN	Asia/Shanghai
Chalkidóna	GR	Europe/Athens
Fatehpur Sīkri	IN	Asia/Kolkata
Azhiyūr	IN	Asia/Kolkata
Cleburne	US	America/Chicago
Keysborough	AU	Australia/Melbourne
Divnogorsk	RU	Asia/Krasnoyarsk
Bidur	MY	Asia/Kuala_Lumpur
Byādgi	IN	Asia/Kolkata
Kavajë	AL	Europe/Tirane
Kuta	ID	Asia/Makassar
Montijo	PT	Europe/Lisbon
Xirivella	ES	Europe/Madrid
Dibba Al-Fujairah	AE	Asia/Dubai
Ghormach	AF	Asia/Kabul
Las Animas	CL	America/Santiago
Nagqu	CN	Asia/Shanghai
Fuyuan	CN	Asia/Shanghai
Tianducheng	CN	Asia/Shanghai
Wittenberg	DE	Europe/Berlin
Albertslund	DK	Europe/Copenhagen
Lardjem	DZ	Africa/Algiers
Rais Hamidou	DZ	Africa/Algiers
Atamaría	ES	Europe/Madrid
Pinar de Chamartín	ES	Europe/Madrid
Puerto del Carmen	ES	Atlantic/Canary
Tulu Bolo	ET	Africa/Addis_Ababa
Barnet	GB	Europe/London
Maros	ID	Asia/Makassar
Birpara	IN	Asia/Kolkata
Cherpulassery	IN	Asia/Kolkata
Suong	KH	Asia/Phnom_Penh
Kurye	KR	Asia/Seoul
Chmistâr	LB	Asia/Beirut
Tokai	MY	Asia/Kuala_Lumpur
Taman Universiti	MY	Asia/Kuala_Lumpur
Taman Scientex	MY	Asia/Kuala_Lumpur
Rivas	NI	America/Managua
Ypenburg	NL	Europe/Amsterdam
Kabaty	PL	Europe/Warsaw
Vostryakovo	RU	Europe/Moscow
Vorob’yovo	RU	Europe/Moscow
Annino	RU	Europe/Moscow
Petrovskaya	RU	Europe/Moscow
Nikulino	RU	Europe/Moscow
Mikhalkovo	RU	Europe/Moscow
Matveyevskoye	RU	Europe/Moscow
Luzhniki	RU	Europe/Moscow
Leonovo	RU	Europe/Moscow
Leninskiye Gory	RU	Europe/Moscow
Lazarevskoye	RU	Europe/Moscow
Kuskovo	RU	Europe/Moscow
Kur’yanovo	RU	Europe/Moscow
Kudrovo	RU	Europe/Moscow
Kolomenskoye	RU	Europe/Moscow
Davydkovo	RU	Europe/Moscow
Amin’yevo	RU	Europe/Moscow
Annino	RU	Europe/Moscow
Zagor’ye	RU	Europe/Moscow
Dlhé diely	SK	Europe/Bratislava
Burj Islām	SY	Asia/Damascus
Mpwapwa	TZ	Africa/Dar_es_Salaam
Kisesa	TZ	Africa/Dar_es_Salaam
Chato	TZ	Africa/Dar_es_Salaam
Masany	UA	Europe/Kyiv
Nahirna Chastyna	UA	Europe/Kyiv
Kayunga	UG	Africa/Kampala
Ashmont	US	America/New_York
Eagle Foothills	US	America/Boise
Cát Bà	VN	Asia/Ho_Chi_Minh
Mount Hampden	ZW	Africa/Harare
Oranjestad	AW	America/Aruba
Socorro	CO	America/Bogota
Arivonimamo	MG	Indian/Antananarivo
Pitanga	BR	America/Sao_Paulo
Eshtehārd	IR	Asia/Tehran
Sombrio	BR	America/Sao_Paulo
Soledade	BR	America/Sao_Paulo
Nyêmo	CN	Asia/Shanghai
Anchieta	BR	America/Sao_Paulo
Jarabacoa	DO	America/Santo_Domingo
Xihu	CN	Asia/Shanghai
Multai	IN	Asia/Kolkata
Holenarasipura	IN	Asia/Kolkata
Giżycko	PL	Europe/Warsaw
Vila Galvão	BR	America/Sao_Paulo
Ramallo	AR	America/Argentina/Buenos_Aires
Bendale	CA	America/Toronto
Shūrash	IQ	Asia/Baghdad
Jelebu	SG	Asia/Singapore
Luoyu	CN	Asia/Shanghai
Friedberg	DE	Europe/Berlin
Zürich (Kreis 6)	CH	Europe/Zurich
Radcliffe	GB	Europe/London
Bāqa el Gharbīya	IL	Asia/Jerusalem
Talāja	IN	Asia/Kolkata
Tebourba	TN	Africa/Tunis
Qarek	CN	Asia/Urumqi
Winter Park	US	America/New_York
Carney	US	America/New_York
Southlake	US	America/Chicago
Gérakas	GR	Europe/Athens
Pind Dadan Khan	PK	Asia/Karachi
Arari	BR	America/Fortaleza
Marhaura	IN	Asia/Kolkata
San Carlos	US	America/Los_Angeles
Yishikuli	CN	Asia/Urumqi
Kareli	IN	Asia/Kolkata
Sesheke	ZM	Africa/Lusaka
Săcele	RO	Europe/Bucharest
Araklı	TR	Europe/Istanbul
Anhua	CN	Asia/Shanghai
Kushchyovskaya	RU	Europe/Moscow
Bhongaon	IN	Asia/Kolkata
Baddi	IN	Asia/Kolkata
Puerto Escondido	MX	America/Mexico_City
Marigliano	IT	Europe/Rome
Haji Zeynalabdin	AZ	Asia/Baku
Paraparaumu	NZ	Pacific/Auckland
Woodstock	US	America/New_York
Pānakkudi	IN	Asia/Kolkata
Serra Negra	BR	America/Sao_Paulo
Lomme	FR	Europe/Paris
Huyanghe	CN	Asia/Urumqi
Metamórfosi	GR	Europe/Athens
Delbrück	DE	Europe/Berlin
Malvar	PH	Asia/Manila
East Hill-Meridian	US	America/Los_Angeles
Winnenden	DE	Europe/Berlin
Vierzon	FR	Europe/Paris
Niles	US	America/Chicago
Gadhada	IN	Asia/Kolkata
Pūlakkōd	IN	Asia/Kolkata
Laplace	US	America/Chicago
Upper Dir	PK	Asia/Karachi
Ati	TD	Africa/Ndjamena
Westchester	US	America/New_York
Sasovo	RU	Europe/Moscow
Triunfo	BR	America/Sao_Paulo
El Idrissia	DZ	Africa/Algiers
Faaa	PF	Pacific/Tahiti
Mitú	CO	America/Bogota
Yemanzhelinsk	RU	Asia/Yekaterinburg
Canosa di Puglia	IT	Europe/Rome
Prainha	BR	America/Santarem
Ujeścisko-Łostowice	PL	Europe/Warsaw
Gihombo	RW	Africa/Kigali
Bostanlı	TR	Europe/Istanbul
Mukeriān	IN	Asia/Kolkata
Infernetto	IT	Europe/Rome
San Rafael del Sur	NI	America/Managua
Rāmgarh	IN	Asia/Kolkata
Shiyeli	KZ	Asia/Qyzylorda
Pauk Kone	MM	Asia/Yangon
Springe	DE	Europe/Berlin
Pāsārgād	IR	Asia/Tehran
Tsiombe	MG	Indian/Antananarivo
Aringay	PH	Asia/Manila
Frattamaggiore	IT	Europe/Rome
Atascadero	US	America/Los_Angeles
Tongeren	BE	Europe/Brussels
Deinze	BE	Europe/Brussels
Kent	US	America/New_York
Łowicz	PL	Europe/Warsaw
Wangaratta	AU	Australia/Melbourne
Ariyānkuppam	IN	Asia/Kolkata
Bregenz	AT	Europe/Vienna
Karumālūr	IN	Asia/Kolkata
Kisesa	TZ	Africa/Dar_es_Salaam
Dembech’a	ET	Africa/Addis_Ababa
San Paolo	IT	Europe/Rome
Khovd	MN	Asia/Hovd
Blenheim	NZ	Pacific/Auckland
Shar’ya	RU	Europe/Moscow
Tequisquiapan	MX	America/Mexico_City
Jingui	CN	Asia/Shanghai
Santa Elena de Uairén	VE	America/Caracas
Fayfā’	SA	Asia/Riyadh
Amdjarass	TD	Africa/Ndjamena
Villa General San Martín	AR	America/Argentina/San_Juan
Kottārakara	IN	Asia/Kolkata
Mandalī	IQ	Asia/Baghdad
Levittown	PR	America/Puerto_Rico
Puerto Asís	CO	America/Bogota
Mavoor	IN	Asia/Kolkata
San Miguel Ajusco	MX	America/Mexico_City
Gloucester	US	America/New_York
Waterloo	BE	Europe/Brussels
Mookgophong	ZA	Africa/Johannesburg
Gemas	MY	Asia/Kuala_Lumpur
Shahrak-e Qods	IR	Asia/Tehran
Lobatse	BW	Africa/Gaborone
Ghauspur	PK	Asia/Karachi
Charneca de Caparica	PT	Europe/Lisbon
Soledad	VE	America/Caracas
Arteixo	ES	Europe/Madrid
Mathba	BD	Asia/Dhaka
Shāhbāzpur Town	BD	Asia/Dhaka
Mahlsdorf	DE	Europe/Berlin
Tallkalakh	SY	Asia/Damascus
Nicholasville	US	America/New_York
Augustów	PL	Europe/Warsaw
Oak Park	US	America/Detroit
Einbeck	DE	Europe/Berlin
Tu Bông	VN	Asia/Ho_Chi_Minh
Akora Khattak	PK	Asia/Karachi
Atronie	GH	Africa/Accra
Anyinam	GH	Africa/Accra
Hurstville	AU	Australia/Sydney
Highland Park	US	America/Chicago
Saint-Médard-en-Jalles	FR	Europe/Paris
Gounou Gaya	TD	Africa/Ndjamena
Pilāni	IN	Asia/Kolkata
Campo Magro	BR	America/Sao_Paulo
Sovetskaya Gavan’	RU	Asia/Vladivostok
Sardrūd	IR	Asia/Tehran
Morales	CO	America/Bogota
Bom Jardim	BR	America/Sao_Paulo
Karakoçan	TR	Europe/Istanbul
Sidi Amrane	DZ	Africa/Algiers
Devarkonda	IN	Asia/Kolkata
Vechta	DE	Europe/Berlin
Hucknall	GB	Europe/London
Rājgarh	IN	Asia/Kolkata
Karambi	RW	Africa/Kigali
Thiais	FR	Europe/Paris
Naumburg	DE	Europe/Berlin
Karahrūd	IR	Asia/Tehran
Tangub	PH	Asia/Manila
Dachang Shandao	CN	Asia/Shanghai
Sanana	ID	Asia/Jayapura
Mīnād	IN	Asia/Kolkata
Bergen	NL	Europe/Amsterdam
Carpentras	FR	Europe/Paris
Nedumbassery	IN	Asia/Kolkata
Vertientes	CU	America/Havana
Nuozhadu	CN	Asia/Shanghai
L'Haÿ-les-Roses	FR	Europe/Paris
Hengchun	TW	Asia/Taipei
Armavir	AM	Asia/Yerevan
Buyende	UG	Africa/Kampala
Tongxi	CN	Asia/Shanghai
Lukuledi	TZ	Africa/Dar_es_Salaam
Laylá	SA	Asia/Riyadh
Yantai	CN	Asia/Shanghai
Waegwan	KR	Asia/Seoul
Anajás	BR	America/Belem
Desmarchais-Crawford	CA	America/Toronto
Micolene	MZ	Africa/Maputo
Vyanda	BI	Africa/Bujumbura
Biritiba Mirim	BR	America/Sao_Paulo
Uychi	UZ	Asia/Tashkent
Santa Rita	IT	Europe/Rome
Kimokawa	JP	Asia/Tokyo
Bushekeri	RW	Africa/Kigali
La Rinconada	PE	America/Lima
Elizabethtown	US	America/New_York
Austintown	US	America/New_York
North Cowichan	CA	America/Vancouver
Ajab Shīr	IR	Asia/Tehran
Coyula	MX	America/Mexico_City
Yunlong	CN	Asia/Shanghai
Itapissuma	BR	America/Recife
Canguaretama	BR	America/Fortaleza
Rājūra	IN	Asia/Kolkata
Nardò	IT	Europe/Rome
Meijiang	CN	Asia/Shanghai
Bilāri	IN	Asia/Kolkata
Campanhã	PT	Europe/Lisbon
Mūvattupula	IN	Asia/Kolkata
Egham	GB	Europe/London
Pedras de Fogo	BR	America/Fortaleza
East Palo Alto	US	America/Los_Angeles
Mount Pleasant West	CA	America/Toronto
South Gate	US	America/New_York
Adūr	IN	Asia/Kolkata
Zouan-Hounien	CI	Africa/Abidjan
Menton	FR	Europe/Paris
Caotang	CN	Asia/Shanghai
Labutta	MM	Asia/Yangon
Yau Ma Tei	HK	Asia/Hong_Kong
Kawasi	ID	Asia/Jayapura
Lyon 01	FR	Europe/Paris
Pueblo West	US	America/Denver
Walwadi	IN	Asia/Kolkata
Kaitaichi	JP	Asia/Tokyo
Puthuppally	IN	Asia/Kolkata
Ahmed Bel Hadj	DZ	Africa/Algiers
Rāisinghnagar	IN	Asia/Kolkata
Mīrānpur Katra	IN	Asia/Kolkata
Kidarakulam	IN	Asia/Kolkata
Winterswijk	NL	Europe/Amsterdam
Bilzen	BE	Europe/Brussels
Port Chester	US	America/New_York
Paty do Alferes	BR	America/Sao_Paulo
Kuttuparamba	IN	Asia/Kolkata
Isawa	JP	Asia/Tokyo
Pumwani	KE	Africa/Nairobi
Holbæk	DK	Europe/Copenhagen
Dzyarzhynsk	BY	Europe/Minsk
Cativá	PA	America/Panama
Sebauh	MY	Asia/Kuching
Psie Pole Zawidawie	PL	Europe/Warsaw
Kirovsk	RU	Europe/Moscow
Pinotepa Nacional	MX	America/Mexico_City
Betong	TH	Asia/Bangkok
Princeton	US	America/New_York
Bombo	UG	Africa/Kampala
Altglienicke	DE	Europe/Berlin
Rembau	MY	Asia/Kuala_Lumpur
Kapotnya	RU	Europe/Moscow
Ārangaon	IN	Asia/Kolkata
Yamaguma	JP	Asia/Tokyo
Fort Cavazos	US	America/Chicago
LaGrange	US	America/New_York
Alushta	UA	Europe/Simferopol
Pakridayal	IN	Asia/Kolkata
São Gabriel do Oeste	BR	America/Campo_Grande
Tuomuwusitang	CN	Asia/Urumqi
Dhanera	IN	Asia/Kolkata
Kalur Kot	PK	Asia/Karachi
Iguaba Grande	BR	America/Sao_Paulo
Barra do Bugres	BR	America/Cuiaba
Chengamanād	IN	Asia/Kolkata
Fălticeni	RO	Europe/Bucharest
Tokmak	UA	Europe/Kyiv
Lākheri	IN	Asia/Kolkata
Kalavoor	IN	Asia/Kolkata
Abalak	NE	Africa/Niamey
Ciro Redondo	CU	America/Havana
Mekla	DZ	Africa/Algiers
Az Zabadānī	SY	Asia/Damascus
Salem	US	America/New_York
Bang Phae	TH	Asia/Bangkok
Burirchar	BD	Asia/Dhaka
Lower Wong Tai Sin Estate (I & II)	HK	Asia/Hong_Kong
Sola	NO	Europe/Oslo
Purificación	CO	America/Bogota
Cambuí	BR	America/Sao_Paulo
Lawksawk	MM	Asia/Yangon
Turek	PL	Europe/Warsaw
Behror	IN	Asia/Kolkata
Gaggenau	DE	Europe/Berlin
Srandakan	ID	Asia/Jakarta
Opelika	US	America/Chicago
Alma	CA	America/Toronto
Latour	SR	America/Paramaribo
Stanford-le-Hope	GB	Europe/London
Louvain-la-Neuve	BE	Europe/Brussels
Saint-Laurent-du-Var	FR	Europe/Paris
Begoro	GH	Africa/Accra
Saintes	FR	Europe/Paris
Reddipālaiyam	IN	Asia/Kolkata
Boxtel	NL	Europe/Amsterdam
Boon Lay	SG	Asia/Singapore
Merrylands	AU	Australia/Sydney
Rahway	US	America/New_York
Jinotepe	NI	America/Managua
Sevenoaks	GB	Europe/London
Kozluk	TR	Europe/Istanbul
Sidi Okba	DZ	Africa/Algiers
Zunheboto	IN	Asia/Kolkata
Silistra	BG	Europe/Sofia
North Chicago	US	America/Chicago
Middle Village	US	America/New_York
Geesthacht	DE	Europe/Berlin
’Aïn Abid	DZ	Africa/Algiers
Rajaori	IN	Asia/Kolkata
Santa Vitória do Palmar	BR	America/Sao_Paulo
Nirasaki	JP	Asia/Tokyo
Constanza	DO	America/Santo_Domingo
Kidsgrove	GB	Europe/London
Hamar	NO	Europe/Oslo
Morristown	US	America/New_York
Goya	ES	Europe/Madrid
Escárcega	MX	America/Merida
Abqaiq	SA	Asia/Riyadh
Courcelles	BE	Europe/Brussels
Jarrow	GB	Europe/London
Tabou	CI	Africa/Abidjan
Sankagiri	IN	Asia/Kolkata
Mharal Bk	IN	Asia/Kolkata
Dassa-Zoumè	BJ	Africa/Porto-Novo
Maināguri	IN	Asia/Kolkata
Altona-Altstadt	DE	Europe/Berlin
Nedumpana	IN	Asia/Kolkata
N’Gaous	DZ	Africa/Algiers
Garzón	CO	America/Bogota
Montalbán	VE	America/Caracas
Cândido Mota	BR	America/Sao_Paulo
Dabola	GN	Africa/Conakry
Bačka Palanka	RS	Europe/Belgrade
Puttankulam	IN	Asia/Kolkata
Cheshire	US	America/New_York
Sāgwāra	IN	Asia/Kolkata
Nāgar Karnūl	IN	Asia/Kolkata
Branford	US	America/New_York
Piraju	BR	America/Sao_Paulo
Obama	JP	Asia/Tokyo
Paung	MM	Asia/Yangon
Ibrāhīmpatnam	IN	Asia/Kolkata
Mzimba	MW	Africa/Blantyre
Haan	DE	Europe/Berlin
Minamata	JP	Asia/Tokyo
Bujaru	BR	America/Belem
Rochefort	FR	Europe/Paris
Chaotian	CN	Asia/Shanghai
Malakoff	FR	Europe/Paris
Arvayheer	MN	Asia/Ulaanbaatar
Singojuruh	ID	Asia/Jakarta
Vadakku Valliyūr	IN	Asia/Kolkata
Jāmtāra	IN	Asia/Kolkata
Espigão dOeste	BR	America/Porto_Velho
Gürpınar	TR	Europe/Istanbul
Muritiba	BR	America/Bahia
Pingshan	CN	Asia/Shanghai
Dā‘il	SY	Asia/Damascus
Draa Ben Khedda	DZ	Africa/Algiers
Khedbrahma	IN	Asia/Kolkata
Raytown	US	America/Chicago
Komtikas	ET	Africa/Addis_Ababa
Kyegegwa	UG	Africa/Kampala
Mława	PL	Europe/Warsaw
Xichuan	CN	Asia/Shanghai
Mlandizi	TZ	Africa/Dar_es_Salaam
Qahderījān	IR	Asia/Tehran
South Horizons	HK	Asia/Hong_Kong
Tirukkalikkunram	IN	Asia/Kolkata
Umm Şalāl Muḩammad	QA	Asia/Qatar
Thomson	SG	Asia/Singapore
Bagong Pagasa	PH	Asia/Manila
Talakkolattur	IN	Asia/Kolkata
Xàtiva	ES	Europe/Madrid
Santarém	PT	Europe/Lisbon
Lamerd	IR	Asia/Tehran
Bela	PK	Asia/Karachi
Pālkonda	IN	Asia/Kolkata
Marfil	MX	America/Mexico_City
Riesa	DE	Europe/Berlin
George Town	KY	America/Cayman
Nueva Imperial	CL	America/Santiago
Gries	AT	Europe/Vienna
Newtownards	GB	Europe/London
Fruit Cove	US	America/New_York
Guaçuí	BR	America/Sao_Paulo
Atimonan	PH	Asia/Manila
Bellas Vistas	ES	Europe/Madrid
Collo	DZ	Africa/Algiers
Kiskunhalas	HU	Europe/Budapest
Cheruthazham	IN	Asia/Kolkata
Dhāri	IN	Asia/Kolkata
Sosnogorsk	RU	Europe/Moscow
Alaquàs	ES	Europe/Madrid
Didcot	GB	Europe/London
Amballūr	IN	Asia/Kolkata
Koovappady	IN	Asia/Kolkata
Trutnov	CZ	Europe/Prague
Rosario de la Frontera	AR	America/Argentina/Salta
Thal	PK	Asia/Karachi
Port Huron	US	America/Detroit
Smach Mean Chey	KH	Asia/Phnom_Penh
Chendamangalam	IN	Asia/Kolkata
Tewksbury	US	America/New_York
Glenville	US	America/New_York
Killarney	CA	America/Vancouver
Tela	HN	America/Tegucigalpa
Vega Baja	PR	America/Puerto_Rico
Şemikler	TR	Europe/Istanbul
Franklin Square	US	America/New_York
Ingenio	ES	Atlantic/Canary
Nelson	GB	Europe/London
Draveil	FR	Europe/Paris
Jewar	IN	Asia/Kolkata
Trelleborg	SE	Europe/Stockholm
Nawāpāra	IN	Asia/Kolkata
Pitou	TW	Asia/Taipei
Yehud-Monosson	IL	Asia/Jerusalem
Santa Isabel	MX	America/Tijuana
Inca	ES	Europe/Madrid
Tarsadi	IN	Asia/Kolkata
Ner	IN	Asia/Kolkata
Oak Ridge	US	America/New_York
Timaru	NZ	Pacific/Auckland
Xindian	CN	Asia/Shanghai
Oelde	DE	Europe/Berlin
Flandes	CO	America/Bogota
Longfellow Community	US	America/Chicago
Tambunan	MY	Asia/Kuching
Nyabitekeli	RW	Africa/Kigali
Southgate	US	America/Detroit
Iúna	BR	America/Sao_Paulo
Cordova	PH	Asia/Manila
Morozovsk	RU	Europe/Moscow
As Sarw	EG	Africa/Cairo
Qingxi	CN	Asia/Shanghai
Limoeiro do Ajuru	BR	America/Belem
Mbandjok	CM	Africa/Douala
el Putxet i el Farró	ES	Europe/Madrid
Saint-Leu	FR	Europe/Paris
Piton Saint-Leu	RE	Indian/Reunion
Colwyn Bay	GB	Europe/London
Machiya	JP	Asia/Tokyo
Zernograd	RU	Europe/Moscow
Cocula	MX	America/Mexico_City
Shīnḏanḏ	AF	Asia/Kabul
Saito	JP	Asia/Tokyo
Shāhpura	IN	Asia/Kolkata
Ţayyibat al Imām	SY	Asia/Damascus
East Haven	US	America/New_York
Brunssum	NL	Europe/Amsterdam
Majorna	SE	Europe/Stockholm
Paratinga	BR	America/Bahia
Upper Alton	US	America/Chicago
la Verneda i la Pau	ES	Europe/Madrid
San Roque	ES	Europe/Madrid
Vijayapuram	IN	Asia/Kolkata
Johnston	US	America/New_York
Burntwood	GB	Europe/London
Husainābād	IN	Asia/Kolkata
Seonghwan	KR	Asia/Seoul
Olhão	PT	Europe/Lisbon
Saint-Sébastien-sur-Loire	FR	Europe/Paris
Santiago Sacatepéquez	GT	America/Guatemala
Hajīn	SY	Asia/Damascus
Atwater	US	America/Los_Angeles
Udaipurwati	IN	Asia/Kolkata
Bucak	TR	Europe/Istanbul
Jandiāla Gurū	IN	Asia/Kolkata
Bachhraon	IN	Asia/Kolkata
Bielawa	PL	Europe/Warsaw
San Vicente	AR	America/Argentina/Cordoba
Krotoszyn	PL	Europe/Warsaw
Vanchiglia	IT	Europe/Rome
Hōshakuji	JP	Asia/Tokyo
Galdakao	ES	Europe/Madrid
Ténès	DZ	Africa/Algiers
Mapun	PH	Asia/Manila
Zürich (Kreis 2)	CH	Europe/Zurich
Leusden	NL	Europe/Amsterdam
Shuanglong	CN	Asia/Shanghai
Totana	ES	Europe/Madrid
Ban Phan Don	TH	Asia/Bangkok
Carrickfergus	GB	Europe/London
Irinjālakuda	IN	Asia/Kolkata
West Falls Church	US	America/New_York
Wutan	CN	Asia/Shanghai
Shahhat	LY	Africa/Tripoli
Tequila	MX	America/Mexico_City
Renwāl	IN	Asia/Kolkata
Williamsport	US	America/New_York
Mehoni	ET	Africa/Addis_Ababa
Wonji	ET	Africa/Addis_Ababa
Demiyivka	UA	Europe/Kyiv
Bulung’ur Shahri	UZ	Asia/Samarkand
Redondela	ES	Europe/Madrid
Wongsorejo	ID	Asia/Jakarta
Kumbalam	IN	Asia/Kolkata
Ilula	TZ	Africa/Dar_es_Salaam
Duluth	US	America/New_York
São João dos Inhamuns	BR	America/Fortaleza
Basni	IN	Asia/Kolkata
Santa Cruz Cabrália	BR	America/Bahia
Kampong Masjid Tanah	MY	Asia/Kuala_Lumpur
Bochnia	PL	Europe/Warsaw
Timbiras	BR	America/Fortaleza
Fort Bragg	US	America/New_York
Tabira	BR	America/Recife
South Horizons (Estate)	HK	Asia/Hong_Kong
Kamaterón	GR	Europe/Athens
Alegre	BR	America/Sao_Paulo
Grandview-Woodlands	CA	America/Vancouver
San Fernando	MX	America/Monterrey
Codajás	BR	America/Manaus
San Sebastián	GT	America/Guatemala
Russellville	US	America/Chicago
Pacasmayo	PE	America/Lima
Morigaon	IN	Asia/Kolkata
Ciutadella	ES	Europe/Madrid
Leighton Hill	HK	Asia/Hong_Kong
Madhugiri	IN	Asia/Kolkata
Idar-Oberstein	DE	Europe/Berlin
Urakam	IN	Asia/Kolkata
Le Chesnay	FR	Europe/Paris
Khowrzūq	IR	Asia/Tehran
Navolato	MX	America/Mazatlan
Garh Maharaja	PK	Asia/Karachi
Kendal	GB	Europe/London
Wetter	DE	Europe/Berlin
Islāmnagar	IN	Asia/Kolkata
Ariyalūr	IN	Asia/Kolkata
Damāvand	IR	Asia/Tehran
Sanford	US	America/New_York
Harker Heights	US	America/Chicago
Ponmana	IN	Asia/Kolkata
Consett	GB	Europe/London
Makak	CM	Africa/Douala
Dongwenquan	CN	Asia/Shanghai
Blankenfelde-Mahlow	DE	Europe/Berlin
Huşi	RO	Europe/Bucharest
Mahendragarh	IN	Asia/Kolkata
Mudalgi	IN	Asia/Kolkata
Burbank	US	America/Chicago
Nakrekal	IN	Asia/Kolkata
Maó	ES	Europe/Madrid
Monterusciello	IT	Europe/Rome
Tournefeuille	FR	Europe/Paris
Muikamachi	JP	Asia/Tokyo
Unamaucheri	IN	Asia/Kolkata
Ban Chang Lo	TH	Asia/Bangkok
New Bani Sewif City	EG	Africa/Cairo
Tanah Merah	MY	Asia/Kuala_Lumpur
Agincourt North	CA	America/Toronto
Gorai	IN	Asia/Kolkata
Witney	GB	Europe/London
Selçuk	TR	Europe/Istanbul
Mendī	ET	Africa/Addis_Ababa
Budaka	UG	Africa/Kampala
Tame	CO	America/Bogota
Jahanian Shah	PK	Asia/Karachi
Shizhi	CN	Asia/Shanghai
Aldoar	PT	Europe/Lisbon
Trenggalek	ID	Asia/Jakarta
Gragnano	IT	Europe/Rome
Mastung	PK	Asia/Karachi
Marion	US	America/Indiana/Indianapolis
Cernusco sul Naviglio	IT	Europe/Rome
Inkhil	SY	Asia/Damascus
Heswall	GB	Europe/London
Best	NL	Europe/Amsterdam
Ipatovo	RU	Europe/Moscow
Kalgoorlie	AU	Australia/Perth
Itaperuçu	BR	America/Sao_Paulo
Canillejas	ES	Europe/Madrid
Chŏngju-si	KP	Asia/Pyongyang
Clichy-sous-Bois	FR	Europe/Paris
Kitui	KE	Africa/Nairobi
Mioveni	RO	Europe/Bucharest
Paripiranga	BR	America/Bahia
Kaeng Khro	TH	Asia/Bangkok
Piraí	BR	America/Sao_Paulo
Granite City	US	America/Chicago
Shiqiao	CN	Asia/Shanghai
Uttamapālaiyam	IN	Asia/Kolkata
San Simon	PH	Asia/Manila
Boaco	NI	America/Managua
Khandela	IN	Asia/Kolkata
Póvoa de Varzim	PT	Europe/Lisbon
Milford Mill	US	America/New_York
Maki	JP	Asia/Tokyo
Ixtapa	MX	America/Mexico_City
Sirsāganj	IN	Asia/Kolkata
Layka	CN	Asia/Urumqi
Shelek	KZ	Asia/Almaty
Tocache	PE	America/Lima
Bibai	JP	Asia/Tokyo
Unecha	RU	Europe/Moscow
Kilburn	GB	Europe/London
Dikwa	NG	Africa/Lagos
Nova Santa Rita	BR	America/Sao_Paulo
Lake in the Hills	US	America/Chicago
Alsórákos	HU	Europe/Budapest
Sainte-Julie	CA	America/Toronto
Bethlehem	PS	Asia/Hebron
Krimpen aan den IJssel	NL	Europe/Amsterdam
Hendījān	IR	Asia/Tehran
Ouled Haddaj	DZ	Africa/Algiers
Carmo do Paranaíba	BR	America/Sao_Paulo
Lillehammer	NO	Europe/Oslo
Tandag	PH	Asia/Manila
Evans	US	America/New_York
Swarzędz	PL	Europe/Warsaw
Krasnoarmeyskaya	RU	Europe/Moscow
O'Fallon	US	America/Chicago
Santa Clara	AO	Africa/Luanda
Chodavaram	IN	Asia/Kolkata
Chinatown	IT	Europe/Rome
Manhala	PK	Asia/Karachi
Mugumu	TZ	Africa/Dar_es_Salaam
Kasaali	UG	Africa/Kampala
Boumerdas	DZ	Africa/Algiers
Umarkot	IN	Asia/Kolkata
Wadayama	JP	Asia/Tokyo
Senftenberg	DE	Europe/Berlin
Touboro	CM	Africa/Douala
Mariel	CU	America/Havana
Touba	CI	Africa/Abidjan
Asse	BE	Europe/Brussels
Kokhma	RU	Europe/Moscow
Oyabe	JP	Asia/Tokyo
Chaumont	FR	Europe/Paris
Mullaittivu	LK	Asia/Colombo
Agoo	PH	Asia/Manila
Ogawamachi	JP	Asia/Tokyo
Germī	IR	Asia/Tehran
Fort Hamilton	US	America/New_York
Ferdows	IR	Asia/Tehran
Grzegórzki	PL	Europe/Warsaw
Crevillente	ES	Europe/Madrid
Carlsbad	US	America/Denver
Turrialba	CR	America/Costa_Rica
Biesdorf	DE	Europe/Berlin
Saint-Étienne-du-Rouvray	FR	Europe/Paris
Hupari	IN	Asia/Kolkata
Mollendo	PE	America/Lima
Hajira	PK	Asia/Karachi
Cheadle Hulme	GB	Europe/London
Lasem	ID	Asia/Jakarta
Yara	CU	America/Havana
Randwick	AU	Australia/Sydney
Düsseldorf-Pempelfort	DE	Europe/Berlin
Suār	IN	Asia/Kolkata
Humberto de Campos	BR	America/Fortaleza
Ballymena	GB	Europe/London
Razgrad	BG	Europe/Sofia
Jaguaré	BR	America/Sao_Paulo
Senhora da Hora	PT	Europe/Lisbon
Meyzieu	FR	Europe/Paris
Devadurga	IN	Asia/Kolkata
Manoharpur	IN	Asia/Kolkata
Agüimes	ES	Atlantic/Canary
Kangdong-ŭp	KP	Asia/Pyongyang
Ferry Pass	US	America/Chicago
Sumiyoshi	JP	Asia/Tokyo
Marinha Grande	PT	Europe/Lisbon
Airport	US	Pacific/Honolulu
Kingman	US	America/Phoenix
Pallanza-Intra-Suna	IT	Europe/Rome
Sueca	ES	Europe/Madrid
Candelária	BR	America/Sao_Paulo
Dayr Ḩāfir	SY	Asia/Damascus
Orcutt	US	America/Los_Angeles
Póvoa de Santa Iria	PT	Europe/Lisbon
Masterton	NZ	Pacific/Auckland
Nāhan	IN	Asia/Kolkata
Quelele	GW	Africa/Bissau
Yerres	FR	Europe/Paris
Três Marias	BR	America/Sao_Paulo
Coromandel	BR	America/Sao_Paulo
Kasempa	ZM	Africa/Lusaka
Henderson	US	America/Chicago
Lādwa	IN	Asia/Kolkata
Quezaltepeque	SV	America/El_Salvador
Needham	US	America/New_York
Gil	IN	Asia/Kolkata
Gagarin	RU	Europe/Moscow
Crown Point	US	America/Chicago
Piracuruca	BR	America/Fortaleza
Wangu	CN	Asia/Shanghai
Gunupur	IN	Asia/Kolkata
Carinhanha	BR	America/Bahia
Avinashi	IN	Asia/Kolkata
Montbéliard	FR	Europe/Paris
Sarny	UA	Europe/Kyiv
Santa Cruz das Palmeiras	BR	America/Sao_Paulo
Vihti	FI	Europe/Helsinki
Oba	TR	Europe/Istanbul
Ataşehir	TR	Europe/Istanbul
Big Spring	US	America/Chicago
El Marsa	EH	Africa/El_Aaiun
Rota	ES	Europe/Madrid
Kotagiri	IN	Asia/Kolkata
Kelaniya	LK	Asia/Colombo
Portazgo	ES	Europe/Madrid
N'zeto	AO	Africa/Luanda
Bissikrima	GN	Africa/Conakry
Saint-Cloud	FR	Europe/Paris
Sarno	IT	Europe/Rome
M’Bengué	CI	Africa/Abidjan
Jalpatagua	GT	America/Guatemala
Catabola	AO	Africa/Luanda
Dracut	US	America/New_York
Busumbala	GM	Africa/Banjul
San Miguel	CR	America/Costa_Rica
Ibimirim	BR	America/Recife
Tiaoshi	CN	Asia/Shanghai
Manyama	ZM	Africa/Lusaka
Allston	US	America/New_York
Garupá	AR	America/Argentina/Cordoba
Sikka	IN	Asia/Kolkata
Yakuplu	TR	Europe/Istanbul
Guanzhuang	CN	Asia/Shanghai
Panipat Taraf Rajputan	IN	Asia/Kolkata
Gbapleu	CI	Africa/Abidjan
Valente	BR	America/Bahia
Sirdaryo	UZ	Asia/Tashkent
Vaihingen an der Enz	DE	Europe/Berlin
La Salud	CU	America/Havana
Kondotty	IN	Asia/Kolkata
Minaçu	BR	America/Sao_Paulo
West Kelowna	CA	America/Vancouver
Schererville	US	America/Chicago
Burton	US	America/Detroit
Matsubushi	JP	Asia/Tokyo
Yoshioka	JP	Asia/Tokyo
Esztergom	HU	Europe/Budapest
Heshan	CN	Asia/Shanghai
Peliyagoda	LK	Asia/Colombo
Turnu Măgurele	RO	Europe/Bucharest
Rusera	IN	Asia/Kolkata
Desāīganj	IN	Asia/Kolkata
Ridgecrest	US	America/Los_Angeles
Inozemtsevo	RU	Europe/Moscow
Windsor	US	America/New_York
Buderim	AU	Australia/Brisbane
Uvarovo	RU	Europe/Moscow
Simancas	ES	Europe/Madrid
Eagle Pass	US	America/Chicago
Zighout Youcef	DZ	Africa/Algiers
Zarzal	CO	America/Bogota
Agawam	US	America/New_York
Gobernador Virasora	AR	America/Argentina/Cordoba
Maddūr	IN	Asia/Kolkata
Pilón	CU	America/Havana
Longxing	CN	Asia/Shanghai
Osipovichi	BY	Europe/Minsk
Utan	ID	Asia/Jakarta
Nongstoin	IN	Asia/Kolkata
Weatherford	US	America/Chicago
Ituberá	BR	America/Bahia
Czerwionka-Leszczyny	PL	Europe/Warsaw
Chillán Viejo	CL	America/Santiago
Moriki	NG	Africa/Lagos
Rāikot	IN	Asia/Kolkata
West Elkridge	US	America/New_York
Makuhari	JP	Asia/Tokyo
Ain el Hadjel	DZ	Africa/Algiers
Maiurno	SD	Africa/Khartoum
Pomasqui	EC	America/Guayaquil
Dinapur Cantonment	IN	Asia/Kolkata
Tanuma	JP	Asia/Tokyo
Jhālod	IN	Asia/Kolkata
Mill Park	AU	Australia/Melbourne
Shwe Lin Ban	MM	Asia/Yangon
Köthen	DE	Europe/Berlin
La Sagrera	ES	Europe/Madrid
Partinico	IT	Europe/Rome
Kuvandyk	RU	Asia/Yekaterinburg
Karera	IN	Asia/Kolkata
Września	PL	Europe/Warsaw
Sens	FR	Europe/Paris
Cervia	IT	Europe/Rome
Pakwach	UG	Africa/Kampala
East Chicago	US	America/Chicago
Le Gosier	GP	America/Guadeloupe
Beluru	MY	Asia/Kuching
Porto da Folha	BR	America/Maceio
Santo Tomás	CO	America/Bogota
Sabaa Aiyoun	MA	Africa/Casablanca
Murlīganj	IN	Asia/Kolkata
Gusev	RU	Europe/Kaliningrad
Laon	FR	Europe/Paris
Itacaré	BR	America/Bahia
Soron	IN	Asia/Kolkata
Mondragone	IT	Europe/Rome
Amphoe Sikhiu	TH	Asia/Bangkok
Tecamachalco	MX	America/Mexico_City
Santo Antônio do Sudoeste	BR	America/Sao_Paulo
El Charco	CO	America/Bogota
Bideford	GB	Europe/London
Rochester	GB	Europe/London
Avola	IT	Europe/Rome
Chaupimarca	PE	America/Lima
Kibondo	TZ	Africa/Dar_es_Salaam
Yenişehir	TR	Europe/Istanbul
Geislingen an der Steige	DE	Europe/Berlin
Redmond	US	America/Los_Angeles
Änew	TM	Asia/Ashgabat
Boukadir	DZ	Africa/Algiers
Delfzijl	NL	Europe/Amsterdam
Partille	SE	Europe/Stockholm
Mukher	IN	Asia/Kolkata
Ceper	ID	Asia/Jakarta
Vandiyūr	IN	Asia/Kolkata
Chuk Yuen	HK	Asia/Hong_Kong
Alandi	IN	Asia/Kolkata
Bahār	IR	Asia/Tehran
Nasirshahr	IR	Asia/Tehran
Nasir Abaad	IR	Asia/Tehran
Bah-Bah	PH	Asia/Manila
Jacksonville	US	America/Chicago
Bignona	SN	Africa/Dakar
Socorro Mission Number 1 Colonia	US	America/Denver
Târnăveni	RO	Europe/Bucharest
Pabellón de Arteaga	MX	America/Mexico_City
Pattāmbi	IN	Asia/Kolkata
Tekkali	IN	Asia/Kolkata
Giv'at Shmuel	IL	Asia/Jerusalem
Sue	JP	Asia/Tokyo
Horki	BY	Europe/Minsk
Duliajan	IN	Asia/Kolkata
Duliajan Oil Town	IN	Asia/Kolkata
Marghera	IT	Europe/Rome
Villa Consuelo	DO	America/Santo_Domingo
Carmona	ES	Europe/Madrid
Camas	ES	Europe/Madrid
Kombissiri	BF	Africa/Ouagadougou
Manga	BF	Africa/Ouagadougou
Lambersart	FR	Europe/Paris
Ruidian	CN	Asia/Shanghai
Riihimäki	FI	Europe/Helsinki
Fray Bernardino de Sahagún	MX	America/Mexico_City
Gorlice	PL	Europe/Warsaw
Bühl	DE	Europe/Berlin
Anapu	BR	America/Belem
Kopargo	BJ	Africa/Porto-Novo
Kaman	TR	Europe/Istanbul
Pandacaqui	PH	Asia/Manila
Kāraippudūr	IN	Asia/Kolkata
Norwood	US	America/New_York
Gangxia	CN	Asia/Shanghai
Kyenjojo	UG	Africa/Kampala
Bom Jesus das Selvas	BR	America/Fortaleza
Xizhou	TW	Asia/Taipei
Nazaré	BR	America/Bahia
Foça	TR	Europe/Istanbul
Ambikāpuram	IN	Asia/Kolkata
Karasuk	RU	Asia/Novosibirsk
Rancharia	BR	America/Sao_Paulo
Richmond	AU	Australia/Melbourne
Sūryampālaiyam	IN	Asia/Kolkata
Gerede	TR	Europe/Istanbul
Buturlinovka	RU	Europe/Moscow
Tula de Allende	MX	America/Mexico_City
Delicias	ES	Europe/Madrid
Motipur	IN	Asia/Kolkata
Kurunegala	LK	Asia/Colombo
Isakogorka	RU	Europe/Moscow
Sanqu	CN	Asia/Shanghai
Toshbuloq	UZ	Asia/Tashkent
Qingshizui	CN	Asia/Shanghai
Ālangulam	IN	Asia/Kolkata
Mouzaïa	DZ	Africa/Algiers
Grarem	DZ	Africa/Algiers
El Copey	CO	America/Bogota
Addanki	IN	Asia/Kolkata
Shipley	GB	Europe/London
Mangere East	NZ	Pacific/Auckland
Northampton	US	America/New_York
Englewood	US	America/New_York
Hammamet	DZ	Africa/Algiers
Bemetāra	IN	Asia/Kolkata
Sept-Îles	CA	America/Toronto
Mühlheim am Main	DE	Europe/Berlin
Rūdehen	IR	Asia/Tehran
Warstein	DE	Europe/Berlin
Randudongkal	ID	Asia/Jakarta
Bulan	PH	Asia/Manila
Hiji	JP	Asia/Tokyo
Bamba	ML	Africa/Bamako
Formia	IT	Europe/Rome
Nanga Eboko	CM	Africa/Douala
Cajati	BR	America/Sao_Paulo
Honchō	JP	Asia/Tokyo
Sandanski	BG	Europe/Sofia
Zlatopil	UA	Europe/Kyiv
Tainai	JP	Asia/Tokyo
Lake Magdalene	US	America/New_York
Carauari	BR	America/Manaus
Milak	IN	Asia/Kolkata
Losal	IN	Asia/Kolkata
Majayjay	PH	Asia/Manila
Kartaly	RU	Asia/Yekaterinburg
Tsushima	JP	Asia/Tokyo
Sequeira	PT	Europe/Lisbon
Hāyk’	ET	Africa/Addis_Ababa
Lamin	GM	Africa/Banjul
Novobilychi	UA	Europe/Kyiv
Longaví	CL	America/Santiago
Alirajpur	IN	Asia/Kolkata
Sa Kaeo	TH	Asia/Bangkok
Pārdi	IN	Asia/Kolkata
Meissen	DE	Europe/Berlin
Kochubeyevskoye	RU	Europe/Moscow
Al Khurmah	SA	Asia/Riyadh
Sumpango	GT	America/Guatemala
Esquel	AR	America/Argentina/Catamarca
Balapulang	ID	Asia/Jakarta
Unterschleißheim	DE	Europe/Berlin
Perry Hall	US	America/New_York
Bearsden	GB	Europe/London
Makutano	KE	Africa/Nairobi
Zhifeng	CN	Asia/Shanghai
Maryville	US	America/New_York
Horikiri	JP	Asia/Tokyo
Zheleznogorsk-Ilimskiy	RU	Asia/Irkutsk
Bozyazı	TR	Europe/Istanbul
Kinwat	IN	Asia/Kolkata
Wood Green	GB	Europe/London
San Felipe	MX	America/Mexico_City
Marapanim	BR	America/Belem
Pasan	IN	Asia/Kolkata
Lālgola	IN	Asia/Kolkata
Goioerê	BR	America/Sao_Paulo
Utraula	IN	Asia/Kolkata
Luwingu	ZM	Africa/Lusaka
Ghazaouet	DZ	Africa/Algiers
Mananwala	PK	Asia/Karachi
Baikunthpur	IN	Asia/Kolkata
Nālūt	LY	Africa/Tripoli
Jowai	IN	Asia/Kolkata
Ankazobe	MG	Indian/Antananarivo
Khust	UA	Europe/Kyiv
Yangiqo‘rg‘on	UZ	Asia/Tashkent
Courtenay	CA	America/Vancouver
Oliva	ES	Europe/Madrid
Bushey	GB	Europe/London
Ochira	IN	Asia/Kolkata
An Trạch	VN	Asia/Ho_Chi_Minh
Miracema	BR	America/Sao_Paulo
Leppävaara	FI	Europe/Helsinki
Rāpar	IN	Asia/Kolkata
Ambodifotatra	MG	Indian/Antananarivo
Hobart	US	America/Chicago
Massaguet	TD	Africa/Ndjamena
Ölgii	MN	Asia/Hovd
Ben Mehidi	DZ	Africa/Algiers
Terme	TR	Europe/Istanbul
Fresh Meadows	US	America/New_York
Jammu Cantonment	IN	Asia/Kolkata
Chortkiv	UA	Europe/Kyiv
Frankfort	US	America/New_York
Bānswāda	IN	Asia/Kolkata
Agui	JP	Asia/Tokyo
Nanya	CN	Asia/Shanghai
Rich	MA	Africa/Casablanca
Conceição das Alagoas	BR	America/Sao_Paulo
Mehlville	US	America/Chicago
Bang Bo District	TH	Asia/Bangkok
Rufā‘a	SD	Africa/Khartoum
Neuburg an der Donau	DE	Europe/Berlin
Hosadurga	IN	Asia/Kolkata
Majie	CN	Asia/Shanghai
Ramanayyapeta	IN	Asia/Kolkata
Trappes	FR	Europe/Paris
Greer	US	America/New_York
Voúla	GR	Europe/Athens
Elburgon	KE	Africa/Nairobi
Hutan Melintang	MY	Asia/Kuala_Lumpur
Aioi	JP	Asia/Tokyo
Sant Pere de Ribes	ES	Europe/Madrid
Kungyangon	MM	Asia/Yangon
San Donato Milanese	IT	Europe/Rome
Gierłoż	PL	Europe/Warsaw
Yio Chu Kang	SG	Asia/Singapore
Lansing	US	America/Chicago
Harrison	US	America/New_York
Prata	BR	America/Sao_Paulo
Narra	PH	Asia/Manila
Aiud	RO	Europe/Bucharest
Passira	BR	America/Recife
Monterey	US	America/Los_Angeles
Rodez	FR	Europe/Paris
Mīnjūr	IN	Asia/Kolkata
West Islip	US	America/New_York
Desert Hot Springs	US	America/Los_Angeles
Geilenkirchen	DE	Europe/Berlin
Kpandu	GH	Africa/Accra
Sonāmukhi	IN	Asia/Kolkata
Fukiage-fujimi	JP	Asia/Tokyo
Zheshan	CN	Asia/Shanghai
Kiến An	VN	Asia/Ho_Chi_Minh
Kukshi	IN	Asia/Kolkata
Zeitz	DE	Europe/Berlin
Kansad	IN	Asia/Kolkata
American Fork	US	America/Denver
Rendsburg	DE	Europe/Berlin
Mytilene	GR	Europe/Athens
Saky	UA	Europe/Simferopol
Ippy	CF	Africa/Bangui
Bergerac	FR	Europe/Paris
Kālāvad	IN	Asia/Kolkata
Tomilino	RU	Europe/Moscow
Zürich (Kreis 9) / Altstetten	CH	Europe/Zurich
Higashikagawa	JP	Asia/Tokyo
Olindina	BR	America/Bahia
Novyi Rozdil	UA	Europe/Kyiv
Jashpur Nagar	IN	Asia/Kolkata
Arapoti	BR	America/Sao_Paulo
Dabat	ET	Africa/Addis_Ababa
Gutin	ET	Africa/Addis_Ababa
Wacha	ET	Africa/Addis_Ababa
Māvelikara	IN	Asia/Kolkata
Pokhvistnevo	RU	Europe/Samara
Dalnerechensk	RU	Asia/Vladivostok
Segrate	IT	Europe/Rome
Central	US	America/Chicago
Hadapu Zhen	CN	Asia/Shanghai
Newburgh	US	America/New_York
Truskavets	UA	Europe/Kyiv
Dhanaura	IN	Asia/Kolkata
Patigi	NG	Africa/Lagos
Buri Ram	TH	Asia/Bangkok
Turubah	SA	Asia/Riyadh
Maisí	CU	America/Havana
Jalgaon Jamod	IN	Asia/Kolkata
Pallipuram	IN	Asia/Kolkata
Annemasse	FR	Europe/Paris
Vinaròs	ES	Europe/Madrid
Rio Pardo de Minas	BR	America/Sao_Paulo
Sujānpur	IN	Asia/Kolkata
Annigeri	IN	Asia/Kolkata
Adrogué	AR	America/Argentina/Buenos_Aires
Busogo	RW	Africa/Kigali
La Garde	FR	Europe/Paris
Juan Griego	VE	America/Caracas
Piravam	IN	Asia/Kolkata
Álvares Machado	BR	America/Sao_Paulo
McCully - Moiliili	US	Pacific/Honolulu
Kraksaan	ID	Asia/Jakarta
Chamblee	US	America/New_York
Tampin	MY	Asia/Kuala_Lumpur
Schwandorf in Bayern	DE	Europe/Berlin
Ganderbal	IN	Asia/Kolkata
Bardaskan	IR	Asia/Tehran
Uliyazhathura	IN	Asia/Kolkata
Millville	US	America/New_York
Durango	ES	Europe/Madrid
Nhlazatje	ZA	Africa/Johannesburg
Thung Song	TH	Asia/Bangkok
Ulu Kelang	MY	Asia/Kuala_Lumpur
North Andover	US	America/New_York
Miranda	BR	America/Campo_Grande
Bramsche	DE	Europe/Berlin
Mandi	IN	Asia/Kolkata
SeaTac	US	America/Los_Angeles
Atholi	IN	Asia/Kolkata
Fazilpur	PK	Asia/Karachi
Elmira	US	America/New_York
Cocal	BR	America/Fortaleza
Newton Mearns	GB	Europe/London
Shiggaon	IN	Asia/Kolkata
Plettenberg	DE	Europe/Berlin
Karlshorst	DE	Europe/Berlin
Pandua	IN	Asia/Kolkata
Metepec	MX	America/Mexico_City
Spring Valley	US	America/Los_Angeles
Ban Chang	TH	Asia/Bangkok
Amirdzhan	AZ	Asia/Baku
Stockbridge	US	America/New_York
Whitehorse	CA	America/Whitehorse
Chatan	JP	Asia/Tokyo
Glen Ellyn	US	America/Chicago
Tikil Dingay	ET	Africa/Addis_Ababa
Popondetta	PG	Pacific/Port_Moresby
Pūnch	IN	Asia/Kolkata
Kandyagash	KZ	Asia/Aqtobe
Zürich (Kreis 12)	CH	Europe/Zurich
Zaventem	BE	Europe/Brussels
Burgos	PH	Asia/Manila
Monroeville	US	America/New_York
Lagunillas	VE	America/Caracas
Kelkheim	DE	Europe/Berlin
Ayoun El Atrous	MR	Africa/Nouakchott
Kottaikādu	IN	Asia/Kolkata
Dobropillya	UA	Europe/Kyiv
Fredericton Northside	CA	America/Moncton
Benicia	US	America/Los_Angeles
Cruz del Eje	AR	America/Argentina/Cordoba
Itabela	BR	America/Bahia
Hāngal	IN	Asia/Kolkata
Honda	CO	America/Bogota
Naujamiestis	LT	Europe/Vilnius
Veendam	NL	Europe/Amsterdam
Hiratachō	JP	Asia/Tokyo
Talamba	PK	Asia/Karachi
Jhadeshwar	IN	Asia/Kolkata
Neustadt/Nord	DE	Europe/Berlin
Tupanatinga	BR	America/Recife
San Sebastián el Grande	MX	America/Mexico_City
Sīdī Ghāzī	EG	Africa/Cairo
Nuevo México	MX	America/Mexico_City
Batubulan	ID	Asia/Makassar
Berriozábal	MX	America/Merida
Longsha	CN	Asia/Shanghai
Driefontein	ZA	Africa/Johannesburg
Miguel Pereira	BR	America/Sao_Paulo
Daventry	GB	Europe/London
Polūr	IN	Asia/Kolkata
Ōuda-yamaguchi	JP	Asia/Tokyo
Groot IJsselmonde	NL	Europe/Amsterdam
Fredericksburg	US	America/New_York
Ermont	FR	Europe/Paris
Dabajuro	VE	America/Caracas
Sheohar	IN	Asia/Kolkata
Jogonalan	ID	Asia/Jakarta
Miyaodai	JP	Asia/Tokyo
Bezhetsk	RU	Europe/Moscow
Massamá	PT	Europe/Lisbon
Vinkovci	HR	Europe/Zagreb
Suisun	US	America/Los_Angeles
Neukirchen-Vluyn	DE	Europe/Berlin
Perumbavoor	IN	Asia/Kolkata
Gundlupēt	IN	Asia/Kolkata
Lennestadt	DE	Europe/Berlin
Sachīn	IN	Asia/Kolkata
Lipkovo	MK	Europe/Skopje
Aberdeen	US	America/Chicago
Conchal	BR	America/Sao_Paulo
Sungai Dua	MY	Asia/Kuala_Lumpur
Argun	RU	Europe/Moscow
Kakiri	UG	Africa/Kampala
Cranberry Township	US	America/New_York
Garfield Heights	US	America/New_York
South Chicago	US	America/Chicago
Cataño	PR	America/Puerto_Rico
Cornelius	US	America/New_York
Badr	EG	Africa/Cairo
Koynanagar	IN	Asia/Kolkata
Wegberg	DE	Europe/Berlin
Lohne	DE	Europe/Berlin
Casa Branca	BR	America/Sao_Paulo
Poykovskiy	RU	Asia/Yekaterinburg
Oakdale	US	America/Chicago
Pô	BF	Africa/Ouagadougou
Sibulan	PH	Asia/Manila
Leichlingen	DE	Europe/Berlin
Goryachiy Klyuch	RU	Europe/Moscow
Gölbaşı	TR	Europe/Istanbul
Rillieux-la-Pape	FR	Europe/Paris
Gotegaon	IN	Asia/Kolkata
Oak Forest	US	America/Chicago
Dronten	NL	Europe/Amsterdam
Machagai	AR	America/Argentina/Cordoba
Matosinhos	PT	Europe/Lisbon
Llallagua	BO	America/La_Paz
Bundoora	AU	Australia/Melbourne
Shcherbinka	RU	Europe/Moscow
Kevelaer	DE	Europe/Berlin
Shangi	RW	Africa/Kigali
Kalwākurti	IN	Asia/Kolkata
Chengjiang	CN	Asia/Shanghai
Yahaba	JP	Asia/Tokyo
Mima	JP	Asia/Tokyo
Sheoganj	IN	Asia/Kolkata
Garner	US	America/New_York
Devanahalli	IN	Asia/Kolkata
Rhennouch	TN	Africa/Tunis
Stuttgart Feuerbach	DE	Europe/Berlin
Holmesburg	US	America/New_York
Irará	BR	America/Bahia
Drexel Hill	US	America/New_York
Vestal	US	America/New_York
North Kingstown	US	America/New_York
Ojinaga	MX	America/Ojinaga
Mkuranga	TZ	Africa/Dar_es_Salaam
Xinmin	CN	Asia/Shanghai
Ajalpan	MX	America/Mexico_City
’Aïn el Hammam	DZ	Africa/Algiers
Mranggen	ID	Asia/Jakarta
Polysayevo	RU	Asia/Novokuznetsk
Heywood	GB	Europe/London
Saalfeld	DE	Europe/Berlin
Aleysk	RU	Asia/Barnaul
Pichanal	AR	America/Argentina/Salta
Tultitlán de Mariano Escobedo	MX	America/Mexico_City
Javea	ES	Europe/Madrid
Leifeng	CN	Asia/Shanghai
Āron	IN	Asia/Kolkata
Villa Dolores	AR	America/Argentina/Cordoba
Aleksandrovskoye	RU	Europe/Moscow
Kamyshlov	RU	Asia/Yekaterinburg
Yitang	CN	Asia/Shanghai
Yinqiao Zhen	CN	Asia/Shanghai
Santa Maria	PH	Asia/Manila
Villemomble	FR	Europe/Paris
Jinqiao	CN	Asia/Shanghai
Brierley Hill	GB	Europe/London
Batifa	IQ	Asia/Baghdad
Saint Helier	JE	Europe/Jersey
Sahavato	MG	Indian/Antananarivo
Mirnyy	RU	Europe/Moscow
Shanwa	TZ	Africa/Dar_es_Salaam
Terny	UA	Europe/Kyiv
Kagadi	UG	Africa/Kampala
Pop	UZ	Asia/Tashkent
Kitsuki	JP	Asia/Tokyo
Bella Vista	US	America/Chicago
Friedenau	DE	Europe/Berlin
Melrose	US	America/New_York
Fitchburg	US	America/Chicago
Bultfontein	ZA	Africa/Johannesburg
Muswell Hill	GB	Europe/London
Hōjō	JP	Asia/Tokyo
Apaseo el Alto	MX	America/Mexico_City
Rincón de Romos	MX	America/Mexico_City
Gramercy Park	US	America/New_York
Guasipati	VE	America/Caracas
Byaroza	BY	Europe/Minsk
Mirandópolis	BR	America/Sao_Paulo
Wellesley	US	America/New_York
Ukiha	JP	Asia/Tokyo
Aoto	JP	Asia/Tokyo
Dịch Vọng	VN	Asia/Bangkok
Enterprise	US	America/Chicago
Winchester	US	America/Los_Angeles
Tizi Gheniff	DZ	Africa/Algiers
Kintinian	GN	Africa/Conakry
Arad	IL	Asia/Jerusalem
Hadagalli	IN	Asia/Kolkata
Houqiao	CN	Asia/Shanghai
Patran	IN	Asia/Kolkata
Yanaul	RU	Asia/Yekaterinburg
Camiri	BO	America/La_Paz
San Francisco Acuautla	MX	America/Mexico_City
Tharād	IN	Asia/Kolkata
Labasa	FJ	Pacific/Fiji
Yaguachi Nuevo	EC	America/Guayaquil
Slidell	US	America/Chicago
Deli Tua	ID	Asia/Jakarta
Missour	MA	Africa/Casablanca
Sanctorum	MX	America/Mexico_City
University Heights	US	America/New_York
Morro Agudo	BR	America/Sao_Paulo
Panāgar	IN	Asia/Kolkata
Terneuzen	NL	Europe/Amsterdam
Baunatal	DE	Europe/Berlin
Eséka	CM	Africa/Douala
Dāsna	IN	Asia/Kolkata
Bogd	MN	Asia/Ulaanbaatar
Ennis	IE	Europe/Dublin
Wexford/Maryvale	CA	America/Toronto
Kroměříž	CZ	Europe/Prague
Sfizef	DZ	Africa/Algiers
Pierrefitte-sur-Seine	FR	Europe/Paris
West Springfield	US	America/New_York
Dodge City	US	America/Chicago
Ban Bang Kadi	TH	Asia/Bangkok
Lovech	BG	Europe/Sofia
Kulittalai	IN	Asia/Kolkata
Sulur	IN	Asia/Kolkata
Mocímboa	MZ	Africa/Maputo
Sant Vicenç dels Horts	ES	Europe/Madrid
Kofelē	ET	Africa/Addis_Ababa
Geldrop	NL	Europe/Amsterdam
Paragould	US	America/Chicago
Szentes	HU	Europe/Budapest
El Campello	ES	Europe/Madrid
Jhawarian	PK	Asia/Karachi
Rangia	IN	Asia/Kolkata
Maywood	US	America/Los_Angeles
Melgaço	BR	America/Belem
Königsbrunn	DE	Europe/Berlin
South Riverdale	CA	America/Toronto
Kolpashevo	RU	Asia/Tomsk
Bungu	TZ	Africa/Dar_es_Salaam
Zanandore	BI	Africa/Bujumbura
Le Kremlin-Bicêtre	FR	Europe/Paris
Seguin	US	America/Chicago
Tapah Road	MY	Asia/Kuala_Lumpur
Bāmor Kalān	IN	Asia/Kolkata
Sisak	HR	Europe/Zagreb
Umargām	IN	Asia/Kolkata
Watamu	KE	Africa/Nairobi
Welingara	GM	Africa/Banjul
Shirley	US	America/New_York
Livingston	US	America/New_York
Round Lake Beach	US	America/Chicago
Martorell	ES	Europe/Madrid
Longhua	CN	Asia/Shanghai
Sabana de Torres	CO	America/Bogota
Mosman	AU	Australia/Sydney
Morón de la Frontera	ES	Europe/Madrid
Marpole	CA	America/Vancouver
Nalbāri	IN	Asia/Kolkata
Termas de Río Hondo	AR	America/Argentina/Cordoba
Kuangshi	CN	Asia/Shanghai
Cheraga	DZ	Africa/Algiers
Dagestanskiye Ogni	RU	Europe/Moscow
Muchun	TJ	Asia/Dushanbe
Baesweiler	DE	Europe/Berlin
Toyoshina	JP	Asia/Tokyo
Traipu	BR	America/Maceio
Bad Neuenahr-Ahrweiler	DE	Europe/Berlin
Tirat Karmel	IL	Asia/Jerusalem
Sterling	US	America/New_York
Pallikunnu	IN	Asia/Kolkata
Zolotonosha	UA	Europe/Kyiv
Giannitsá	GR	Europe/Athens
Şāfītā	SY	Asia/Damascus
Margasari	ID	Asia/Jakarta
Charata	AR	America/Argentina/Cordoba
Kurihashi	JP	Asia/Tokyo
Middletown	US	America/New_York
Remuera	NZ	Pacific/Auckland
Nasirabad	PK	Asia/Karachi
Jaciara	BR	America/Cuiaba
Zhengxing	CN	Asia/Shanghai
Guangcun	CN	Asia/Shanghai
Trittāla	IN	Asia/Kolkata
Elorza	VE	America/Caracas
Buurhakaba	SO	Africa/Mogadishu
Vadnagar	IN	Asia/Kolkata
Gasuba	ET	Africa/Addis_Ababa
Sijunjung	ID	Asia/Jakarta
Sunbury-on-Thames	GB	Europe/London
Jaswantnagar	IN	Asia/Kolkata
Champs-sur-Marne	FR	Europe/Paris
Vicuña	CL	America/Santiago
Be’er Ya‘aqov	IL	Asia/Jerusalem
Fountain	US	America/Denver
Sønderborg	DK	Europe/Copenhagen
Saratoga Springs	US	America/New_York
Ehingen	DE	Europe/Berlin
Haaga	FI	Europe/Helsinki
Zarechnyy	RU	Asia/Yekaterinburg
Newry	GB	Europe/London
Nong Phai	TH	Asia/Bangkok
St. James-Assiniboia East	CA	America/Winnipeg
Santa Rosa de Copán	HN	America/Tegucigalpa
Afzalgarh	IN	Asia/Kolkata
Monção	BR	America/Fortaleza
Kirkwood	US	America/Chicago
Qibray	UZ	Asia/Tashkent
Drexel Heights	US	America/Phoenix
Dogomet	GN	Africa/Conakry
Tristán Suárez	AR	America/Argentina/Buenos_Aires
Chongkan	CN	Asia/Shanghai
Gangāpur	IN	Asia/Kolkata
Deer Park	US	America/New_York
Nedroma	DZ	Africa/Algiers
Xinsheng	CN	Asia/Shanghai
Rijssen	NL	Europe/Amsterdam
Melton Mowbray	GB	Europe/London
Presidente Tancredo Neves	BR	America/Bahia
Mahna	IN	Asia/Kolkata
Wiesloch	DE	Europe/Berlin
Batken	KG	Asia/Bishkek
Lafayette	US	America/Denver
Loutété	CG	Africa/Brazzaville
João Alfredo	BR	America/Recife
Lijun	CN	Asia/Shanghai
Zawyat ech Cheïkh	MA	Africa/Casablanca
São José do Norte	BR	America/Sao_Paulo
Bow	GB	Europe/London
Ballitoville	ZA	Africa/Johannesburg
Boyabat	TR	Europe/Istanbul
Neftekumsk	RU	Europe/Moscow
Al Aşābi‘ah	LY	Africa/Tripoli
Fridley	US	America/Chicago
Allen	AR	America/Argentina/Salta
Khmilnyk	UA	Europe/Kyiv
West Scarborough	US	America/New_York
Queensbury	US	America/New_York
Rāipur	IN	Asia/Kolkata
Aleshtar	IR	Asia/Tehran
Heiligenhaus	DE	Europe/Berlin
Charef	DZ	Africa/Algiers
Mī’ēso	ET	Africa/Addis_Ababa
Takahagi	JP	Asia/Tokyo
El Dabaa	EG	Africa/Cairo
Almuñécar	ES	Europe/Madrid
Banbury-Don Mills	CA	America/Toronto
Matam	SN	Africa/Dakar
Gondomar	PT	Europe/Lisbon
Nahualá	GT	America/Guatemala
Narre Warren	AU	Australia/Melbourne
Porto Belo	BR	America/Sao_Paulo
Águas Santas	PT	Europe/Lisbon
Evesham	GB	Europe/London
Menuma	JP	Asia/Tokyo
Roslindale	US	America/New_York
Mponela	MW	Africa/Blantyre
Rodniki	RU	Europe/Moscow
Kasamwa	TZ	Africa/Dar_es_Salaam
Nkoteng	CM	Africa/Douala
Kellyville	AU	Australia/Sydney
Aparecida do Taboado	BR	America/Campo_Grande
Hanwang	CN	Asia/Shanghai
Mathur	IN	Asia/Kolkata
Prokuplje	RS	Europe/Belgrade
Ashington	GB	Europe/London
Luotian	CN	Asia/Shanghai
Sitges	ES	Europe/Madrid
Lucas	BR	America/Cuiaba
Brufut	GM	Africa/Banjul
Rexburg	US	America/Boise
Hörde	DE	Europe/Berlin
Lagoa Vermelha	BR	America/Sao_Paulo
Phuntsholing	BT	Asia/Thimphu
Aarschot	BE	Europe/Brussels
Dorstfeld	DE	Europe/Berlin
Sundern	DE	Europe/Berlin
Aix-les-Bains	FR	Europe/Paris
Nova Prata	BR	America/Sao_Paulo
Wheeling	US	America/New_York
Mantena	BR	America/Sao_Paulo
Luruaco	CO	America/Bogota
Shaker Heights	US	America/New_York
Vila do Conde	PT	Europe/Lisbon
Barcelos	BR	America/Manaus
Bhimber	PK	Asia/Karachi
Iskandar	UZ	Asia/Tashkent
Mutum	BR	America/Sao_Paulo
Sderot	IL	Asia/Jerusalem
Plaque	GW	Africa/Bissau
Nowy Dwór Mazowiecki	PL	Europe/Warsaw
Paramonga	PE	America/Lima
Mililani Town	US	Pacific/Honolulu
Theniet el Had	DZ	Africa/Algiers
Quijingue	BR	America/Bahia
Novogrudok	BY	Europe/Minsk
Tomohon	ID	Asia/Makassar
Bergenfield	US	America/New_York
Marshalltown	US	America/Chicago
Pilar do Sul	BR	America/Sao_Paulo
Lagoa Seca	BR	America/Fortaleza
Az̧ Z̧āhirīyah	PS	Asia/Hebron
Água Azul do Norte	BR	America/Belem
Catemaco	MX	America/Mexico_City
Tehri	IN	Asia/Kolkata
Contla	MX	America/Mexico_City
Novoaleksandrovsk	RU	Europe/Moscow
Māgadi	IN	Asia/Kolkata
Itako	JP	Asia/Tokyo
Gibara	CU	America/Havana
Panauti̇̄	NP	Asia/Kathmandu
Mertule Maryam	ET	Africa/Addis_Ababa
Kotel’nich	RU	Europe/Kirov
Kariba	ZW	Africa/Harare
Pūvātūparamba	IN	Asia/Kolkata
Hebao	CN	Asia/Shanghai
Villaviciosa de Odón	ES	Europe/Madrid
Cabrero	CL	America/Santiago
York University Heights	CA	America/Toronto
Sofifi	ID	Asia/Jayapura
Guerou	MR	Africa/Nouakchott
Ōmiya	JP	Asia/Tokyo
Hōryūji	JP	Asia/Tokyo
Sita Road	PK	Asia/Karachi
Tucker	US	America/New_York
Bouknadel	MA	Africa/Casablanca
São Miguel do Iguaçu	BR	America/Sao_Paulo
Bou Hanifia el Hamamat	DZ	Africa/Algiers
Ouled Slama Fouaga	DZ	Africa/Algiers
Shakhtarske	UA	Europe/Kyiv
Nutley	US	America/New_York
Bezons	FR	Europe/Paris
Mu‘aydhir Rawḑat Rāshid	QA	Asia/Qatar
Mékhé	SN	Africa/Dakar
Kulmbach	DE	Europe/Berlin
Yunji	CN	Asia/Shanghai
Ninomiya	JP	Asia/Tokyo
Bāspalli	IN	Asia/Kolkata
Roldanillo	CO	America/Bogota
Ōmachi	JP	Asia/Tokyo
Mulchén	CL	America/Santiago
Dotzheim	DE	Europe/Berlin
Atkarsk	RU	Europe/Saratov
Port Richmond	US	America/New_York
Pombos	BR	America/Recife
Bad Zwischenahn	DE	Europe/Berlin
Novo Oriente	BR	America/Fortaleza
Selm	DE	Europe/Berlin
Kirkby in Ashfield	GB	Europe/London
Mechernich	DE	Europe/Berlin
Mahād	IN	Asia/Kolkata
Gabriel Leyva Solano	MX	America/Mazatlan
Wickford	GB	Europe/London
Piscinola	IT	Europe/Rome
Lake Jackson	US	America/Chicago
Ammi Moussa	DZ	Africa/Algiers
Boboniessoko	CI	Africa/Abidjan
Grimma	DE	Europe/Berlin
Ezhupunna	IN	Asia/Kolkata
Tanout	NE	Africa/Niamey
Abarkūh	IR	Asia/Tehran
Awara	JP	Asia/Tokyo
Sānkrāil	IN	Asia/Kolkata
Tuxpan	MX	America/Mexico_City
Kalach-na-Donu	RU	Europe/Volgograd
Caransebeş	RO	Europe/Bucharest
Mae Sai	TH	Asia/Bangkok
Ribeira	ES	Europe/Madrid
Altstadt Sud	DE	Europe/Berlin
Port Moody	CA	America/Vancouver
Bouansa	CG	Africa/Brazzaville
Lambari d'Oeste	BR	America/Cuiaba
Mirassol d'Oeste	BR	America/Cuiaba
Plum	US	America/New_York
Ismayilli	AZ	Asia/Baku
Huruta	ET	Africa/Addis_Ababa
Ch’ench’a	ET	Africa/Addis_Ababa
Nuwara Eliya	LK	Asia/Colombo
Wārāseonī	IN	Asia/Kolkata
Shingū	JP	Asia/Tokyo
Karlskoga	SE	Europe/Stockholm
Maryborough	AU	Australia/Brisbane
Beldānga	IN	Asia/Kolkata
Inajá	BR	America/Recife
Friedberg	DE	Europe/Berlin
Oiapoque	BR	America/Belem
Burngreave	GB	Europe/London
Arai	JP	Asia/Tokyo
Kętrzyn	PL	Europe/Warsaw
San Pedro	CR	America/Costa_Rica
Dashi	CN	Asia/Shanghai
Bali	CM	Africa/Douala
San Carlos	UY	America/Montevideo
Campos Sales	BR	America/Fortaleza
Xiaodu	CN	Asia/Shanghai
Peñaranda	PH	Asia/Manila
Chorakhe Bua	TH	Asia/Bangkok
Denton	GB	Europe/London
Windsor	US	America/Los_Angeles
Jilādiguda	IN	Asia/Kolkata
Sausar	IN	Asia/Kolkata
Maevatanana	MG	Indian/Antananarivo
Conceição da Barra	BR	America/Sao_Paulo
Moothakunnam	IN	Asia/Kolkata
Tepeaca	MX	America/Mexico_City
Bakhchysaray	UA	Europe/Simferopol
West Chicago	US	America/Chicago
Tam O'Shanter-Sullivan	CA	America/Toronto
Sestao	ES	Europe/Madrid
Aravaca	ES	Europe/Madrid
Pathirappally	IN	Asia/Kolkata
Oued Zenati	DZ	Africa/Algiers
Jászberény	HU	Europe/Budapest
Tarui	JP	Asia/Tokyo
Kuanchuan	CN	Asia/Shanghai
Hamminkeln	DE	Europe/Berlin
Hadgāon	IN	Asia/Kolkata
As Sulţah al Jadīdah	QA	Asia/Qatar
Malekān	IR	Asia/Tehran
Malkara	TR	Europe/Istanbul
Chandrapura	IN	Asia/Kolkata
Allen Park	US	America/Detroit
Soroca	MD	Europe/Chisinau
Ilgın	TR	Europe/Istanbul
San Rafael Abajo	CR	America/Costa_Rica
Rājaldesar	IN	Asia/Kolkata
Madang	PG	Pacific/Port_Moresby
Sol’-Iletsk	RU	Asia/Yekaterinburg
Roșiorii de Vede	RO	Europe/Bucharest
Wilmette	US	America/Chicago
Jardim	BR	America/Fortaleza
Manduria	IT	Europe/Rome
Imperial Beach	US	America/Los_Angeles
Eibar	ES	Europe/Madrid
Juquitiba	BR	America/Sao_Paulo
Rusanivka	UA	Europe/Kyiv
Muhorro	UG	Africa/Kampala
Glen Cove	US	America/New_York
Premià de Mar	ES	Europe/Madrid
Shalqar	KZ	Asia/Aqtobe
Ferntree Gully	AU	Australia/Melbourne
Pachor	IN	Asia/Kolkata
Syracuse	US	America/Denver
Cleckheaton	GB	Europe/London
West Hill	CA	America/Toronto
Santa Rita de Cássia	BR	America/Bahia
Santiago de Tolú	CO	America/Bogota
Sādri	IN	Asia/Kolkata
Mīrānpur	IN	Asia/Kolkata
Azhoor	IN	Asia/Kolkata
Abasolo	MX	America/Mexico_City
Maryland Heights	US	America/Chicago
Aïn Attig	MA	Africa/Casablanca
Orlová	CZ	Europe/Prague
Emmendingen	DE	Europe/Berlin
Tamansourt	MA	Africa/Casablanca
Ashford	GB	Europe/London
Nā’īn	IR	Asia/Tehran
Caldas da Rainha	PT	Europe/Lisbon
Kullattūr	IN	Asia/Kolkata
Mazhan	CN	Asia/Shanghai
Khrestivka	UA	Europe/Kyiv
Bulakamba	ID	Asia/Jakarta
Saint-Josse-ten-Noode	BE	Europe/Brussels
Mason City	US	America/Chicago
Balussheri	IN	Asia/Kolkata
Pulupandan	PH	Asia/Manila
Cisterna di Latina	IT	Europe/Rome
Saint-Constant	CA	America/Toronto
Yamagata	JP	Asia/Tokyo
Malargüe	AR	America/Argentina/Mendoza
Kālānwāli	IN	Asia/Kolkata
Ibo Town	GM	Africa/Banjul
Akesalayi	CN	Asia/Urumqi
Carlow	IE	Europe/Dublin
Crofton	US	America/New_York
Acari	BR	America/Sao_Paulo
Shakaskraal	ZA	Africa/Johannesburg
Krč	CZ	Europe/Prague
Huimanguillo	MX	America/Merida
Brodnica	PL	Europe/Warsaw
Kadodara	IN	Asia/Kolkata
Anderson	US	America/New_York
Paris 04 Hôtel-de-Ville	FR	Europe/Paris
Eagle Mountain	US	America/Denver
Sŏnbong	KP	Asia/Pyongyang
Unggi	KP	Asia/Pyongyang
Jiasi	CN	Asia/Shanghai
Boane	MZ	Africa/Maputo
Gaur	NP	Asia/Kathmandu
Chakapara	IN	Asia/Kolkata
Nanminda	IN	Asia/Kolkata
Mandirituba	BR	America/Sao_Paulo
Grimsby	CA	America/Toronto
Parit Buntar	MY	Asia/Kuala_Lumpur
Payathonzu	MM	Asia/Yangon
Puerto Boyacá	CO	America/Bogota
Quesada	CR	America/Costa_Rica
College Point	US	America/New_York
Dieppe	CA	America/Moncton
Nokha	IN	Asia/Kolkata
Castillejos	PH	Asia/Manila
Svendborg	DK	Europe/Copenhagen
K’ola Diba	ET	Africa/Addis_Ababa
Amba Giorgis	ET	Africa/Addis_Ababa
May Cadera	ET	Africa/Addis_Ababa
Kyaka II Refugee Camp	UG	Africa/Kampala
Hendrina	ZA	Africa/Johannesburg
Ans	BE	Europe/Brussels
Santo Antônio do Monte	BR	America/Sao_Paulo
Kayyerkan	RU	Asia/Krasnoyarsk
Kattumannarkoil	IN	Asia/Kolkata
Lancy	CH	Europe/Zurich
Leandro N. Alem	AR	America/Argentina/Cordoba
Kalamb	IN	Asia/Kolkata
Āndippatti	IN	Asia/Kolkata
Vallauris	FR	Europe/Paris
Siburan	MY	Asia/Kuching
Algemesí	ES	Europe/Madrid
Winchester	US	America/New_York
Nayoro	JP	Asia/Tokyo
Liangshui	CN	Asia/Shanghai
Corrente	BR	America/Fortaleza
Lindenhurst	US	America/New_York
Lapão	BR	America/Bahia
El Viso	ES	Europe/Madrid
Mueda	MZ	Africa/Maputo
Zürich (Kreis 4) / Aussersihl	CH	Europe/Zurich
Santo Amaro da Imperatriz	BR	America/Sao_Paulo
Teyateyaneng	LS	Africa/Maseru
Taverny	FR	Europe/Paris
Icatu	BR	America/Fortaleza
Arumuganeri	IN	Asia/Kolkata
Zakopane	PL	Europe/Warsaw
Elamanchili	IN	Asia/Kolkata
Ubatã	BR	America/Bahia
Illkirch-Graffenstaden	FR	Europe/Paris
Bady Bassitt	BR	America/Sao_Paulo
Krasnoural’sk	RU	Asia/Yekaterinburg
Badr Ḩunayn	SA	Asia/Riyadh
La Teste-de-Buch	FR	Europe/Paris
Demak	ID	Asia/Jakarta
Sebeş	RO	Europe/Bucharest
Adichānallūr	IN	Asia/Kolkata
Hayang	KR	Asia/Seoul
Grombalia	TN	Africa/Tunis
Doboj	BA	Europe/Sarajevo
Busselton	AU	Australia/Perth
Spanaway	US	America/Los_Angeles
Ouro Sogui	SN	Africa/Dakar
Laitumkhrah	IN	Asia/Kolkata
Belmont	US	America/Los_Angeles
Gulābpura	IN	Asia/Kolkata
Redenção	BR	America/Fortaleza
Longton	GB	Europe/London
Bourzanga	BF	Africa/Ouagadougou
Forquilhinha	BR	America/Sao_Paulo
Pāthardi	IN	Asia/Kolkata
Naranjito	CU	America/Havana
Blangwa	CM	Africa/Douala
Casal de' Pazzi	IT	Europe/Rome
Hunts Point	US	America/New_York
Overath	DE	Europe/Berlin
Minami-ōi	JP	Asia/Tokyo
Akouda	TN	Africa/Tunis
Mocajuba	BR	America/Belem
Kouandé	BJ	Africa/Porto-Novo
Kundarkhi	IN	Asia/Kolkata
Holbrook	US	America/New_York
Kubang Semang	MY	Asia/Kuala_Lumpur
Permatang Kuching	MY	Asia/Kuala_Lumpur
Ukhrul	IN	Asia/Kolkata
El Abadia	DZ	Africa/Algiers
Gadhinglaj	IN	Asia/Kolkata
New London	US	America/New_York
Horten	NO	Europe/Oslo
Kerkera	DZ	Africa/Algiers
Ipameri	BR	America/Sao_Paulo
Bilgrām	IN	Asia/Kolkata
Piecki-Migowo	PL	Europe/Warsaw
Boutilimitt	MR	Africa/Nouakchott
Ali	IN	Asia/Kolkata
Kupyansk	UA	Europe/Kyiv
Conception Bay South	CA	America/St_Johns
Simen	CN	Asia/Shanghai
Jāfarābād	IN	Asia/Kolkata
Rios Rosas	ES	Europe/Madrid
Bidhūna	IN	Asia/Kolkata
Bhelai	IN	Asia/Kolkata
Paso Robles	US	America/Los_Angeles
Ayakudi	IN	Asia/Kolkata
Xiaomian	CN	Asia/Shanghai
Tualatin	US	America/Los_Angeles
Nikolayevsk-on-Amure	RU	Asia/Vladivostok
Vicência	BR	America/Recife
Wersten	DE	Europe/Berlin
Zhongshan	CN	Asia/Shanghai
Leimen	DE	Europe/Berlin
Vettanād	IN	Asia/Kolkata
São Joaquim	BR	America/Sao_Paulo
Yong Peng	MY	Asia/Kuala_Lumpur
Buzhake	CN	Asia/Urumqi
Moyotzingo	MX	America/Mexico_City
Wamba	NG	Africa/Lagos
Circasia	CO	America/Bogota
Novelda	ES	Europe/Madrid
Njombé	CM	Africa/Douala
Viñales	CU	America/Havana
Quibala	AO	Africa/Luanda
Balneário Piçarras	BR	America/Sao_Paulo
Fleming Island	US	America/New_York
Āsandh	IN	Asia/Kolkata
Betioky	MG	Indian/Antananarivo
San Giovanni Rotondo	IT	Europe/Rome
Doreen	AU	Australia/Melbourne
Baynjiwayn	IQ	Asia/Baghdad
Rathenow	DE	Europe/Berlin
Panglong	MM	Asia/Yangon
Kachidoki	JP	Asia/Tokyo
Sikonge	TZ	Africa/Dar_es_Salaam
Nové Město	CZ	Europe/Prague
Perumpāvūr	IN	Asia/Kolkata
Jiangxi	CN	Asia/Shanghai
Palmar de Varela	CO	America/Bogota
La Tebaida	CO	America/Bogota
Chanpatia	IN	Asia/Kolkata
Tanguiéta	BJ	Africa/Porto-Novo
Winona	US	America/Chicago
Alfornelos	PT	Europe/Lisbon
Petershagen	DE	Europe/Berlin
Agua Caliente	US	America/Los_Angeles
Afzalpur	IN	Asia/Kolkata
Katsuyama	JP	Asia/Tokyo
Long Thành	VN	Asia/Ho_Chi_Minh
Épernay	FR	Europe/Paris
Villagrán	MX	America/Mexico_City
Zomin Shaharchasi	UZ	Asia/Samarkand
Paciran	ID	Asia/Jakarta
Shalkar	KZ	Asia/Atyrau
Ndélé	CF	Africa/Bangui
Laï	TD	Africa/Ndjamena
Asino	RU	Asia/Tomsk
Santa Uxía de Ribeira	ES	Europe/Madrid
Elefthério - Kordelió	GR	Europe/Athens
Labytnangi	RU	Asia/Yekaterinburg
Gobindpur	IN	Asia/Kolkata
Thomasville	US	America/New_York
Capitán Bermúdez	AR	America/Argentina/Cordoba
Kayonza	RW	Africa/Kigali
Hıdırbey	TR	Europe/Istanbul
Casselberry	US	America/New_York
Don Valley Village	CA	America/Toronto
Kallio	FI	Europe/Helsinki
Tikkotti	IN	Asia/Kolkata
Zaliohouan	CI	Africa/Abidjan
Puchuan	CN	Asia/Shanghai
Ondangwa	NA	Africa/Windhoek
Manari	BR	America/Recife
Jarash	JO	Asia/Amman
Wangen	DE	Europe/Berlin
Gingee	IN	Asia/Kolkata
La Peca	PE	America/Lima
Niederrad	DE	Europe/Berlin
Haverhill	GB	Europe/London
Malinyi	TZ	Africa/Dar_es_Salaam
Rāver	IN	Asia/Kolkata
Aso	JP	Asia/Tokyo
Kekem	CM	Africa/Douala
Yigai'erqi	CN	Asia/Urumqi
Babat	ID	Asia/Jakarta
Catarroja	ES	Europe/Madrid
Märsta	SE	Europe/Stockholm
Kobylisy	CZ	Europe/Prague
Brilon	DE	Europe/Berlin
Rejon placu Grunwaldzkiego	PL	Europe/Warsaw
Villiers-le-Bel	FR	Europe/Paris
Zuitai	CN	Asia/Shanghai
Vichy	FR	Europe/Paris
Alaca	TR	Europe/Istanbul
Landsberg am Lech	DE	Europe/Berlin
Eureka	US	America/Los_Angeles
Cầu Diễn	VN	Asia/Bangkok
Bāgepalli	IN	Asia/Kolkata
Kotdwāra	IN	Asia/Kolkata
Alexânia	BR	America/Sao_Paulo
Chiriguaná	CO	America/Bogota
East Saint Louis	US	America/Chicago
Garden City	US	America/Chicago
Ibotirama	BR	America/Bahia
Alton	US	America/Chicago
Milton	US	America/New_York
Payakaraopeta	IN	Asia/Kolkata
Dedovsk	RU	Europe/Moscow
Al Ḩamīdīyah	AE	Asia/Dubai
Asparuhovo	BG	Europe/Sofia
Huatugou	CN	Asia/Shanghai
Hala'ib	EG	Africa/Cairo
Ibnat	ET	Africa/Addis_Ababa
Bhawanipur	IN	Asia/Kolkata
‘Anah	IQ	Asia/Baghdad
Vohipaho	MG	Indian/Antananarivo
Miandrarivo	MG	Indian/Antananarivo
Taupo	NZ	Pacific/Auckland
Jaglot	PK	Asia/Karachi
Bayt Ḩanīnā	PS	Asia/Hebron
Smederevska Palanka	RS	Europe/Belgrade
Zarya	RU	Europe/Moscow
Dhamas	SO	Africa/Mogadishu
Zeya	RU	Asia/Yakutsk
Nova Soure	BR	America/Bahia
Maghull	GB	Europe/London
Elamkunnapuzha	IN	Asia/Kolkata
Cyato	RW	Africa/Kigali
University Park	US	America/New_York
Ettumanoor	IN	Asia/Kolkata
Rapallo	IT	Europe/Rome
Kérouané	GN	Africa/Conakry
Caririaçu	BR	America/Fortaleza
Biłgoraj	PL	Europe/Warsaw
Tara	RU	Asia/Omsk
Mapalo	ZM	Africa/Lusaka
Auburn	US	America/New_York
Clairlea-Birchmount	CA	America/Toronto
Tawakule	CN	Asia/Urumqi
Raseborg	FI	Europe/Helsinki
Água Preta	BR	America/Recife
Lātehār	IN	Asia/Kolkata
Kotovo	RU	Europe/Volgograd
Chengam	IN	Asia/Kolkata
Williston	US	America/Chicago
Ar Rudayyif	TN	Africa/Tunis
Novo Cruzeiro	BR	America/Sao_Paulo
São Sebastião da Boa Vista	BR	America/Belem
Paramus	US	America/New_York
Back Mountain	US	America/New_York
Bukuya	UG	Africa/Kampala
Mundo Novo	BR	America/Bahia
Qinglian	CN	Asia/Shanghai
West Milford	US	America/New_York
Borşa	RO	Europe/Bucharest
Iguaí	BR	America/Bahia
Ternivka	UA	Europe/Kyiv
Chancay	PE	America/Lima
Thuwal	SA	Asia/Riyadh
Las Breñas	AR	America/Argentina/Cordoba
Az Zarqā	EG	Africa/Cairo
Potrerillos	HN	America/Tegucigalpa
Pucón	CL	America/Santiago
Rājgarh	IN	Asia/Kolkata
Siavonga	ZM	Africa/Lusaka
Shovot	UZ	Asia/Samarkand
Nūr	IR	Asia/Tehran
Jeffersontown	US	America/Kentucky/Louisville
Şāmitah	SA	Asia/Riyadh
São Bernardo	BR	America/Fortaleza
Aţfīḩ	EG	Africa/Cairo
Kumārapuram	IN	Asia/Kolkata
Semīrom	IR	Asia/Tehran
Albania	CO	America/Bogota
Sungai Besar	MY	Asia/Kuala_Lumpur
Iba	PH	Asia/Manila
Boysun	UZ	Asia/Samarkand
Şafāshahr	IR	Asia/Tehran
el Clot	ES	Europe/Madrid
Hôpital Saint-Louis	FR	Europe/Paris
Sinkassé	TG	Africa/Lome
Verden	DE	Europe/Berlin
Komló	HU	Europe/Budapest
Dubrovnik	HR	Europe/Zagreb
Garden City	US	America/Detroit
Qā’emīyeh	IR	Asia/Tehran
Horn Lake	US	America/Chicago
Stoughton	US	America/New_York
Easton	US	America/New_York
Margherita	IN	Asia/Kolkata
Baraúna	BR	America/Fortaleza
Lerum	SE	Europe/Stockholm
Freeport	BS	America/Nassau
Traralgon	AU	Australia/Melbourne
Kulasēkarapuram	IN	Asia/Kolkata
Chawinda	PK	Asia/Karachi
Quakers Hill	AU	Australia/Sydney
Parral	CL	America/Santiago
Sankt Wendel	DE	Europe/Berlin
Kara-Kul’	KG	Asia/Bishkek
Deder	ET	Africa/Addis_Ababa
Weidian	CN	Asia/Shanghai
Aldridge	GB	Europe/London
Prairieville	US	America/Chicago
Sāmba	IN	Asia/Kolkata
Niscemi	IT	Europe/Rome
Al-Quṭaynah	SD	Africa/Khartoum
Hyde Park	US	America/Chicago
Dix Hills	US	America/New_York
San Giuseppe Vesuviano	IT	Europe/Rome
Buzen	JP	Asia/Tokyo
Zambezi	ZM	Africa/Lusaka
Douglas	IE	Europe/Dublin
Pirthīpur	IN	Asia/Kolkata
Takada	JP	Asia/Tokyo
Vepagunta	IN	Asia/Kolkata
Dushi	CN	Asia/Shanghai
Hiragi	JP	Asia/Tokyo
Atotonilco el Alto	MX	America/Mexico_City
Sannois	FR	Europe/Paris
Rösrath	DE	Europe/Berlin
Stabat	ID	Asia/Jakarta
Piešťany	SK	Europe/Bratislava
Boscoreale	IT	Europe/Rome
Gladstone	US	America/Chicago
La Joya	MX	America/Tijuana
Feidh el Botma	DZ	Africa/Algiers
Paete	PH	Asia/Manila
Taungup	MM	Asia/Yangon
MacPherson	SG	Asia/Singapore
Uithoorn	NL	Europe/Amsterdam
Muñiz	AR	America/Argentina/Buenos_Aires
Canindé de São Francisco	BR	America/Maceio
Okahandja	NA	Africa/Windhoek
Cutler Ridge	US	America/New_York
Stalybridge	GB	Europe/London
Vadipatti	IN	Asia/Kolkata
Shuikou	CN	Asia/Shanghai
Driyorejo	ID	Asia/Jakarta
Misantla	MX	America/Mexico_City
Bulqizë	AL	Europe/Tirane
Culemborg	NL	Europe/Amsterdam
Reserva	BR	America/Sao_Paulo
Imbé	BR	America/Sao_Paulo
Shenkottai	IN	Asia/Kolkata
Bafoulabé	ML	Africa/Bamako
Baro	NG	Africa/Lagos
‘Āmūdā	SY	Asia/Damascus
Mūţ	EG	Africa/Cairo
Edacchēri	IN	Asia/Kolkata
Independence	US	America/New_York
Nkambe	CM	Africa/Douala
Lübbecke	DE	Europe/Berlin
Chinguar	AO	Africa/Luanda
Triggiano	IT	Europe/Rome
Funabori	JP	Asia/Tokyo
La Unión	SV	America/El_Salvador
Banmankhi	IN	Asia/Kolkata
La Iguala	HN	America/Tegucigalpa
Catanauan	PH	Asia/Manila
Uchkuduk	UZ	Asia/Samarkand
Bolton	CA	America/Toronto
Srīnivāspur	IN	Asia/Kolkata
Sayula	MX	America/Mexico_City
Ilha Solteira	BR	America/Sao_Paulo
Mühlacker	DE	Europe/Berlin
Den Den	TN	Africa/Tunis
Rocha	UY	America/Montevideo
Budafok	HU	Europe/Budapest
Bor	SS	Africa/Juba
Watertown	US	America/New_York
Salou	ES	Europe/Madrid
Naqādah	EG	Africa/Cairo
Görogly	TM	Asia/Ashgabat
Santa Helena	BR	America/Sao_Paulo
Qarah Ẕīā’ od Dīn	IR	Asia/Tehran
Palavakkam	IN	Asia/Kolkata
Samokov	BG	Europe/Sofia
Pedro Betancourt	CU	America/Havana
Gonesse	FR	Europe/Paris
Chāndur	IN	Asia/Kolkata
Arida	JP	Asia/Tokyo
Urachiche	VE	America/Caracas
Mahina	ML	Africa/Bamako
Indāpur	IN	Asia/Kolkata
Varappuzha	IN	Asia/Kolkata
Wooster	US	America/New_York
Camaiore	IT	Europe/Rome
Tha Muang	TH	Asia/Bangkok
Fontana	AR	America/Argentina/Cordoba
Goianinha	BR	America/Fortaleza
San Jose	PH	Asia/Manila
Achern	DE	Europe/Berlin
Quảng Phú	VN	Asia/Ho_Chi_Minh
Katha	MM	Asia/Yangon
Hartbeespoort	ZA	Africa/Johannesburg
Bessemer	US	America/Chicago
Kemrī	IN	Asia/Kolkata
Merrimack	US	America/New_York
Mtinko	TZ	Africa/Dar_es_Salaam
Babaeski	TR	Europe/Istanbul
Alattūr	IN	Asia/Kolkata
Gamboma	CG	Africa/Brazzaville
Ash Shaykh Zuwayd	EG	Africa/Cairo
Mananjary	MG	Indian/Antananarivo
Vera Cruz	BR	America/Sao_Paulo
Muntok	ID	Asia/Jakarta
Lemon Grove	US	America/Los_Angeles
Bela	IN	Asia/Kolkata
Monfalcone	IT	Europe/Rome
Krishnāpuram	IN	Asia/Kolkata
Goseong	KR	Asia/Seoul
Brasiléia	BR	America/Rio_Branco
Kyrenia	CY	Asia/Famagusta
Kartārpur	IN	Asia/Kolkata
Kalat	PK	Asia/Karachi
Marabella	TT	America/Port_of_Spain
Gwanda	ZW	Africa/Harare
La Mesa	CO	America/Bogota
Māmidālapādu	IN	Asia/Kolkata
Karhal	IN	Asia/Kolkata
Coração de Maria	BR	America/Bahia
Vigneux-sur-Seine	FR	Europe/Paris
Cavaillon	FR	Europe/Paris
Kpozoun	BJ	Africa/Porto-Novo
Lar	IN	Asia/Kolkata
Pitangui	BR	America/Sao_Paulo
Albano Laziale	IT	Europe/Rome
Grodzisk Mazowiecki	PL	Europe/Warsaw
Ath	BE	Europe/Brussels
Kūdligi	IN	Asia/Kolkata
Tekeli	KZ	Asia/Almaty
Kankakee	US	America/Chicago
Praktiseer	ZA	Africa/Johannesburg
Rambouillet	FR	Europe/Paris
Ružomberok	SK	Europe/Bratislava
Sacramento	BR	America/Sao_Paulo
Birine	DZ	Africa/Algiers
Montebelluna	IT	Europe/Rome
Ipís	CR	America/Costa_Rica
Wethersfield	US	America/New_York
Bristol	US	America/New_York
Highbury	GB	Europe/London
Pineda de Mar	ES	Europe/Madrid
Hualmay	PE	America/Lima
McHenry	US	America/Chicago
Benicarló	ES	Europe/Madrid
Cherbourg	FR	Europe/Paris
Holubivka	UA	Europe/Kyiv
Alīganj	IN	Asia/Kolkata
Strausberg	DE	Europe/Berlin
Armentières	FR	Europe/Paris
Villarrobledo	ES	Europe/Madrid
Apan	MX	America/Mexico_City
Stantsiya Novyy Afon	GE	Asia/Tbilisi
Fukuechō	JP	Asia/Tokyo
Al Wajh	SA	Asia/Riyadh
Guabo	EC	America/Guayaquil
Acocks Green	GB	Europe/London
Sibi	ML	Africa/Bamako
Baloda Bāzār	IN	Asia/Kolkata
Francisco I. Madero	MX	America/Monterrey
Manihāri	IN	Asia/Kolkata
Saugus	US	America/New_York
Sé	BJ	Africa/Porto-Novo
Kottur	IN	Asia/Kolkata
Ron Phibun	TH	Asia/Bangkok
Propriá	BR	America/Maceio
Makubetsu	JP	Asia/Tokyo
Kara Suu	KG	Asia/Bishkek
Río Abajo	PA	America/Panama
Dar Chioukh	DZ	Africa/Algiers
Magdalena de Kino	MX	America/Hermosillo
Gubakha	RU	Asia/Yekaterinburg
Stevens Point	US	America/Chicago
Faizpur	IN	Asia/Kolkata
Rayduzhnyi Masyv	UA	Europe/Kyiv
Horta	ES	Europe/Madrid
Cartago	CR	America/Costa_Rica
West Linn	US	America/Los_Angeles
Okuta	NG	Africa/Lagos
Lunel	FR	Europe/Paris
Cobija	BO	America/La_Paz
Nova Esperança	BR	America/Sao_Paulo
Weiterstadt	DE	Europe/Berlin
Shuanglu	CN	Asia/Shanghai
Cayambe	EC	America/Guayaquil
Moscardó	ES	Europe/Madrid
Superior	US	America/Chicago
Cuilo	AO	Africa/Luanda
Dalfsen	NL	Europe/Amsterdam
Coburg	AU	Australia/Melbourne
Mukai-awagasaki	JP	Asia/Tokyo
Valdeacederas	ES	Europe/Madrid
Milliken	CA	America/Toronto
Chiavari	IT	Europe/Rome
Akyurt	TR	Europe/Istanbul
Supía	CO	America/Bogota
Kulp	TR	Europe/Istanbul
Birnin Kudu	NG	Africa/Lagos
Pavlovsk	RU	Europe/Moscow
Ceeldheer	SO	Africa/Mogadishu
Trípoli	GR	Europe/Athens
Okha	RU	Asia/Sakhalin
Diourou	ML	Africa/Bamako
Sidi Akkacha	DZ	Africa/Algiers
Eṭ Ṭīra	IL	Asia/Jerusalem
Manāsa	IN	Asia/Kolkata
Agía Varvára	GR	Europe/Athens
Remseck am Neckar	DE	Europe/Berlin
Teapa	MX	America/Merida
Gibraltar	GI	Europe/Gibraltar
Cachan	FR	Europe/Paris
Fujikawaguchiko	JP	Asia/Tokyo
Barogo	BF	Africa/Ouagadougou
Echemmaia Est	MA	Africa/Casablanca
Sankarapatti	IN	Asia/Kolkata
Veranópolis	BR	America/Sao_Paulo
Mutukula	TZ	Africa/Dar_es_Salaam
Maramba	TZ	Africa/Dar_es_Salaam
Cueto	CU	America/Havana
Tujunga	US	America/Los_Angeles
Shofirkon Shahri	UZ	Asia/Samarkand
Gravina di Catania	IT	Europe/Rome
Nacimiento	CL	America/Santiago
East Grinstead	GB	Europe/London
Le Grand-Quevilly	FR	Europe/Paris
Gose	JP	Asia/Tokyo
Oulad Barhil	MA	Africa/Casablanca
Bongao	PH	Asia/Manila
Níjar	ES	Europe/Madrid
Hennaya	DZ	Africa/Algiers
Azazga	DZ	Africa/Algiers
Songadh	IN	Asia/Kolkata
Greenville	US	America/Chicago
Pauri	IN	Asia/Kolkata
Tosayamadachō-nakano	JP	Asia/Tokyo
Shāhganj	IN	Asia/Kolkata
Magna	US	America/Denver
Ocho Rios	JM	America/Jamaica
Croydon	AU	Australia/Melbourne
Sooretama	BR	America/Sao_Paulo
Jaguarão	BR	America/Sao_Paulo
Waka	ET	Africa/Addis_Ababa
Gurbetē	ET	Africa/Addis_Ababa
Filakit	ET	Africa/Addis_Ababa
Río de Teapa	MX	America/Merida
Las Pintitas	MX	America/Mexico_City
Wyszków	PL	Europe/Warsaw
Mesagne	IT	Europe/Rome
Dhrol	IN	Asia/Kolkata
Batavia	US	America/Chicago
Salor	UZ	Asia/Tashkent
Bielsk Podlaski	PL	Europe/Warsaw
Cantonment	US	America/Chicago
Danvers	US	America/New_York
Pallippatti	IN	Asia/Kolkata
Nizza Millefonti	IT	Europe/Rome
Buy	RU	Europe/Moscow
Boisbriand	CA	America/Toronto
São Martinho	PT	Atlantic/Madeira
Shoreview	US	America/Chicago
Paradise	US	America/Los_Angeles
Fremont	US	America/Chicago
Smithtown	US	America/New_York
Changsu	KR	Asia/Seoul
Pearl	US	America/Chicago
Abbeville	FR	Europe/Paris
Dafengdong	CN	Asia/Shanghai
Bandiagara	ML	Africa/Bamako
El Monte	CL	America/Santiago
Barwāh	IN	Asia/Kolkata
Santa Catalina	PH	Asia/Manila
Câmpia Turzii	RO	Europe/Bucharest
Rumoi	JP	Asia/Tokyo
Gao	BF	Africa/Ouagadougou
Avondale	NZ	Pacific/Auckland
Nantuo	CN	Asia/Shanghai
Tsaratanana	MG	Indian/Antananarivo
Ventersdorp	ZA	Africa/Johannesburg
Estcourt	ZA	Africa/Johannesburg
Flint	GB	Europe/London
Ségbana	BJ	Africa/Porto-Novo
Mansfield City	US	America/New_York
Al Wakrah	QA	Asia/Qatar
Lebrija	ES	Europe/Madrid
Neckarsulm	DE	Europe/Berlin
Luboń	PL	Europe/Warsaw
Canidelo	PT	Europe/Lisbon
Rēzekne	LV	Europe/Riga
Magdalena Atlicpac	MX	America/Mexico_City
Planalto	BR	America/Bahia
Jonava	LT	Europe/Vilnius
Osdorf	DE	Europe/Berlin
Mauganj	IN	Asia/Kolkata
Fajar	SG	Asia/Singapore
Mercerville-Hamilton Square	US	America/New_York
Caravaca	ES	Europe/Madrid
Newton Aycliffe	GB	Europe/London
Kaarela	FI	Europe/Helsinki
Tayu	ID	Asia/Jakarta
Bablāi	IN	Asia/Kolkata
Terdāl	IN	Asia/Kolkata
Nādbai	IN	Asia/Kolkata
Kapellen	BE	Europe/Brussels
North Creek	US	America/Los_Angeles
El Amria	DZ	Africa/Algiers
Lauf an der Pegnitz	DE	Europe/Berlin
Sant Andreu de la Barca	ES	Europe/Madrid
Sprockhövel	DE	Europe/Berlin
Marneuli	GE	Asia/Tbilisi
Esquina	AR	America/Argentina/Cordoba
Cinco Saltos	AR	America/Argentina/Salta
Dougabougou	ML	Africa/Bamako
Carbondale	US	America/Chicago
Kallidaikurichi	IN	Asia/Kolkata
Dibba Al-Hisn	AE	Asia/Dubai
Daud Khel	PK	Asia/Karachi
Westport	US	America/New_York
Yong’an	CN	Asia/Shanghai
Mitha Tiwana	PK	Asia/Karachi
Ryde	AU	Australia/Sydney
La Garenne-Colombes	FR	Europe/Paris
Dellys	DZ	Africa/Algiers
Namapa-erati	MZ	Africa/Maputo
Badagry	NG	Africa/Lagos
Zaltbommel	NL	Europe/Amsterdam
Izegem	BE	Europe/Brussels
Ashton in Makerfield	GB	Europe/London
Kakunyu	TZ	Africa/Dar_es_Salaam
Espelkamp	DE	Europe/Berlin
Kahone	SN	Africa/Dakar
Lundu	MY	Asia/Kuching
Liwá	OM	Asia/Muscat
Universidade Rural	BR	America/Sao_Paulo
Kaisarianí	GR	Europe/Athens
Montigny-lès-Metz	FR	Europe/Paris
San Miniato Basso	IT	Europe/Rome
Parabiago	IT	Europe/Rome
Iwŏn-ŭp	KP	Asia/Pyongyang
Taloda	IN	Asia/Kolkata
Ad Dujayl	IQ	Asia/Baghdad
Metallostroy	RU	Europe/Moscow
Papeete	PF	Pacific/Tahiti
Portishead	GB	Europe/London
Bir Jdid	MA	Africa/Casablanca
Chacarita	CR	America/Costa_Rica
Yuanyang	CN	Asia/Shanghai
Poldokhtar	IR	Asia/Tehran
Matoury	GF	America/Cayenne
Lei Tung	HK	Asia/Hong_Kong
Murugampālaiyam	IN	Asia/Kolkata
Tougan	BF	Africa/Ouagadougou
Kuoyiqi	CN	Asia/Urumqi
Sapouy	BF	Africa/Ouagadougou
Bāgh-e Malek	IR	Asia/Tehran
Caboolture	AU	Australia/Brisbane
Báigōng Jiēdào	CN	Asia/Shanghai
Yalgo	BF	Africa/Ouagadougou
Aplahoué	BJ	Africa/Porto-Novo
Bingen am Rhein	DE	Europe/Berlin
Medina	US	America/New_York
Bay Shore	US	America/New_York
Kahului	US	Pacific/Honolulu
Elói Mendes	BR	America/Sao_Paulo
Rawson	AR	America/Argentina/Catamarca
Zhuyang	CN	Asia/Shanghai
Balakliya	UA	Europe/Kyiv
Bi’r al ‘Abd	EG	Africa/Cairo
Alingsås	SE	Europe/Stockholm
Mon	IN	Asia/Kolkata
Kheri	IN	Asia/Kolkata
Canarana	BR	America/Bahia
Leisure City	US	America/New_York
Onyar	CN	Asia/Urumqi
Bilsi	IN	Asia/Kolkata
Erzin	TR	Europe/Istanbul
Vernon Hills	US	America/Chicago
Yihe	CN	Asia/Shanghai
Moutsamoudou	KM	Indian/Comoro
Al Mālikīyah	SY	Asia/Damascus
Kebili	TN	Africa/Tunis
Hazro City	PK	Asia/Karachi
Durleşti	MD	Europe/Chisinau
Oktyabr’sk	RU	Europe/Samara
Dar el Haj Taïeb	TN	Africa/Tunis
Batalha	BR	America/Fortaleza
Xialu	CN	Asia/Shanghai
Bambesi	ET	Africa/Addis_Ababa
Āt’aye	ET	Africa/Addis_Ababa
La Unión	CL	America/Santiago
Comiso	IT	Europe/Rome
Miyawaka	JP	Asia/Tokyo
Ngunut	ID	Asia/Jakarta
Fray Bentos	UY	America/Montevideo
Zionsville	US	America/Indiana/Indianapolis
Basi	IN	Asia/Kolkata
Āyanchēri	IN	Asia/Kolkata
Sanchez-Mira	PH	Asia/Manila
Wiehl	DE	Europe/Berlin
Guaiúba	BR	America/Fortaleza
Ayorou	NE	Africa/Niamey
Kottūru	IN	Asia/Kolkata
Anjad	IN	Asia/Kolkata
Norco	US	America/Los_Angeles
Isla	MX	America/Mexico_City
Baden	AT	Europe/Vienna
Chinnalapatti	IN	Asia/Kolkata
Budapest V. kerület	HU	Europe/Budapest
San Jerónimo	MX	America/Mexico_City
Narasannapeta	IN	Asia/Kolkata
Wasco	US	America/Los_Angeles
Al ‘Awwāmīyah	SA	Asia/Riyadh
Wah Fu	HK	Asia/Hong_Kong
Saikai	JP	Asia/Tokyo
Westminster-Branson	CA	America/Toronto
Colomadu	ID	Asia/Jakarta
Ongallur-II	IN	Asia/Kolkata
Kokopo	PG	Pacific/Port_Moresby
Pereiaslav	UA	Europe/Kyiv
Mount Pleasant	US	America/Chicago
Nagarote	NI	America/Managua
Piri	AO	Africa/Luanda
Quinze-Vingts	FR	Europe/Paris
Fortuna Foothills	US	America/Phoenix
Rheinbach	DE	Europe/Berlin
Laranjal Paulista	BR	America/Sao_Paulo
Tirmitine	DZ	Africa/Algiers
Westhoughton	GB	Europe/London
Rāmpur	IN	Asia/Kolkata
Reforma	MX	America/Merida
Semiluki	RU	Europe/Moscow
Haqqulobod	UZ	Asia/Tashkent
Mendi	PG	Pacific/Port_Moresby
Pyan Lel Nay Yar Cha Htar Ye	MM	Asia/Yangon
Telerghma	DZ	Africa/Algiers
San Antonio	PH	Asia/Manila
Ariguaní	CO	America/Bogota
Lago Sul	BR	America/Sao_Paulo
Tierralta	CO	America/Bogota
Wanaraja	ID	Asia/Jakarta
Aklera	IN	Asia/Kolkata
Mirganj	IN	Asia/Kolkata
Kūdlu	IN	Asia/Kolkata
Barberton	US	America/New_York
Kināna	SD	Africa/Khartoum
Fleetwood	GB	Europe/London
Kunisaki	JP	Asia/Tokyo
Puerto Colombia	CO	America/Bogota
Tamboril	BR	America/Fortaleza
Kingsville	US	America/Chicago
Tekkalakote	IN	Asia/Kolkata
Indre By	DK	Europe/Copenhagen
Sangzhe	CN	Asia/Shanghai
Statesville	US	America/New_York
Douglas	IM	Europe/Isle_of_Man
Plainview	US	America/New_York
Laurel	US	America/New_York
Igarapava	BR	America/Sao_Paulo
Astorga	BR	America/Sao_Paulo
Diawala	CI	Africa/Abidjan
Água Boa	BR	America/Cuiaba
Frome	GB	Europe/London
Berber	SD	Africa/Khartoum
Carrollton	US	America/New_York
Rizal	PH	Asia/Manila
Çan	TR	Europe/Istanbul
Felana	ET	Africa/Addis_Ababa
Iradan	KG	Asia/Bishkek
Livoberezhnyi Masyv	UA	Europe/Kyiv
Susaki	JP	Asia/Tokyo
Sintra	PT	Europe/Lisbon
Mungaoli	IN	Asia/Kolkata
Ōno-hara	JP	Asia/Tokyo
Ixtaczoquitlán	MX	America/Mexico_City
Eboli	IT	Europe/Rome
Arlon	BE	Europe/Brussels
Congleton	GB	Europe/London
Fedj M’Zala	DZ	Africa/Algiers
Budhlāda	IN	Asia/Kolkata
Sant Martí de Provençals	ES	Europe/Madrid
Weinstadt-Endersbach	DE	Europe/Berlin
la Prosperitat	ES	Europe/Madrid
Diaoubé	SN	Africa/Dakar
Welahan	ID	Asia/Jakarta
Romano Banco	IT	Europe/Rome
Matsubase	JP	Asia/Tokyo
Marolambo	MG	Indian/Antananarivo
Anuppānadi	IN	Asia/Kolkata
Rugeley	GB	Europe/London
Encrucijada	CU	America/Havana
Altınşehir	TR	Europe/Istanbul
Fukagawa	JP	Asia/Tokyo
South Pasadena	US	America/Los_Angeles
Devonport	AU	Australia/Hobart
Hong Kah	SG	Asia/Singapore
Howard Beach	US	America/New_York
Shituo	CN	Asia/Shanghai
Bou Tlelis	DZ	Africa/Algiers
Kaouara	CI	Africa/Abidjan
Maâtkas	DZ	Africa/Algiers
Innoshima	JP	Asia/Tokyo
Marrickville	AU	Australia/Sydney
Reengus	IN	Asia/Kolkata
Ogwashi-Uku	NG	Africa/Lagos
Schmallenberg	DE	Europe/Berlin
Sutrāpāra	IN	Asia/Kolkata
Glen Iris	AU	Australia/Melbourne
Magugu	TZ	Africa/Dar_es_Salaam
Hikarigaoka	JP	Asia/Tokyo
Bandar Sri Sendayan	MY	Asia/Kuala_Lumpur
Hennigsdorf	DE	Europe/Berlin
Camden Town	GB	Europe/London
Santiago Papasquiaro	MX	America/Monterrey
Apaseo el Grande	MX	America/Mexico_City
Englewood	US	America/Chicago
Encontrados	VE	America/Caracas
Marroquina	ES	Europe/Madrid
Maravilha	BR	America/Sao_Paulo
Four Corners	US	America/New_York
Craíbas	BR	America/Maceio
Aksu	KZ	Asia/Almaty
Misburg	DE	Europe/Berlin
Itapuranga	BR	America/Sao_Paulo
Ban Talat Bueng	TH	Asia/Bangkok
South Laurel	US	America/New_York
Garrafão do Norte	BR	America/Belem
Guépaouo	CI	Africa/Abidjan
Stuttgart Mühlhausen	DE	Europe/Berlin
Tōno	JP	Asia/Tokyo
Malazgirt	TR	Europe/Istanbul
Kodoli	IN	Asia/Kolkata
Campos Gerais	BR	America/Sao_Paulo
Lubalo	AO	Africa/Luanda
Asheboro	US	America/New_York
Dimbaza	ZA	Africa/Johannesburg
Camanducaia	BR	America/Sao_Paulo
Bokoro	TD	Africa/Ndjamena
Al ‘Idwah	EG	Africa/Cairo
Phulera	IN	Asia/Kolkata
São José da Lapa	BR	America/Sao_Paulo
Rosario de Lerma	AR	America/Argentina/Salta
Hampton Park	AU	Australia/Melbourne
Tralee	IE	Europe/Dublin
Ḑamad	SA	Asia/Riyadh
Buenaventura Lakes	US	America/New_York
Chellalat el Adhaouara	DZ	Africa/Algiers
Mahates	CO	America/Bogota
Matundasi	TZ	Africa/Dar_es_Salaam
Vanves	FR	Europe/Paris
Colón	AR	America/Argentina/Buenos_Aires
Ciudad de Allende	MX	America/Monterrey
Clinton	US	America/Chicago
Zevenaar	NL	Europe/Amsterdam
Tianwei	TW	Asia/Taipei
Alagoa Grande	BR	America/Fortaleza
El Hadjar	DZ	Africa/Algiers
Mount Pleasant	US	America/Detroit
Dardoq	UZ	Asia/Tashkent
Temse	BE	Europe/Brussels
El Kseur	DZ	Africa/Algiers
Bishop Auckland	GB	Europe/London
San Juan	CR	America/Costa_Rica
Herttoniemi	FI	Europe/Helsinki
Novo Aripuanã	BR	America/Manaus
Mashiko	JP	Asia/Tokyo
Sungai Udang	MY	Asia/Kuala_Lumpur
Szczytno	PL	Europe/Warsaw
Costa Rica	BR	America/Campo_Grande
Yabayo	CI	Africa/Abidjan
Vernon	FR	Europe/Paris
Conde	BR	America/Bahia
Renigunta	IN	Asia/Kolkata
Fischeln	DE	Europe/Berlin
Piracaia	BR	America/Sao_Paulo
Basi	IN	Asia/Kolkata
Twentynine Palms	US	America/Los_Angeles
Old Harbour	JM	America/Jamaica
Garmisch-Partenkirchen	DE	Europe/Berlin
Al Fūlah	SD	Africa/Khartoum
El Zulia	CO	America/Bogota
Zouma	CN	Asia/Shanghai
Khoni	IN	Asia/Kolkata
Vileyka	BY	Europe/Minsk
Ocoyoacac	MX	America/Mexico_City
Areraj	IN	Asia/Kolkata
Muttanampālaiyam	IN	Asia/Kolkata
Nggosi	SB	Pacific/Guadalcanal
Oulad Ayad	MA	Africa/Casablanca
Mercedes Norte	CR	America/Costa_Rica
Guadalupe	CR	America/Costa_Rica
Huntley	US	America/Chicago
Lawas	MY	Asia/Kuching
Al Furjan	AE	Asia/Dubai
Arenillas	EC	America/Guayaquil
Northolt	GB	Europe/London
Saaxo	SO	Africa/Mogadishu
Ishqoshim	TJ	Asia/Dushanbe
Didim	TR	Europe/Istanbul
Pennsport	US	America/New_York
Poytug‘	UZ	Asia/Tashkent
Junnar	IN	Asia/Kolkata
São João dos Patos	BR	America/Fortaleza
Mehsi	IN	Asia/Kolkata
Edavai	IN	Asia/Kolkata
Zawyat an Nwaçer	MA	Africa/Casablanca
Mangaldai	IN	Asia/Kolkata
Taman OUG	MY	Asia/Kuala_Lumpur
Montreux	CH	Europe/Zurich
Carmen de Patagones	AR	America/Argentina/Buenos_Aires
Melgar	CO	America/Bogota
Oisterwijk	NL	Europe/Amsterdam
Naduvannūr	IN	Asia/Kolkata
Harelbeke	BE	Europe/Brussels
Kluczbork	PL	Europe/Warsaw
Xenia	US	America/New_York
Garbagnate Milanese	IT	Europe/Rome
Paço de Arcos	PT	Europe/Lisbon
Maracanã	BR	America/Belem
Kamo	JP	Asia/Tokyo
Wałcz	PL	Europe/Warsaw
Marín	ES	Europe/Madrid
Reisterstown	US	America/New_York
Leiderdorp	NL	Europe/Amsterdam
Villa Nueva	AR	America/Argentina/Cordoba
Ankazoabo	MG	Indian/Antananarivo
Encruzilhada do Sul	BR	America/Sao_Paulo
Hmaw Bi	MM	Asia/Yangon
Kokologo	BF	Africa/Ouagadougou
Novi Ligure	IT	Europe/Rome
Falconara Marittima	IT	Europe/Rome
Gressier	HT	America/Port-au-Prince
Krishnarājpet	IN	Asia/Kolkata
Tirāwari	IN	Asia/Kolkata
Kubinka	RU	Europe/Moscow
Si Satchanalai	TH	Asia/Bangkok
Santo António	PT	Atlantic/Madeira
São Mamede de Infesta	PT	Europe/Lisbon
Hayashino	JP	Asia/Tokyo
Telabastagan	PH	Asia/Manila
Murici	BR	America/Maceio
Mannachanallur	IN	Asia/Kolkata
Periyanayakkanpalaiyam	IN	Asia/Kolkata
Kālol	IN	Asia/Kolkata
Kuttikkāttūr	IN	Asia/Kolkata
Savigny-le-Temple	FR	Europe/Paris
Longchi	CN	Asia/Shanghai
Dano	BF	Africa/Ouagadougou
Jaynagar Majilpur	IN	Asia/Kolkata
Sagara	JP	Asia/Tokyo
Kailāras	IN	Asia/Kolkata
Shaykh Miskīn	SY	Asia/Damascus
Wuma	CN	Asia/Shanghai
Tamra	IL	Asia/Jerusalem
Giussano	IT	Europe/Rome
Alice Springs	AU	Australia/Darwin
Herentals	BE	Europe/Brussels
Hammam Bou Hadjar	DZ	Africa/Algiers
Vrbas	RS	Europe/Belgrade
Kaltan	RU	Asia/Novokuznetsk
Siyazan	AZ	Asia/Baku
Milagres	BR	America/Fortaleza
La Virginia	CO	America/Bogota
Ozëry	RU	Europe/Moscow
Nev’yansk	RU	Asia/Yekaterinburg
Stara Darnytsya	UA	Europe/Kyiv
Podil	UA	Europe/Kyiv
Central 14th Street / Spring Road	US	America/New_York
Chīpurupalle	IN	Asia/Kolkata
Green	US	America/New_York
Brawley	US	America/Los_Angeles
Scandiano	IT	Europe/Rome
Delitzsch	DE	Europe/Berlin
Miguel Calmon	BR	America/Bahia
Iringal	IN	Asia/Kolkata
Sham Tseng	HK	Asia/Hong_Kong
Dunga Bunga	PK	Asia/Karachi
Jamjodhpur	IN	Asia/Kolkata
Yukon	US	America/Chicago
Treinta y Tres	UY	America/Montevideo
Nordenham	DE	Europe/Berlin
Lepe	ES	Europe/Madrid
Chumukedima	IN	Asia/Kolkata
La Oliva	ES	Atlantic/Canary
Thodiyoor	IN	Asia/Kolkata
Sofiivska Borschahivka	UA	Europe/Kyiv
Ellendale	US	America/Chicago
Ginan	JP	Asia/Tokyo
Beltline	CA	America/Edmonton
Inner Huai Khwang	TH	Asia/Bangkok
Linxi	CN	Asia/Shanghai
Dole	FR	Europe/Paris
Nalhāti	IN	Asia/Kolkata
Jāmul	IN	Asia/Kolkata
Opportunity	US	America/Los_Angeles
Aserrí	CR	America/Costa_Rica
Rhyl	GB	Europe/London
Kāladi	IN	Asia/Kolkata
Shimo-furano	JP	Asia/Tokyo
Luotang	CN	Asia/Shanghai
Tōyō	JP	Asia/Tokyo
Villeneuve-sur-Lot	FR	Europe/Paris
Catandica	MZ	Africa/Maputo
Allerød	DK	Europe/Copenhagen
Forest Hills	US	America/Detroit
Santa Isabel do Rio Negro	BR	America/Manaus
Mégrine	TN	Africa/Tunis
Muhamma	IN	Asia/Kolkata
Qo‘rg‘ontepa	UZ	Asia/Tashkent
Cumanacoa	VE	America/Caracas
Formosa do Rio Preto	BR	America/Bahia
Semboku	JP	Asia/Tokyo
Ponmundam	IN	Asia/Kolkata
Mulamthuruthy	IN	Asia/Kolkata
Gokarna	IN	Asia/Kolkata
Canarana	BR	America/Cuiaba
Ureshinomachi-shimojuku	JP	Asia/Tokyo
Hertford	GB	Europe/London
Ganguwa	IN	Asia/Kolkata
Raisio	FI	Europe/Helsinki
Koregaon	IN	Asia/Kolkata
Kāndla	IN	Asia/Kolkata
Świecie	PL	Europe/Warsaw
Lafayette	US	America/Los_Angeles
Óhegy	HU	Europe/Budapest
Krasnoarmeysk	RU	Europe/Saratov
Artvin	TR	Europe/Istanbul
Maao	PH	Asia/Manila
Almassora	ES	Europe/Madrid
Ramsey	US	America/Chicago
Fokino	RU	Asia/Vladivostok
Güroymak	TR	Europe/Istanbul
Amizour	DZ	Africa/Algiers
Suitland	US	America/New_York
Neapoli	GR	Europe/Athens
Sokoni	TZ	Africa/Dar_es_Salaam
Suşehri	TR	Europe/Istanbul
Huolu	CN	Asia/Shanghai
Erannoli	IN	Asia/Kolkata
Pleasure Ridge Park	US	America/Kentucky/Louisville
Rosedale	US	America/New_York
Terlizzi	IT	Europe/Rome
Acatzingo	MX	America/Mexico_City
Tha Kham	TH	Asia/Bangkok
Shahrak-e Ţāleqānī	IR	Asia/Tehran
Altona-Nord	DE	Europe/Berlin
Maksenyit	ET	Africa/Addis_Ababa
Kārkala	IN	Asia/Kolkata
Severobaykal’sk	RU	Asia/Irkutsk
Tatarka	UA	Europe/Kyiv
New Lenox	US	America/Chicago
Marco	BR	America/Fortaleza
Madison	US	America/Chicago
Bay Street Corridor	CA	America/Toronto
Neenah	US	America/Chicago
Dārwha	IN	Asia/Kolkata
Alvin	US	America/Chicago
Vaudreuil-Dorion	CA	America/Toronto
Břeclav	CZ	Europe/Prague
Chhota Udepur	IN	Asia/Kolkata
Les Ulis	FR	Europe/Paris
Tōin	JP	Asia/Tokyo
Teluk Dalam	ID	Asia/Jakarta
Marseille 02	FR	Europe/Paris
Bečej	RS	Europe/Belgrade
Pāveh	IR	Asia/Tehran
Gueznaia	MA	Africa/Casablanca
Strathfield	AU	Australia/Sydney
Almozara	ES	Europe/Madrid
Novo Progresso	BR	America/Santarem
Sarubetsu	JP	Asia/Tokyo
Santa Quitéria do Maranhão	BR	America/Fortaleza
Didouche Mourad	DZ	Africa/Algiers
Omigawa	JP	Asia/Tokyo
La Bonanova	ES	Europe/Madrid
Avanigadda	IN	Asia/Kolkata
Mornington	AU	Australia/Melbourne
Villanueva de la Serena	ES	Europe/Madrid
Key West	US	America/New_York
Río Guayabal de Yateras	CU	America/Havana
Mussoorie	IN	Asia/Kolkata
Koper	SI	Europe/Ljubljana
Lopez	PH	Asia/Manila
Almonte	ES	Europe/Madrid
Tecax	MX	America/Merida
Český Těšín	CZ	Europe/Prague
Kuttippuram	IN	Asia/Kolkata
Punaauia	PF	Pacific/Tahiti
Cangas do Morrazo	ES	Europe/Madrid
Jaleshwar	IN	Asia/Kolkata
Retreat	ZA	Africa/Johannesburg
Kushikino	JP	Asia/Tokyo
Felipe Carrillo Puerto	MX	America/Cancun
Machachi	EC	America/Guayaquil
Cruzeiro	BR	America/Sao_Paulo
Linjiang	CN	Asia/Shanghai
Idstein	DE	Europe/Berlin
Haysyn	UA	Europe/Kyiv
Zirndorf	DE	Europe/Berlin
Néa Filadélfeia	GR	Europe/Athens
Geldermalsen	NL	Europe/Amsterdam
Randolph	US	America/New_York
Tosa	JP	Asia/Tokyo
Żagań	PL	Europe/Warsaw
Temple Terrace	US	America/New_York
Bandar-e Deylam	IR	Asia/Tehran
Jais	IN	Asia/Kolkata
Wilmslow	GB	Europe/London
Owatonna	US	America/Chicago
Staveley	GB	Europe/London
Kłodzko	PL	Europe/Warsaw
Anaime	CO	America/Bogota
Yanzibu	CN	Asia/Shanghai
Kallam	IN	Asia/Kolkata
Bresso	IT	Europe/Rome
Raojān	BD	Asia/Dhaka
Pawāyan	IN	Asia/Kolkata
Homewood	US	America/Chicago
Monsefú	PE	America/Lima
Sahuarita	US	America/Phoenix
Thetford-Mines	CA	America/Toronto
Los Palacios	CU	America/Havana
Aş Şanamayn	SY	Asia/Damascus
Melouza	DZ	Africa/Algiers
Valente Diaz	MX	America/Mexico_City
Mogtédo	BF	Africa/Ouagadougou
Rummelsburg	DE	Europe/Berlin
Oyonnax	FR	Europe/Paris
Narutō	JP	Asia/Tokyo
Berruguete	ES	Europe/Madrid
Imsil	KR	Asia/Seoul
Irugūr	IN	Asia/Kolkata
Diébougou	BF	Africa/Ouagadougou
Krasnoarmeysk	RU	Europe/Moscow
Centretown	CA	America/Toronto
Nabua	PH	Asia/Manila
Olpe	DE	Europe/Berlin
Jevargi	IN	Asia/Kolkata
Maple Valley	US	America/Los_Angeles
Jumilla	ES	Europe/Madrid
Az Zahrā’	LY	Africa/Tripoli
Huejotzingo	MX	America/Mexico_City
Walnut Grove	CA	America/Vancouver
Zavodoukovsk	RU	Asia/Yekaterinburg
Guaraí	BR	America/Araguaina
Coleraine	GB	Europe/London
Farnworth	GB	Europe/London
Arnstadt	DE	Europe/Berlin
Mechcheri	IN	Asia/Kolkata
Migdal Ha‘Emeq	IL	Asia/Jerusalem
Silao	IN	Asia/Kolkata
Tchamba	TG	Africa/Lome
Mufumbwe	ZM	Africa/Lusaka
Tacámbaro de Codallos	MX	America/Mexico_City
Khajuraho Group of Monuments	IN	Asia/Kolkata
Silapathar	IN	Asia/Kolkata
Al-'Alam	IQ	Asia/Baghdad
Noborito	JP	Asia/Tokyo
Hazelwood	US	America/Chicago
Troy	US	America/New_York
Dākor	IN	Asia/Kolkata
Tall Rif‘at	SY	Asia/Damascus
Sepuka	TZ	Africa/Dar_es_Salaam
Coquitlam West	CA	America/Vancouver
Yoshii	JP	Asia/Tokyo
Sydney Central Business District	AU	Australia/Sydney
Horb am Neckar	DE	Europe/Berlin
Wadgaon	IN	Asia/Kolkata
Ḩaql	SA	Asia/Riyadh
Shanghuang	CN	Asia/Shanghai
Wągrowiec	PL	Europe/Warsaw
Aschersleben	DE	Europe/Berlin
Kirimbi	RW	Africa/Kigali
Lemoore	US	America/Los_Angeles
Marcavelica	PE	America/Lima
Hjørring	DK	Europe/Copenhagen
Rustāq	AF	Asia/Kabul
Kelīshād va Sūdarjān	IR	Asia/Tehran
Karor	PK	Asia/Karachi
Núi Sập	VN	Asia/Ho_Chi_Minh
Deori Khās	IN	Asia/Kolkata
Jandiāla	IN	Asia/Kolkata
Tejupilco de Hidalgo	MX	America/Mexico_City
Baima	CN	Asia/Shanghai
Concepcion Ibaba	PH	Asia/Manila
Balakrishnapuram	IN	Asia/Kolkata
Mint Hill	US	America/New_York
Ridgewood	US	America/New_York
Clydebank	GB	Europe/London
Bang Pakong	TH	Asia/Bangkok
Herdecke	DE	Europe/Berlin
Cangkat Jong	MY	Asia/Kuala_Lumpur
Piraí do Sul	BR	America/Sao_Paulo
Kot Diji	PK	Asia/Karachi
Igaci	BR	America/Maceio
Ogikubo	JP	Asia/Tokyo
Frauenfeld	CH	Europe/Zurich
Panayāttur Vadakkumbhāgam	IN	Asia/Kolkata
White River	ZA	Africa/Johannesburg
Quinta Do Conde	PT	Europe/Lisbon
Qilian	CN	Asia/Shanghai
Rinteln	DE	Europe/Berlin
Khān Neshīn	AF	Asia/Kabul
Metemma	ET	Africa/Addis_Ababa
Yehud	IL	Asia/Jerusalem
Lukaya	UG	Africa/Kampala
Malinau	ID	Asia/Makassar
‘Aţārūt	PS	Asia/Hebron
Long Island City	US	America/New_York
Urucurituba	BR	America/Manaus
Oullins	FR	Europe/Paris
Mount Gambier	AU	Australia/Adelaide
Mochibaru	JP	Asia/Tokyo
Le Creusot	FR	Europe/Paris
Bacoli	IT	Europe/Rome
Riyāḑ al Khabrā’	SA	Asia/Riyadh
Cabot	US	America/Chicago
Amandelbult	ZA	Africa/Johannesburg
Xituo	CN	Asia/Shanghai
Jarocin	PL	Europe/Warsaw
Pāsighāt	IN	Asia/Kolkata
Rhawnhurst	US	America/New_York
Kheda	IN	Asia/Kolkata
Qacha’s Nek	LS	Africa/Maseru
Nagar	IN	Asia/Kolkata
Eket	NG	Africa/Lagos
Reedley	US	America/Los_Angeles
Kamba	NG	Africa/Lagos
Ad-Dindar	SD	Africa/Khartoum
Soure	BR	America/Belem
São João Nepomuceno	BR	America/Sao_Paulo
Bafut	CM	Africa/Douala
el Baix Guinardó	ES	Europe/Madrid
Heemstede	NL	Europe/Amsterdam
Edgewood	US	America/New_York
Shek Kip Mei Estate	HK	Asia/Hong_Kong
Batabo	SY	Asia/Damascus
Meadow Woods	US	America/New_York
Beuningen	NL	Europe/Amsterdam
South Portland	US	America/New_York
Downtown Halifax	CA	America/Halifax
Viswanatham	IN	Asia/Kolkata
Valle de Bravo	MX	America/Mexico_City
Aracoiaba	BR	America/Fortaleza
Kamalāpuram	IN	Asia/Kolkata
Ekazhevo	RU	Europe/Moscow
Zhongxing New Village	TW	Asia/Taipei
New Milton	GB	Europe/London
Nubl	SY	Asia/Damascus
Poranki	IN	Asia/Kolkata
Castelfranco Veneto	IT	Europe/Rome
Übach-Palenberg	DE	Europe/Berlin
Shāhedshahr	IR	Asia/Tehran
Oltiariq	UZ	Asia/Tashkent
Pangkalan Brandan	ID	Asia/Jakarta
Val-d'Or	CA	America/Toronto
Parangipettai	IN	Asia/Kolkata
Anjozorobe	MG	Indian/Antananarivo
West Whittier-Los Nietos	US	America/Los_Angeles
Andipalayam	IN	Asia/Kolkata
Sakuradai	JP	Asia/Tokyo
Panorama Hills	CA	America/Edmonton
Ganghwa-gun	KR	Asia/Seoul
Lebanon	US	America/New_York
Tougué	GN	Africa/Conakry
Adampur	IN	Asia/Kolkata
Kakkanad	IN	Asia/Kolkata
Coulsdon	GB	Europe/London
Jacutinga	BR	America/Sao_Paulo
Vilapicina i la Torre Llobeta	ES	Europe/Madrid
Crowthorne	GB	Europe/London
Ōwa	JP	Asia/Tokyo
Mar de Ajó	AR	America/Argentina/Buenos_Aires
Arame	BR	America/Fortaleza
San Vicente de Cañete	PE	America/Lima
Meckenheim	DE	Europe/Berlin
Helmstedt	DE	Europe/Berlin
Indāpur	IN	Asia/Kolkata
Subaykhān	SY	Asia/Damascus
Hawarden	GB	Europe/London
Ninohe	JP	Asia/Tokyo
Kireyevsk	RU	Europe/Moscow
Taquaritinga do Norte	BR	America/Recife
Nakatsukuma	JP	Asia/Tokyo
Rottweil	DE	Europe/Berlin
Mixquiahuala de Juárez	MX	America/Mexico_City
Talikkulam	IN	Asia/Kolkata
Luzilândia	BR	America/Fortaleza
Colonelganj	IN	Asia/Kolkata
The Palm Jumeirah	AE	Asia/Dubai
Sendafa	ET	Africa/Addis_Ababa
Yoshida-kasugachō	JP	Asia/Tokyo
SS2	MY	Asia/Kuala_Lumpur
Quart de Poblet	ES	Europe/Madrid
Zanesville	US	America/New_York
Prince Edward	CA	America/Toronto
Mehndāwal	IN	Asia/Kolkata
Soko	ID	Asia/Jakarta
Koelwār	IN	Asia/Kolkata
Xiasi	CN	Asia/Shanghai
Colleyville	US	America/Chicago
Bungku	ID	Asia/Makassar
Salaga	GH	Africa/Accra
Tupaciguara	BR	America/Sao_Paulo
Hornchurch	GB	Europe/London
Navrongo	GH	Africa/Accra
Quintana	ES	Europe/Madrid
Harūr	IN	Asia/Kolkata
Duiven	NL	Europe/Amsterdam
Canton	US	America/New_York
Repelón	CO	America/Bogota
Thatcham	GB	Europe/London
Dongen	NL	Europe/Amsterdam
Luénoufla	CI	Africa/Abidjan
Mmopone	BW	Africa/Gaborone
Senador Pompeu	BR	America/Fortaleza
Bannūr	IN	Asia/Kolkata
Mūl	IN	Asia/Kolkata
Heppenheim an der Bergstrasse	DE	Europe/Berlin
Saddleworth	GB	Europe/London
Moskháton	GR	Europe/Athens
Ossining	US	America/New_York
Hŭkkyo-ri	KP	Asia/Pyongyang
Motatán	VE	America/Caracas
Três Passos	BR	America/Sao_Paulo
Kuttampuzha	IN	Asia/Kolkata
Queimadas	BR	America/Bahia
Karuva	IN	Asia/Kolkata
Salem	US	America/New_York
Malemba-Nkulu	CD	Africa/Lubumbashi
Aţ Ţafīlah	JO	Asia/Amman
Ayutuxtepeque	SV	America/El_Salvador
Mwinilunga	ZM	Africa/Lusaka
Dorāha	IN	Asia/Kolkata
Koothanallur	IN	Asia/Kolkata
Zelino	MK	Europe/Skopje
Limonar	CU	America/Havana
Pfungstadt	DE	Europe/Berlin
Rickmansworth	GB	Europe/London
Khātegaon	IN	Asia/Kolkata
Neietsu	KR	Asia/Seoul
San Rafael	CR	America/Costa_Rica
Burlington	US	America/Chicago
Capão do Leão	BR	America/Sao_Paulo
Saratoga Springs	US	America/Denver
Nīlēshwar	IN	Asia/Kolkata
Kamimaruko	JP	Asia/Tokyo
Tocopilla	CL	America/Santiago
Idaga Hamus	ET	Africa/Addis_Ababa
Chinahsen	ET	Africa/Addis_Ababa
Worabe	ET	Africa/Addis_Ababa
Majuro	MH	Pacific/Majuro
Utena	LT	Europe/Vilnius
Querecotillo	PE	America/Lima
Elmadağ	TR	Europe/Istanbul
Pudsey	GB	Europe/London
Kamaqhekeza	ZA	Africa/Johannesburg
Pérama	GR	Europe/Athens
Mpongwe	ZM	Africa/Lusaka
Bom Jesus	BR	America/Fortaleza
Lamu	KE	Africa/Nairobi
Showţ	IR	Asia/Tehran
Ixtepec	MX	America/Mexico_City
Ibatiba	BR	America/Sao_Paulo
Saraj	MK	Europe/Skopje
Melrose Park	US	America/Chicago
Edaicode	IN	Asia/Kolkata
Coração de Jesus	BR	America/Sao_Paulo
Ouled Mimoun	DZ	Africa/Algiers
Guadalupe	PE	America/Lima
Hénin-Beaumont	FR	Europe/Paris
Salamína	GR	Europe/Athens
Diego Martin	TT	America/Port_of_Spain
Starkville	US	America/Chicago
Omutninsk	RU	Europe/Kirov
Rhosllannerchrugog	GB	Europe/London
Qiryat Mal’akhi	IL	Asia/Jerusalem
Kadakkavoor	IN	Asia/Kolkata
Dolynska	UA	Europe/Kyiv
Haludbani	IN	Asia/Kolkata
Shardara	KZ	Asia/Almaty
King Khalid Military City	SA	Asia/Riyadh
Ituporanga	BR	America/Sao_Paulo
Pita	GN	Africa/Conakry
Arcos	ES	Europe/Madrid
Witham	GB	Europe/London
Wassenaar	NL	Europe/Amsterdam
Veghel	NL	Europe/Amsterdam
Nerekhta	RU	Europe/Moscow
Coloncito	VE	America/Caracas
Nelidovo	RU	Europe/Moscow
Pirapozinho	BR	America/Sao_Paulo
Bad Honnef	DE	Europe/Berlin
Traun	AT	Europe/Vienna
Wierden	NL	Europe/Amsterdam
Chāndor	IN	Asia/Kolkata
Orvault	FR	Europe/Paris
Sundarnagar	IN	Asia/Kolkata
Waddinxveen	NL	Europe/Amsterdam
Karungappalli	IN	Asia/Kolkata
Amarpur	IN	Asia/Kolkata
Lochearn	US	America/New_York
Gadkhol	IN	Asia/Kolkata
Jiwani	PK	Asia/Karachi
Chanhassen	US	America/Chicago
Markkleeberg	DE	Europe/Berlin
Profesor Salvador Mazza	AR	America/Argentina/Salta
Banganapalle	IN	Asia/Kolkata
Yushkovo	RU	Europe/Moscow
Anajatuba	BR	America/Fortaleza
Arizona	HN	America/Tegucigalpa
Khánh Hòa	VN	Asia/Ho_Chi_Minh
Pangil	PH	Asia/Manila
Vynohradiv	UA	Europe/Kyiv
Obertshausen	DE	Europe/Berlin
Aïn Arnat	DZ	Africa/Algiers
Hercules	US	America/Los_Angeles
Guamal	CO	America/Bogota
Vohibinany	MG	Indian/Antananarivo
Emiliano Zapata	MX	America/Mexico_City
Panjim	CN	Asia/Urumqi
Anūpshahr	IN	Asia/Kolkata
Cabagan	PH	Asia/Manila
Galt	US	America/Los_Angeles
Jalālābad	IN	Asia/Kolkata
Thamaga	BW	Africa/Gaborone
Abala	ET	Africa/Addis_Ababa
Újszeged	HU	Europe/Budapest
Requena	PE	America/Lima
Quillabamba	PE	America/Lima
Chitaguppa	IN	Asia/Kolkata
Nantou	CN	Asia/Shanghai
Dimtu	ET	Africa/Addis_Ababa
Nanchital de Lázaro Cárdenas del Río	MX	America/Mexico_City
Daura	NG	Africa/Lagos
Pszczyna	PL	Europe/Warsaw
Griesheim	DE	Europe/Berlin
Zittau	DE	Europe/Berlin
Prior Lake	US	America/Chicago
Northcote	AU	Australia/Melbourne
Castlewood	US	America/Denver
Bābra	IN	Asia/Kolkata
Aimorés	BR	America/Sao_Paulo
Guaporé	BR	America/Sao_Paulo
Phú Quý	VN	Asia/Ho_Chi_Minh
Shamsābād	IN	Asia/Kolkata
Tanabi	BR	America/Sao_Paulo
Ibrā’	OM	Asia/Muscat
Kithor	IN	Asia/Kolkata
Reinbek	DE	Europe/Berlin
Kallūr Vadakummuri	IN	Asia/Kolkata
La Guaira	VE	America/Caracas
Guanajay	CU	America/Havana
Itogawa	JP	Asia/Tokyo
Assemini	IT	Europe/Rome
Grandview	US	America/Chicago
Clinton	US	America/Chicago
Wolfen	DE	Europe/Berlin
Cândido Sales	BR	America/Bahia
Machhlīshahr	IN	Asia/Kolkata
Kinzan	KR	Asia/Seoul
Yarmouth	US	America/New_York
Surif City	PS	Asia/Hebron
Choi Wan Estate (I & II)	HK	Asia/Hong_Kong
South Yarra	AU	Australia/Melbourne
Luanda	GW	Africa/Bissau
Goldasht	IR	Asia/Tehran
Petrila	RO	Europe/Bucharest
Tebedu	MY	Asia/Kuching
Hervanta	FI	Europe/Helsinki
Sainte-Thérèse	CA	America/Toronto
Sapanca	TR	Europe/Istanbul
Donghol-Sigon	GN	Africa/Conakry
Steveston	CA	America/Vancouver
Ijūin	JP	Asia/Tokyo
Rumphi	MW	Africa/Blantyre
Yuriria	MX	America/Mexico_City
Varel	DE	Europe/Berlin
Sandusky	US	America/New_York
Zou	CI	Africa/Abidjan
Reguiba	DZ	Africa/Algiers
Gros Islet	LC	America/St_Lucia
Balch Springs	US	America/Chicago
Mata Grande	BR	America/Maceio
Bagha Purana	IN	Asia/Kolkata
White Bear Lake	US	America/Chicago
Bhānder	IN	Asia/Kolkata
Vilyuchinsk	RU	Asia/Kamchatka
Maaseik	BE	Europe/Brussels
Brodowski	BR	America/Sao_Paulo
Coudekerque-Branche	FR	Europe/Paris
Chaska	US	America/Chicago
Taquari	BR	America/Sao_Paulo
Limoeiro de Anadia	BR	America/Maceio
Chai Badan	TH	Asia/Bangkok
Azhikkōd	IN	Asia/Kolkata
Pico Truncado	AR	America/Argentina/Rio_Gallegos
Uttiramerūr	IN	Asia/Kolkata
Harvey	US	America/Chicago
Dasūya	IN	Asia/Kolkata
Gursarāi	IN	Asia/Kolkata
Lučenec	SK	Europe/Bratislava
Middle River	US	America/New_York
Woodstock	US	America/Chicago
Mostovskoy	RU	Europe/Moscow
Murree	PK	Asia/Karachi
Piranhas	BR	America/Maceio
Pāonta Sāhib	IN	Asia/Kolkata
Erlun	TW	Asia/Taipei
Tirorā	IN	Asia/Kolkata
Itaí	BR	America/Sao_Paulo
Gelibolu	TR	Europe/Istanbul
Ardmore	US	America/Chicago
Lockport	US	America/Chicago
Woodburn	US	America/Los_Angeles
Malyn	UA	Europe/Kyiv
Nacka	SE	Europe/Stockholm
Phumĭ Véal Tônsay	KH	Asia/Phnom_Penh
Ciudad Altamirano	MX	America/Mexico_City
Fuhuan	CN	Asia/Shanghai
Netphen	DE	Europe/Berlin
Ambohidratrimo	MG	Indian/Antananarivo
Berchem-Sainte-Agathe	BE	Europe/Brussels
Coihueco	CL	America/Santiago
Álamo	MX	America/Mexico_City
Watermael-Boitsfort	BE	Europe/Brussels
Prachin Buri Town	TH	Asia/Bangkok
Kağızman	TR	Europe/Istanbul
Butzbach	DE	Europe/Berlin
Wyandotte	US	America/Detroit
Vezirköprü	TR	Europe/Istanbul
Oga	JP	Asia/Tokyo
Herblay-sur-Seine	FR	Europe/Paris
Bardsīr	IR	Asia/Tehran
Wendou Borou	GN	Africa/Conakry
Ommoord	NL	Europe/Amsterdam
Tatarsk	RU	Asia/Novosibirsk
Zhoubai	CN	Asia/Shanghai
Teluk Nibung	ID	Asia/Jakarta
Rājgurunagar	IN	Asia/Kolkata
Santa Ana	PE	America/Lima
Luchingu	TZ	Africa/Dar_es_Salaam
Flémalle-Haute	BE	Europe/Brussels
Enzan	JP	Asia/Tokyo
Bologoye	RU	Europe/Moscow
Chatswood	AU	Australia/Sydney
Victoria	AR	America/Argentina/Cordoba
Saryaghash	KZ	Asia/Almaty
Makó	HU	Europe/Budapest
Ban Xénô	LA	Asia/Vientiane
Mauldin	US	America/New_York
Pottaneri Nallakavundanpatti	IN	Asia/Kolkata
Belvidere	US	America/Chicago
Sidi Mérouane	DZ	Africa/Algiers
Kamaruddinnagar	IN	Asia/Kolkata
Gauripur	IN	Asia/Kolkata
Rānia	IN	Asia/Kolkata
Phước An	VN	Asia/Ho_Chi_Minh
Awati	CN	Asia/Urumqi
Tanjungtiram	ID	Asia/Jakarta
Mugalivakkam	IN	Asia/Kolkata
Blackheath	GB	Europe/London
Thazhecode	IN	Asia/Kolkata
Yamazakichō-nakabirose	JP	Asia/Tokyo
Ayala Alabang	PH	Asia/Manila
Saiha	IN	Asia/Kolkata
Mosbach	DE	Europe/Berlin
Chinna Salem	IN	Asia/Kolkata
Āshkhāneh	IR	Asia/Tehran
Cuautlancingo	MX	America/Mexico_City
Canhotinho	BR	America/Recife
Fuzuli	AZ	Asia/Baku
El Fahs	TN	Africa/Tunis
Xuân Mai	VN	Asia/Ho_Chi_Minh
Palos de Moguer	ES	Europe/Madrid
Changxin	CN	Asia/Shanghai
Vayalār	IN	Asia/Kolkata
Ganei Tikva	IL	Asia/Jerusalem
Valls	ES	Europe/Madrid
Sanchaba	GM	Africa/Banjul
Raqo	ET	Africa/Addis_Ababa
Budaörs	HU	Europe/Budapest
Akune	JP	Asia/Tokyo
Sandomierz	PL	Europe/Warsaw
Pinheiral	BR	America/Sao_Paulo
Roth	DE	Europe/Berlin
Ris-Orangis	FR	Europe/Paris
Hachimantai	JP	Asia/Tokyo
Las Flores	AR	America/Argentina/Buenos_Aires
Ahraura	IN	Asia/Kolkata
Lushan	CN	Asia/Shanghai
Rampachodavaram	IN	Asia/Kolkata
Villaricca	IT	Europe/Rome
Hannoversch Münden	DE	Europe/Berlin
Māngrol	IN	Asia/Kolkata
Campechuela	CU	America/Havana
Akyazı	TR	Europe/Istanbul
Pirenópolis	BR	America/Sao_Paulo
Belluno	IT	Europe/Rome
Ishii	JP	Asia/Tokyo
Shrīrangapattana	IN	Asia/Kolkata
Moscow	US	America/Los_Angeles
Rioja	PE	America/Lima
Longcheng	CN	Asia/Shanghai
Milford	US	America/New_York
Ambam	CM	Africa/Douala
West Memphis	US	America/Chicago
Stonegate-Queensway	CA	America/Toronto
Kharkhauda	IN	Asia/Kolkata
Kantai	IN	Asia/Kolkata
Santa Perpètua de Mogoda	ES	Europe/Madrid
Santa Cruz de los Taques	VE	America/Caracas
Ust’-Katav	RU	Asia/Yekaterinburg
Kanigiri	IN	Asia/Kolkata
Athens	US	America/New_York
Chengannūr	IN	Asia/Kolkata
Vught	NL	Europe/Amsterdam
Mercer Island	US	America/Los_Angeles
Lady Frere	ZA	Africa/Johannesburg
Elgin	GB	Europe/London
Sohāgpur	IN	Asia/Kolkata
Lempäälä	FI	Europe/Helsinki
Wolfsberg	AT	Europe/Vienna
Hattersheim	DE	Europe/Berlin
Chandauli	IN	Asia/Kolkata
Sīwah	EG	Africa/Cairo
Rumāḩ	SA	Asia/Riyadh
Bridgeton	US	America/New_York
Batu Berendam	MY	Asia/Kuala_Lumpur
Boussé	BF	Africa/Ouagadougou
Kanbalu	MM	Asia/Yangon
Doncaster	AU	Australia/Melbourne
Yahyalı	TR	Europe/Istanbul
Christiana	ZA	Africa/Johannesburg
Nepomuceno	BR	America/Sao_Paulo
Yŏnmu	KR	Asia/Seoul
Sucy-en-Brie	FR	Europe/Paris
Pak Phanang	TH	Asia/Bangkok
Velur	IN	Asia/Kolkata
Paramathi Velur	IN	Asia/Kolkata
Mogaung	MM	Asia/Yangon
Härnösand	SE	Europe/Stockholm
Naubatpur	IN	Asia/Kolkata
Lainate	IT	Europe/Rome
Conde	BR	America/Fortaleza
Kriens	CH	Europe/Zurich
Encarnación de Díaz	MX	America/Mexico_City
Rāmshīr	IR	Asia/Tehran
Isleworth	GB	Europe/London
Sāndi	IN	Asia/Kolkata
Maplewood	US	America/New_York
Nyūzen	JP	Asia/Tokyo
Xianglong	CN	Asia/Shanghai
Dorset Park	CA	America/Toronto
Soledad	US	America/Los_Angeles
Ellwangen	DE	Europe/Berlin
Hindley	GB	Europe/London
Ar Ruways	AE	Asia/Dubai
Dombe Grande	AO	Africa/Luanda
Chitembo	AO	Africa/Luanda
Satuba	BR	America/Maceio
Brooklin	CA	America/Toronto
Fraser Heights	CA	America/Vancouver
Fallingbrook	CA	America/Toronto
Bojia	CN	Asia/Shanghai
Gonsenheim	DE	Europe/Berlin
Funyan Bīra	ET	Africa/Addis_Ababa
Pitsea	GB	Europe/London
Seririt	ID	Asia/Makassar
Qiryat HaYovel	IL	Asia/Jerusalem
Daliyat al Karmel	IL	Asia/Jerusalem
Padam	IN	Asia/Kolkata
Marayur	IN	Asia/Kolkata
Kolasib	IN	Asia/Kolkata
Shiraguppi	IN	Asia/Kolkata
Qeshm	IR	Asia/Tehran
Marina di Carrara	IT	Europe/Rome
Lucento	IT	Europe/Rome
Stung Treng	KH	Asia/Phnom_Penh
Muang Xay	LA	Asia/Vientiane
Vang Vieng	LA	Asia/Vientiane
Ampahana	MG	Indian/Antananarivo
Bandar Puncak Alam	MY	Asia/Kuala_Lumpur
Taman Desa	MY	Asia/Kuala_Lumpur
Nijverdal	NL	Europe/Amsterdam
Hoensbroek	NL	Europe/Amsterdam
Mian Sahib	PK	Asia/Karachi
Knjazevac	RS	Europe/Belgrade
Volokolamsk	RU	Europe/Moscow
Shali	RU	Europe/Moscow
Dyat’kovo	RU	Europe/Moscow
Gur’yevsk	RU	Asia/Novokuznetsk
Saujana	SG	Asia/Singapore
Sirari	TZ	Africa/Dar_es_Salaam
Manyoni	TZ	Africa/Dar_es_Salaam
Liwale	TZ	Africa/Dar_es_Salaam
Igurusi	TZ	Africa/Dar_es_Salaam
Mhalamba	TZ	Africa/Dar_es_Salaam
Mostytskyi Masyv	UA	Europe/Kyiv
Farmington	US	America/New_York
Sho‘rchi	UZ	Asia/Samarkand
Quang Minh	VN	Asia/Ho_Chi_Minh
Ecopark	VN	Asia/Ho_Chi_Minh
Midstream	ZA	Africa/Johannesburg
Ingelheim am Rhein	DE	Europe/Berlin
Citong	TW	Asia/Taipei
Argüelles	ES	Europe/Madrid
Jarābulus	SY	Asia/Damascus
Nossa Senhora das Dores	BR	America/Maceio
Brownsburg	US	America/Indiana/Indianapolis
Santa Maria do Pará	BR	America/Belem
Souza Gare	CM	Africa/Douala
Petit-Bourg	GP	America/Guadeloupe
Saginaw Township North	US	America/Detroit
San Andrés Itzapa	GT	America/Guatemala
Edwardsville	US	America/Chicago
South Morang	AU	Australia/Melbourne
Kinoshita	JP	Asia/Tokyo
San Felipe	CR	America/Costa_Rica
Radovis	MK	Europe/Skopje
Ābu	IN	Asia/Kolkata
Sadulshahar	IN	Asia/Kolkata
Zverevo	RU	Europe/Moscow
Chalk Farm	GB	Europe/London
Borāwar	IN	Asia/Kolkata
Vsetín	CZ	Europe/Prague
Riverside	US	America/New_York
Rákoskeresztúr	HU	Europe/Budapest
Talisay	PH	Asia/Manila
Baggabag B	PH	Asia/Manila
Athens	US	America/Chicago
Woodbridge	US	America/Los_Angeles
Piritiba	BR	America/Bahia
Marutharōd	IN	Asia/Kolkata
Kutkai	MM	Asia/Yangon
Gajwel	IN	Asia/Kolkata
Darreh Shahr	IR	Asia/Tehran
Burg bei Magdeburg	DE	Europe/Berlin
Upper Coomera	AU	Australia/Brisbane
Devarshola	IN	Asia/Kolkata
Itsukaichi	JP	Asia/Tokyo
Liliha - Kapalama	US	Pacific/Honolulu
Lagoa Grande	BR	America/Recife
Sanger	US	America/Los_Angeles
Kunda	IN	Asia/Kolkata
Ishige	JP	Asia/Tokyo
Zee Kone	MM	Asia/Yangon
Westmont	US	America/Chicago
Grigny	FR	Europe/Paris
Bedburg	DE	Europe/Berlin
Treviglio	IT	Europe/Rome
Boeng Kak Pir	KH	Asia/Phnom_Penh
La Banda	PE	America/Lima
Wakefield	US	America/New_York
Sakleshpur	IN	Asia/Kolkata
San Fernando	US	America/Los_Angeles
Brackel	DE	Europe/Berlin
Perundurai	IN	Asia/Kolkata
Hakha	MM	Asia/Yangon
Zărnești	RO	Europe/Bucharest
Rockledge	US	America/New_York
Hastings	US	America/Chicago
Alba	IT	Europe/Rome
Santeramo in Colle	IT	Europe/Rome
Cave Spring	US	America/New_York
Mundargi	IN	Asia/Kolkata
Orhei	MD	Europe/Chisinau
North Tustin	US	America/Los_Angeles
Três de Maio	BR	America/Sao_Paulo
Māchhīwāra	IN	Asia/Kolkata
Shahe	CN	Asia/Shanghai
Nainpur	IN	Asia/Kolkata
East Amherst	US	America/New_York
Guandu	CN	Asia/Shanghai
Nogi	JP	Asia/Tokyo
Gar	CN	Asia/Shanghai
Elefsína	GR	Europe/Athens
En Nâqoûra	LB	Asia/Beirut
Hunucmá	MX	America/Merida
Tarāna	IN	Asia/Kolkata
Cruces	CU	America/Havana
Jardín América	AR	America/Argentina/Cordoba
‘Ara-‘Ar‘ara	IL	Asia/Jerusalem
Renhe	CN	Asia/Shanghai
Sagurē	ET	Africa/Addis_Ababa
Mehal Mēda	ET	Africa/Addis_Ababa
Keirao Bitra	IN	Asia/Kolkata
San Francisco Cuaxusco	MX	America/Mexico_City
Yaypan	UZ	Asia/Tashkent
Yangiobod	UZ	Asia/Tashkent
Tacaratu	BR	America/Recife
Brunswick	AU	Australia/Melbourne
Daphne	US	America/Chicago
Whitehall Township	US	America/New_York
Jucás	BR	America/Fortaleza
Ahmadpur Sial	PK	Asia/Karachi
Apiaí	BR	America/Sao_Paulo
Newport	GB	Europe/London
Piracanjuba	BR	America/Sao_Paulo
Kānth	IN	Asia/Kolkata
Martinópolis	BR	America/Sao_Paulo
Puyo	EC	America/Guayaquil
Charkhāri	IN	Asia/Kolkata
Cobly	BJ	Africa/Porto-Novo
Kushtagi	IN	Asia/Kolkata
Skegness	GB	Europe/London
Churi	IN	Asia/Kolkata
Herne Bay	GB	Europe/London
Nasukarasuyama	JP	Asia/Tokyo
Szigetszentmiklós	HU	Europe/Budapest
Costa Rica	MX	America/Mazatlan
Vellalūr	IN	Asia/Kolkata
Soignies	BE	Europe/Brussels
Wertheim	DE	Europe/Berlin
Srīperumbūdūr	IN	Asia/Kolkata
Paducah	US	America/Chicago
Eißendorf	DE	Europe/Berlin
Blasewitz	DE	Europe/Berlin
Dalandzadgad	MN	Asia/Ulaanbaatar
Muthutala	IN	Asia/Kolkata
Bangbontai	TH	Asia/Bangkok
Ganshoren	BE	Europe/Brussels
Luoping	CN	Asia/Shanghai
Selby	GB	Europe/London
Gitesi	RW	Africa/Kigali
Jenjarum	MY	Asia/Kuala_Lumpur
Cliffside Park	US	America/New_York
Gagarin Shahri	UZ	Asia/Samarkand
João Dourado	BR	America/Bahia
Uherské Hradiště	CZ	Europe/Prague
Rudolstadt	DE	Europe/Berlin
Onda	ES	Europe/Madrid
Iturrama	ES	Europe/Madrid
Mahwa	IN	Asia/Kolkata
Kandahār	IN	Asia/Kolkata
Elmwood Park	US	America/Chicago
Fālna	IN	Asia/Kolkata
Avilala	IN	Asia/Kolkata
Gonaté	CI	Africa/Abidjan
Ghoti Budrukh	IN	Asia/Kolkata
Ar Rām wa Ḑāḩiyat al Barīd	PS	Asia/Hebron
Vineyard	US	America/Los_Angeles
Lodi	US	America/New_York
Santa Rita do Passa Quatro	BR	America/Sao_Paulo
Thetford	GB	Europe/London
Nørresundby	DK	Europe/Copenhagen
Ebebiyin	GQ	Africa/Malabo
Guastatoya	GT	America/Guatemala
Itaporanga	BR	America/Fortaleza
Hazleton	US	America/New_York
Makokou	GA	Africa/Libreville
Kosan	KP	Asia/Pyongyang
Takum	NG	Africa/Lagos
South Granville	CA	America/Vancouver
Sarrià	ES	Europe/Madrid
Shelui	TZ	Africa/Dar_es_Salaam
Chimala	TZ	Africa/Dar_es_Salaam
Perevalsk	UA	Europe/Kyiv
Susurluk	TR	Europe/Istanbul
Longchi	CN	Asia/Shanghai
Hehua	CN	Asia/Shanghai
Manikchari	BD	Asia/Dhaka
Coronado	US	America/Los_Angeles
Hillside	US	America/New_York
Eppendorf	DE	Europe/Berlin
Fresnes	FR	Europe/Paris
Safīpur	IN	Asia/Kolkata
Gimja Bēt Maryam	ET	Africa/Addis_Ababa
Ginja Bet	ET	Africa/Addis_Ababa
Brāhmana Periya Agrahāram	IN	Asia/Kolkata
La Calera	AR	America/Argentina/Cordoba
Buzovna	AZ	Asia/Baku
Apolda	DE	Europe/Berlin
Eagle River	US	America/Anchorage
Hatonuevo	CO	America/Bogota
Gohyakkoku	JP	Asia/Tokyo
São Lourenço do Oeste	BR	America/Sao_Paulo
Thirunavaya	IN	Asia/Kolkata
Anklesvar INA	IN	Asia/Kolkata
Vittorio Veneto	IT	Europe/Rome
South Salt Lake	US	America/Denver
Calahorra	ES	Europe/Madrid
Kalamnūri	IN	Asia/Kolkata
Solenzo	BF	Africa/Ouagadougou
Paris	US	America/Chicago
Zafar	UZ	Asia/Tashkent
Niellé	CI	Africa/Abidjan
Market Harborough	GB	Europe/London
Kfar Yona	IL	Asia/Jerusalem
Mō‘ili‘ili	US	Pacific/Honolulu
Attendorn	DE	Europe/Berlin
Romainville	FR	Europe/Paris
Northport	US	America/Chicago
Payshamba Shahri	UZ	Asia/Samarkand
Lanaken	BE	Europe/Brussels
Kabrāi	IN	Asia/Kolkata
Rahad al Bardi	SD	Africa/Khartoum
Geidorf	AT	Europe/Vienna
Pepa	CD	Africa/Lubumbashi
Anping	CN	Asia/Shanghai
Norden	DE	Europe/Berlin
Ilaiyankudi	IN	Asia/Kolkata
Kampung Jelutong Tengah	MY	Asia/Kuala_Lumpur
Wetzikon	CH	Europe/Zurich
Sarandi	BR	America/Sao_Paulo
Yengitam	CN	Asia/Urumqi
University Park	US	America/Chicago
Uniondale	US	America/New_York
Ponca City	US	America/Chicago
Santana	BR	America/Bahia
Muskego	US	America/Chicago
Collinsville	US	America/Chicago
Nowa Ruda	PL	Europe/Warsaw
Talwāra	IN	Asia/Kolkata
Gouré	NE	Africa/Niamey
Fīrozpur Jhirka	IN	Asia/Kolkata
Orta di Atella	IT	Europe/Rome
Ubiratã	BR	America/Sao_Paulo
Tres Isletas	AR	America/Argentina/Cordoba
Tijāra	IN	Asia/Kolkata
Reading	US	America/New_York
Chenjiaba	CN	Asia/Shanghai
Bang Yi Khan	TH	Asia/Bangkok
Bintuni	ID	Asia/Jayapura
Bamusso	CM	Africa/Douala
San Francisco de Yojoa	HN	America/Tegucigalpa
Pūnāhāna	IN	Asia/Kolkata
Cugir	RO	Europe/Bucharest
Jaguara	BR	America/Sao_Paulo
Short Pump	US	America/New_York
Belmont	US	America/New_York
Dedham	US	America/New_York
Las Heras	AR	America/Argentina/Rio_Gallegos
Naphegy	HU	Europe/Budapest
Budapest I. kerület	HU	Europe/Budapest
Alta Vista	CA	America/Toronto
Wittenau	DE	Europe/Berlin
Sandviken	SE	Europe/Stockholm
De Pere	US	America/Chicago
Zumpango del Río	MX	America/Mexico_City
Brasil Novo	BR	America/Santarem
Bacchus Marsh	AU	Australia/Melbourne
La Paz	AR	America/Argentina/Cordoba
Castro Alves	BR	America/Bahia
Chilaw	LK	Asia/Colombo
João Lisboa	BR	America/Fortaleza
Tattānkuttai	IN	Asia/Kolkata
Chentuan	CN	Asia/Shanghai
São Geraldo do Araguaia	BR	America/Belem
Adiaké	CI	Africa/Abidjan
Kanowit	MY	Asia/Kuching
G’allaorol Shahri	UZ	Asia/Samarkand
Minning	CN	Asia/Shanghai
Kut Chap	TH	Asia/Bangkok
New Yekepa	LR	Africa/Monrovia
Koro	ML	Africa/Bamako
Laredo	PE	America/Lima
Ivoti	BR	America/Sao_Paulo
Koregaon	IN	Asia/Kolkata
Igbeti	NG	Africa/Lagos
Saltpond	GH	Africa/Accra
Phillaur	IN	Asia/Kolkata
Kakonko	TZ	Africa/Dar_es_Salaam
Tuwaite	CN	Asia/Urumqi
Muktāgācha	BD	Asia/Dhaka
Caledonia	US	America/Chicago
Cranbourne North	AU	Australia/Melbourne
Mola di Bari	IT	Europe/Rome
Yanjing	CN	Asia/Shanghai
Fontenay-aux-Roses	FR	Europe/Paris
Pākāla	IN	Asia/Kolkata
Mont-Dore	NC	Pacific/Noumea
Cranbourne East	AU	Australia/Melbourne
San Luis Jilotepeque	GT	America/Guatemala
Kajiado	KE	Africa/Nairobi
Kirovsk	RU	Europe/Moscow
Waldkraiburg	DE	Europe/Berlin
Décines-Charpieu	FR	Europe/Paris
Inkster	US	America/Detroit
Monte Caseros	AR	America/Argentina/Cordoba
Hinjilicut	IN	Asia/Kolkata
Nan	TH	Asia/Bangkok
Ellenbrook	AU	Australia/Perth
Vincentown	US	America/New_York
Damua	IN	Asia/Kolkata
Aci Catena	IT	Europe/Rome
Kabarnet	KE	Africa/Nairobi
Arauco	CL	America/Santiago
Ezhudesam	IN	Asia/Kolkata
Siraha	NP	Asia/Kathmandu
Bixby	US	America/Chicago
Bystrc	CZ	Europe/Prague
Martos	ES	Europe/Madrid
Al Quşayr	EG	Africa/Cairo
Uvinza	TZ	Africa/Dar_es_Salaam
Emporia	US	America/Chicago
Fort Dodge	US	America/Chicago
Nyalikungu	TZ	Africa/Dar_es_Salaam
Walker	US	America/Detroit
Marcovia	HN	America/Tegucigalpa
Andol	IN	Asia/Kolkata
Newton-le-Willows	GB	Europe/London
Vale of Leven	GB	Europe/London
Lami	FJ	Pacific/Fiji
Oleshky	UA	Europe/Kyiv
Shāmgarh	IN	Asia/Kolkata
Zaraysk	RU	Europe/Moscow
Boquim	BR	America/Maceio
Ratanpur	IN	Asia/Kolkata
Phomolong	ZA	Africa/Johannesburg
Kodarma	IN	Asia/Kolkata
Wuling	CN	Asia/Shanghai
Zheleznovodsk	RU	Europe/Moscow
Al Qubbah	LY	Africa/Tripoli
Saint-Dié-des-Vosges	FR	Europe/Paris
Keshorai Pātan	IN	Asia/Kolkata
Ottumwa	US	America/Chicago
Steeles	CA	America/Toronto
Trafalgar	ES	Europe/Madrid
Junction City	US	America/Chicago
Seal Beach	US	America/Los_Angeles
Manibaug Pasig	PH	Asia/Manila
Agrestina	BR	America/Recife
Navalgund	IN	Asia/Kolkata
San Borja	BO	America/La_Paz
Wajima	JP	Asia/Tokyo
Iaçu	BR	America/Bahia
San Luis	HN	America/Tegucigalpa
Bholav	IN	Asia/Kolkata
Tarpon Springs	US	America/New_York
Porta	ES	Europe/Madrid
Bedēsa	ET	Africa/Addis_Ababa
Franklin	US	America/Indiana/Indianapolis
Williamnagar	IN	Asia/Kolkata
Biny Selo	AZ	Asia/Baku
Nieder-Ingelheim	DE	Europe/Berlin
Etajima	JP	Asia/Tokyo
Isnos	CO	America/Bogota
Tandai	SB	Pacific/Guadalcanal
Casigua El Cubo	VE	America/Caracas
Bijbehara	IN	Asia/Kolkata
Fontaine	FR	Europe/Paris
Poxoréu	BR	America/Cuiaba
Gorantla	IN	Asia/Kolkata
Baarn	NL	Europe/Amsterdam
Sevlievo	BG	Europe/Sofia
Rio Tinto	BR	America/Fortaleza
Imatra	FI	Europe/Helsinki
Shwegyin	MM	Asia/Yangon
Pianjiao	CN	Asia/Shanghai
Duiwelskloof	ZA	Africa/Johannesburg
Guama	VE	America/Caracas
Herndon	US	America/New_York
Goulburn	AU	Australia/Sydney
Taluker Char Doani	BD	Asia/Dhaka
Líšeň	CZ	Europe/Prague
Ōyanomachi-noboritate	JP	Asia/Tokyo
Austin	US	America/Chicago
Dātāganj	IN	Asia/Kolkata
Tamazunchale	MX	America/Mexico_City
Salzkotten	DE	Europe/Berlin
Ranong	TH	Asia/Bangkok
Nagcarlan	PH	Asia/Manila
Teck Whye	SG	Asia/Singapore
Devrek	TR	Europe/Istanbul
La Isla	MX	America/Mexico_City
Tapejara	BR	America/Sao_Paulo
Tsim Sha Tsui	HK	Asia/Hong_Kong
Çayeli	TR	Europe/Istanbul
Guidiguis	CM	Africa/Douala
Tiruppuvanam	IN	Asia/Kolkata
Sachse	US	America/Chicago
Pasinler	TR	Europe/Istanbul
Pathum Thani	TH	Asia/Bangkok
Beohāri	IN	Asia/Kolkata
Qarāwul	AF	Asia/Kabul
Guabiruba	BR	America/Sao_Paulo
Rocinha	BR	America/Sao_Paulo
Ilha de Itamaracá	BR	America/Recife
Casablanca	CL	America/Santiago
Almansa	ES	Europe/Madrid
Pantheeramkavu	IN	Asia/Kolkata
Chharra	IN	Asia/Kolkata
Sun City West	US	America/Phoenix
Hakui	JP	Asia/Tokyo
Ravānsar	IR	Asia/Tehran
Longxing	CN	Asia/Shanghai
Mortsel	BE	Europe/Brussels
Watauga	US	America/Chicago
Jiahanbage	CN	Asia/Urumqi
Felixstowe	GB	Europe/London
Porto Calvo	BR	America/Maceio
Lindau	DE	Europe/Berlin
Kingstown	VC	America/St_Vincent
Hobaramachi	JP	Asia/Tokyo
Cordeirópolis	BR	America/Sao_Paulo
Angatuba	BR	America/Sao_Paulo
Jumet	BE	Europe/Brussels
Dois Córregos	BR	America/Sao_Paulo
Gürsu	TR	Europe/Istanbul
Gądów-Popowice Południowe	PL	Europe/Warsaw
Mediouna	MA	Africa/Casablanca
Zdolbuniv	UA	Europe/Kyiv
Espargos	CV	Atlantic/Cape_Verde
Harbu	ET	Africa/Addis_Ababa
Ābderafī	ET	Africa/Addis_Ababa
Ostrov	RU	Europe/Moscow
Bereket	TM	Asia/Ashgabat
Kasozi	UG	Africa/Kampala
G‘uzor	UZ	Asia/Samarkand
Josefstadt	AT	Europe/Vienna
Kew	AU	Australia/Melbourne
Hudkeshwar Buzurg	IN	Asia/Kolkata
Burlington	US	America/New_York
San Benito	US	America/Chicago
Sastamala	FI	Europe/Helsinki
Auch	FR	Europe/Paris
Ocara	BR	America/Fortaleza
Maga	CM	Africa/Douala
Matéri	BJ	Africa/Porto-Novo
Litoměřice	CZ	Europe/Prague
Kim Liên	VN	Asia/Ho_Chi_Minh
Caroline Springs	AU	Australia/Melbourne
Coronel Brandsen	AR	America/Argentina/Buenos_Aires
Campsie	AU	Australia/Sydney
Pindwāra	IN	Asia/Kolkata
Lahewa	ID	Asia/Jakarta
Nyamira	KE	Africa/Nairobi
Korbach	DE	Europe/Berlin
Kulachi	PK	Asia/Karachi
Vị Thanh	VN	Asia/Ho_Chi_Minh
Nueva España	ES	Europe/Madrid
Freeport	US	America/Chicago
Mimoso do Sul	BR	America/Sao_Paulo
Wenceslau Guimarães	BR	America/Bahia
Bruay-la-Buissière	FR	Europe/Paris
Lisieux	FR	Europe/Paris
Slavutych	UA	Europe/Kyiv
Barri Gòtic	ES	Europe/Madrid
Singāpur	IN	Asia/Kolkata
Forest Grove	US	America/Los_Angeles
Victoria	PH	Asia/Manila
Endeavour Hills	AU	Australia/Melbourne
Hucheng	CN	Asia/Shanghai
Isa	JP	Asia/Tokyo
Xiyu	CN	Asia/Shanghai
Sahaspur	IN	Asia/Kolkata
Inđija	RS	Europe/Belgrade
Walsrode	DE	Europe/Berlin
Arriaga	MX	America/Mexico_City
Zungeru	NG	Africa/Lagos
Sarreguemines	FR	Europe/Paris
San Felipe	GT	America/Guatemala
Tbilisskaya	RU	Europe/Moscow
Novo Mesto	SI	Europe/Ljubljana
Šumperk	CZ	Europe/Prague
Torres Vedras	PT	Europe/Lisbon
Pezinok	SK	Europe/Bratislava
Armyansk	UA	Europe/Simferopol
Delanggu	ID	Asia/Jakarta
Ugrākheri	IN	Asia/Kolkata
Palmetto Bay	US	America/New_York
Pérez	AR	America/Argentina/Cordoba
Friedrichsdorf	DE	Europe/Berlin
Zottegem	BE	Europe/Brussels
Abong Mbang	CM	Africa/Douala
Gaz-e Borkhar	IR	Asia/Tehran
Laitan	CN	Asia/Shanghai
Hūn	LY	Africa/Tripoli
Belize	AO	Africa/Luanda
Kānt	IN	Asia/Kolkata
Lixi	CN	Asia/Shanghai
São Sebastião do Caí	BR	America/Sao_Paulo
Aldan	RU	Asia/Yakutsk
Viçosa	BR	America/Maceio
Jalostotitlán	MX	America/Mexico_City
Três Coroas	BR	America/Sao_Paulo
Yedashe	MM	Asia/Yangon
Otara	NZ	Pacific/Auckland
Quarteira	PT	Europe/Lisbon
Itabaiana	BR	America/Fortaleza
Bhokardan	IN	Asia/Kolkata
Staunton	US	America/New_York
Selma	US	America/Los_Angeles
São Jerônimo	BR	America/Sao_Paulo
Tiébissou	CI	Africa/Abidjan
South Windsor	US	America/New_York
Maheshwar	IN	Asia/Kolkata
Pedra Azul	BR	America/Sao_Paulo
North Potomac	US	America/New_York
Novopavlovsk	RU	Europe/Moscow
Wollert	AU	Australia/Melbourne
Jiagao	CN	Asia/Shanghai
La Castellana	PH	Asia/Manila
Oliveira do Douro	PT	Europe/Lisbon
Minas Novas	BR	America/Sao_Paulo
Thiruthuraipoondi	IN	Asia/Kolkata
Smaliavičy	BY	Europe/Minsk
Kertih	MY	Asia/Kuala_Lumpur
Bridlewood	CA	America/Toronto
Waterdown	CA	America/Toronto
Abim	UG	Africa/Kampala
Yanfolila	ML	Africa/Bamako
San Antonio Tecómitl	MX	America/Mexico_City
Homer Glen	US	America/Chicago
Taiping	CN	Asia/Shanghai
Bjelovar	HR	Europe/Zagreb
Saint-Bruno-de-Montarville	CA	America/Toronto
Torcy	FR	Europe/Paris
Gradignan	FR	Europe/Paris
Tombel	CM	Africa/Douala
Junqueiro	BR	America/Maceio
Tbeng Meanchey	KH	Asia/Phnom_Penh
Carahue	CL	America/Santiago
Coral Terrace	US	America/New_York
Kamojimachō-jōgejima	JP	Asia/Tokyo
Adra	ES	Europe/Madrid
Thị Trấn Na Dương	VN	Asia/Ho_Chi_Minh
Białogard	PL	Europe/Warsaw
Przymorze Wielkie	PL	Europe/Warsaw
Norfolk	US	America/Chicago
Saddle Ridge	CA	America/Edmonton
Al Qaşşāşīn	EG	Africa/Cairo
Noordwijk-Binnen	NL	Europe/Amsterdam
Greenacre	AU	Australia/Sydney
Triolet	MU	Indian/Mauritius
Diemen	NL	Europe/Amsterdam
St Austell	GB	Europe/London
Bélabo	CM	Africa/Douala
Skopin	RU	Europe/Moscow
Birkirkara	MT	Europe/Malta
Barrancas	VE	America/Caracas
Midland	CA	America/Toronto
Lanester	FR	Europe/Paris
Pão de Açúcar	BR	America/Maceio
Ridgeland	US	America/Chicago
Taquarituba	BR	America/Sao_Paulo
Asagayakita	JP	Asia/Tokyo
Pio	PH	Asia/Manila
Sants - Badal	ES	Europe/Madrid
Zuru	NG	Africa/Lagos
Meenambakkam	IN	Asia/Kolkata
Hualqui	CL	America/Santiago
Scaggsville	US	America/New_York
Sotouboua	TG	Africa/Lome
Matriz de Camaragibe	BR	America/Maceio
Osiedle Powstańców Śląskich	PL	Europe/Warsaw
Tayga	RU	Asia/Novokuznetsk
Velenje	SI	Europe/Ljubljana
Bad Oldesloe	DE	Europe/Berlin
Pedro do Rosário	BR	America/Fortaleza
Candelaria	ES	Atlantic/Canary
Nishinippori	JP	Asia/Tokyo
Warburg	DE	Europe/Berlin
Brétigny-sur-Orge	FR	Europe/Paris
Shuangshi	CN	Asia/Shanghai
Muret	FR	Europe/Paris
Bouna	CI	Africa/Abidjan
Massinga	MZ	Africa/Maputo
Cudahy	US	America/Los_Angeles
Aranđelovac	RS	Europe/Belgrade
Santa Luzia do Paruá	BR	America/Fortaleza
Irauçuba	BR	America/Fortaleza
Ōguchi	JP	Asia/Tokyo
Cupira	BR	America/Recife
Siribala Coro	ML	Africa/Bamako
Tarch’a Sodo	ET	Africa/Addis_Ababa
Bois-Colombes	FR	Europe/Paris
Semënov	RU	Europe/Moscow
Nikol’sk	RU	Europe/Moscow
Washington	US	America/Denver
New Smyrna Beach	US	America/New_York
Ébano	MX	America/Mexico_City
Ajim	TN	Africa/Tunis
La Unión	AR	America/Argentina/Buenos_Aires
Sainte-Suzanne	RE	Indian/Reunion
Chiknāyakanhalli	IN	Asia/Kolkata
South Plainfield	US	America/New_York
Saint-Laurent-du-Maroni	GF	America/Cayenne
Pasadena	US	America/New_York
Gampola	LK	Asia/Colombo
Coquitlam Town Centre	CA	America/Vancouver
Mahārājgani	IN	Asia/Kolkata
Al Jahrā’	KW	Asia/Kuwait
Columbine	US	America/Denver
Wangwu	CN	Asia/Shanghai
Syke	DE	Europe/Berlin
Hitokawame	JP	Asia/Tokyo
Greenbelt	US	America/New_York
Renfrew	GB	Europe/London
Aleksotas	LT	Europe/Vilnius
Ayanavelikulangara Vadakku	IN	Asia/Kolkata
Calafell	ES	Europe/Madrid
General Emilio Aguinaldo	PH	Asia/Manila
Blagnac	FR	Europe/Paris
Santa Terezinha de Itaipu	BR	America/Sao_Paulo
Erandio	ES	Europe/Madrid
Sabana de Parra	VE	America/Caracas
Kaithoon	IN	Asia/Kolkata
Loreto	MX	America/Mexico_City
Tai’an	CN	Asia/Shanghai
Hérouville-Saint-Clair	FR	Europe/Paris
Glan	PH	Asia/Manila
South Riding	US	America/New_York
Ar Riyāḑ	EG	Africa/Cairo
Haitang	CN	Asia/Shanghai
Denkanikota	IN	Asia/Kolkata
Citrus Park	US	America/New_York
Moulay Ali Cherif	MA	Africa/Casablanca
Chekkiād	IN	Asia/Kolkata
Boca Del Mar	US	America/New_York
Valparaíso	BR	America/Sao_Paulo
Kabala	ML	Africa/Bamako
El Salto	MX	America/Monterrey
Libourne	FR	Europe/Paris
Mayāng Imphāl	IN	Asia/Kolkata
Pishin	PK	Asia/Karachi
Carutapera	BR	America/Fortaleza
Haliyal	IN	Asia/Kolkata
Ob’	RU	Asia/Novosibirsk
Herzogenaurach	DE	Europe/Berlin
Shandan	CN	Asia/Shanghai
Vilankurichi	IN	Asia/Kolkata
Madaya	MM	Asia/Yangon
Jiquilpan de Juárez	MX	America/Mexico_City
Le Bouscat	FR	Europe/Paris
Rajākheri	IN	Asia/Kolkata
Newport	US	America/New_York
Assendelft	NL	Europe/Amsterdam
Finnkolo	ML	Africa/Bamako
Mahmutlar	TR	Europe/Istanbul
Marcos Juárez	AR	America/Argentina/Cordoba
Sitārganj	IN	Asia/Kolkata
Bang O	TH	Asia/Bangkok
Alboraya	ES	Europe/Madrid
Spinaceto	IT	Europe/Rome
Gotvand	IR	Asia/Tehran
Carthage	TN	Africa/Tunis
Královo Pole	CZ	Europe/Prague
Nueva Loja	EC	America/Guayaquil
Wofo	CN	Asia/Shanghai
Gáldar	ES	Atlantic/Canary
Nāndgaon	IN	Asia/Kolkata
Debaltseve	UA	Europe/Kyiv
Norton Shores	US	America/Detroit
Harsewinkel	DE	Europe/Berlin
Calliaqua	VC	America/St_Vincent
Ronse	BE	Europe/Brussels
Siuliban	IN	Asia/Kolkata
Barstow Heights	US	America/Los_Angeles
Songgang	CN	Asia/Shanghai
Wallenhorst	DE	Europe/Berlin
Sakai	JP	Asia/Tokyo
Rockville Centre	US	America/New_York
Boulsa	BF	Africa/Ouagadougou
Estrela	BR	America/Sao_Paulo
Hīrna	ET	Africa/Addis_Ababa
Kuala Penyu	MY	Asia/Kuching
Buwenge	UG	Africa/Kampala
Colonia Caroya	AR	America/Argentina/Cordoba
Searcy	US	America/Chicago
North Platte	US	America/Chicago
Noord	AW	America/Aruba
Arapiles	ES	Europe/Madrid
Rolling Meadows	US	America/Chicago
Licenciado Benito Juárez	MX	America/Mazatlan
Canelones	UY	America/Montevideo
Gioia del Colle	IT	Europe/Rome
Reitz	ZA	Africa/Johannesburg
Dharampur	IN	Asia/Kolkata
Sikandarpur	IN	Asia/Kolkata
Forquilha	BR	America/Fortaleza
Miramas	FR	Europe/Paris
Carteret	US	America/New_York
Dianella	AU	Australia/Perth
Carolina	BR	America/Fortaleza
Ligang	CN	Asia/Shanghai
Ludwigsfelde	DE	Europe/Berlin
Prigen	ID	Asia/Jakarta
Beaune	FR	Europe/Paris
Margaret Drive	SG	Asia/Singapore
Ostuni	IT	Europe/Rome
Immokalee	US	America/New_York
An Nimas	SA	Asia/Riyadh
Samphanthawong	TH	Asia/Bangkok
Woodlawn	US	America/Chicago
Nivelles	BE	Europe/Brussels
Ditzingen	DE	Europe/Berlin
Tak	TH	Asia/Bangkok
Nesher	IL	Asia/Jerusalem
Greiz	DE	Europe/Berlin
Muhammadābād	IN	Asia/Kolkata
Poukham Un	SN	Africa/Dakar
Thị Trấn Vân Du	VN	Asia/Bangkok
Colorado	BR	America/Sao_Paulo
Heiloo	NL	Europe/Amsterdam
Srīsailain	IN	Asia/Kolkata
Medford	US	America/New_York
Amélia Rodrigues	BR	America/Bahia
Giarre	IT	Europe/Rome
Itaporã	BR	America/Campo_Grande
Haaksbergen	NL	Europe/Amsterdam
Poppenbüttel	DE	Europe/Berlin
Barki Saria	IN	Asia/Kolkata
Lawndale	US	America/New_York
Adjarra	BJ	Africa/Porto-Novo
Carlingford	AU	Australia/Sydney
Roxburgh Park	AU	Australia/Melbourne
Salvaterra	BR	America/Belem
Korostyshiv	UA	Europe/Kyiv
Loha	IN	Asia/Kolkata
Yoyogi	JP	Asia/Tokyo
Riverbank	US	America/Los_Angeles
Cullera	ES	Europe/Madrid
Mhaswad	IN	Asia/Kolkata
Ventimiglia	IT	Europe/Rome
San Juan Ixtayopan	MX	America/Mexico_City
Ometepec	MX	America/Mexico_City
Batangafo	CF	Africa/Bangui
Samborondón	EC	America/Guayaquil
Zion	US	America/Chicago
Alot	IN	Asia/Kolkata
Krolevets	UA	Europe/Kyiv
Anastácio	BR	America/Campo_Grande
Chambas	CU	America/Havana
Schleswig	DE	Europe/Berlin
Uauá	BR	America/Bahia
Ibi	ES	Europe/Madrid
Suryaraopeta	IN	Asia/Kolkata
Okoa	CM	Africa/Douala
Takelsa	TN	Africa/Tunis
Aluva	IN	Asia/Kolkata
Paraopeba	BR	America/Sao_Paulo
Yanacancha	PE	America/Lima
Plymstock	GB	Europe/London
Espera Feliz	BR	America/Sao_Paulo
Lentini	IT	Europe/Rome
Nola	IT	Europe/Rome
Kungälv	SE	Europe/Stockholm
Radevormwald	DE	Europe/Berlin
Mambuk	ET	Africa/Addis_Ababa
Medjez el Bab	TN	Africa/Tunis
Grootfontein	NA	Africa/Windhoek
Falkenberg	SE	Europe/Stockholm
As Sulayyil	SA	Asia/Riyadh
Eaubonne	FR	Europe/Paris
Brunoy	FR	Europe/Paris
Ryde	GB	Europe/London
Kościan	PL	Europe/Warsaw
Trotwood	US	America/New_York
Pereira Barreto	BR	America/Sao_Paulo
Lüdinghausen	DE	Europe/Berlin
Areia Branca	BR	America/Fortaleza
Hastināpur	IN	Asia/Kolkata
North Haven	US	America/New_York
Porto Franco	BR	America/Fortaleza
Monte Sião	BR	America/Sao_Paulo
Topoľčany	SK	Europe/Bratislava
Blangpidie	ID	Asia/Jakarta
Moribabougou	ML	Africa/Bamako
Summerlin South	US	America/Los_Angeles
Bandar-e Deyr	IR	Asia/Tehran
Gusinoozyorsk	RU	Asia/Irkutsk
Pundong	ID	Asia/Jakarta
Chettipālaiyam	IN	Asia/Kolkata
Mossuril	MZ	Africa/Maputo
Morrumbala	MZ	Africa/Maputo
Perico	CU	America/Havana
Ormskirk	GB	Europe/London
Bra	IT	Europe/Rome
Mórfou	CY	Asia/Nicosia
Matai	TZ	Africa/Dar_es_Salaam
Zaragoza	CO	America/Bogota
Molins de Rei	ES	Europe/Madrid
Nechí	CO	America/Bogota
Sōmēshvara	IN	Asia/Kolkata
Cachoeira do Arari	BR	America/Belem
Mahwah	US	America/New_York
Nanling	CN	Asia/Shanghai
Kalachinsk	RU	Asia/Omsk
la Maternitat i Sant Ramon	ES	Europe/Madrid
Nuevo Belén	PA	America/Panama
Andenne	BE	Europe/Brussels
Chak One Hundred Twenty Nine Left	PK	Asia/Karachi
Mevasseret Tsiyyon	IL	Asia/Jerusalem
Boo	SE	Europe/Stockholm
Pacode	IN	Asia/Kolkata
Alto Alegre do Maranhão	BR	America/Fortaleza
Xingdaohu	CN	Asia/Shanghai
Abay	KZ	Asia/Almaty
Pando	UY	America/Montevideo
Jakobsberg	SE	Europe/Stockholm
Loma Linda	US	America/Los_Angeles
Ytrebygda	NO	Europe/Oslo
Oji	JP	Asia/Tokyo
Peekskill	US	America/New_York
Jacareacanga	BR	America/Santarem
Keystone	US	America/New_York
Tegina	NG	Africa/Lagos
Jalapa	NI	America/Managua
Castellar del Vallès	ES	Europe/Madrid
Tucaní	VE	America/Caracas
Baldwin	US	America/New_York
Laje	BR	America/Bahia
Buritis	BR	America/Sao_Paulo
Kourou	GF	America/Cayenne
Yanggu	KR	Asia/Seoul
Independência	BR	America/Fortaleza
Icod de los Vinos	ES	Atlantic/Canary
Ukima	JP	Asia/Tokyo
Pāppākurichchi	IN	Asia/Kolkata
Abou el Hassan	DZ	Africa/Algiers
Zaragoza	GT	America/Guatemala
Morinda	IN	Asia/Kolkata
Golborne	GB	Europe/London
Grimstad	NO	Europe/Oslo
Nakashibetsu	JP	Asia/Tokyo
Kristiansund	NO	Europe/Oslo
Tosya	TR	Europe/Istanbul
Fairfax	US	America/New_York
Ongwediva	NA	Africa/Windhoek
Maywood	US	America/Chicago
Qifţ	EG	Africa/Cairo
Gōtsuchō	JP	Asia/Tokyo
Ban Khlong Bang Bon	TH	Asia/Bangkok
Jequitinhonha	BR	America/Sao_Paulo
Sebastian	US	America/New_York
Morphett Vale	AU	Australia/Adelaide
Verl	DE	Europe/Berlin
La Gomera	GT	America/Guatemala
Dubai Internet City	AE	Asia/Dubai
Chinatown	CA	America/Vancouver
Gantang	CN	Asia/Shanghai
Waal	ET	Africa/Addis_Ababa
Gedeb	ET	Africa/Addis_Ababa
Zhuojiacun	MO	Asia/Macau
Badou	TG	Africa/Lome
Itigi	TZ	Africa/Dar_es_Salaam
Ruaha	TZ	Africa/Dar_es_Salaam
Butaleja	UG	Africa/Kampala
Anaka	UG	Africa/Kampala
Jalolquduq	UZ	Asia/Tashkent
Chinobod	UZ	Asia/Tashkent
Caazapá	PY	America/Asuncion
Kogota-ekimae	JP	Asia/Tokyo
Cheltenham	AU	Australia/Melbourne
Pawgan	MM	Asia/Yangon
East Gwillimbury	CA	America/Toronto
Diu	IN	Asia/Kolkata
Cumaribo	CO	America/Bogota
Candelaria	CO	America/Bogota
Alotenango	GT	America/Guatemala
Setakamachi-takayanagi	JP	Asia/Tokyo
Nabīnagar	IN	Asia/Kolkata
Patarrá	CR	America/Costa_Rica
San Miguel el Alto	MX	America/Mexico_City
Gornji Milanovac	RS	Europe/Belgrade
Jardim	BR	America/Campo_Grande
Moineşti	RO	Europe/Bucharest
Olching	DE	Europe/Berlin
Hisor	TJ	Asia/Dushanbe
Mỹ Lại	VN	Asia/Ho_Chi_Minh
Mỹ Khê	VN	Asia/Ho_Chi_Minh
Mile End	CA	America/Toronto
Dīnānagar	IN	Asia/Kolkata
Ōtsuki	JP	Asia/Tokyo
Laranjeiras	BR	America/Maceio
Capivari de Baixo	BR	America/Sao_Paulo
Ekondo Titi	CM	Africa/Douala
Gosforth	GB	Europe/London
Holt	US	America/Detroit
Muscatine	US	America/Chicago
Ishiki	JP	Asia/Tokyo
Kyonpyaw	MM	Asia/Yangon
Ibiapina	BR	America/Fortaleza
Yūsuf aṣ-Ṣiddīq	EG	Africa/Cairo
Elk River	US	America/Chicago
Rock Springs	US	America/Denver
Embarcación	AR	America/Argentina/Salta
Morombe	MG	Indian/Antananarivo
Golden Gate	US	America/New_York
São Gonçalo do Sapucaí	BR	America/Sao_Paulo
Bom Jesus de Goiás	BR	America/Sao_Paulo
Arhribs	DZ	Africa/Algiers
Nasu	JP	Asia/Tokyo
Svay Rieng	KH	Asia/Phnom_Penh
Ntcheu	MW	Africa/Blantyre
Wil	CH	Europe/Zurich
Outremont	CA	America/Toronto
Chios	GR	Europe/Athens
Elubo	GH	Africa/Accra
Davlekanovo	RU	Asia/Yekaterinburg
Corsicana	US	America/Chicago
Khashuri	GE	Asia/Tbilisi
Scottburgh	ZA	Africa/Johannesburg
Chaves	BR	America/Belem
Ābdānān	IR	Asia/Tehran
Sabanagrande	HN	America/Tegucigalpa
Yên Phụ	VN	Asia/Bangkok
Changdao	CN	Asia/Shanghai
Starnberg	DE	Europe/Berlin
Miahuatlán de Porfirio Díaz	MX	America/Mexico_City
Ruvo di Puglia	IT	Europe/Rome
Huntingdon	GB	Europe/London
Villeparisis	FR	Europe/Paris
São João da Ponte	BR	America/Sao_Paulo
Belo Oriente	BR	America/Sao_Paulo
Haenam	KR	Asia/Seoul
Hialeah Gardens	US	America/New_York
High Park-Swansea	CA	America/Toronto
Waverly	US	America/Detroit
Xingfeng	CN	Asia/Shanghai
Umbaúba	BR	America/Maceio
Yufengshan	CN	Asia/Shanghai
Fânzeres	PT	Europe/Lisbon
Pinheiros	BR	America/Sao_Paulo
Hunt Valley	US	America/New_York
Itsoseng	ZA	Africa/Johannesburg
Sudbury	GB	Europe/London
Māyābandar	IN	Asia/Kolkata
Quatro Barras	BR	America/Sao_Paulo
São João do Paraíso	BR	America/Sao_Paulo
Buritizeiro	BR	America/Sao_Paulo
Kaikalapettai	IN	Asia/Kolkata
Sonneberg	DE	Europe/Berlin
Fuquay-Varina	US	America/New_York
Boriziny	MG	Indian/Antananarivo
Pompei	IT	Europe/Rome
Shendi	ET	Africa/Addis_Ababa
Bāzpur	IN	Asia/Kolkata
Belo sur Tsiribihina	MG	Indian/Antananarivo
Kamwenge	UG	Africa/Kampala
Fountain Hills	US	America/Phoenix
Brotas	BR	America/Sao_Paulo
Guanba	CN	Asia/Shanghai
Kalianget	ID	Asia/Jakarta
Miano	IT	Europe/Rome
Unionport	US	America/New_York
Champlin	US	America/Chicago
South Portland Gardens	US	America/New_York
Mamburao	PH	Asia/Manila
Lebedyn	UA	Europe/Kyiv
Isebania	KE	Africa/Nairobi
Kazan	TR	Europe/Istanbul
Puerto San José	GT	America/Guatemala
Brockville	CA	America/Toronto
Centerville	US	America/New_York
Casa Santa	IT	Europe/Rome
Macaparana	BR	America/Recife
Iraquara	BR	America/Bahia
Borne	NL	Europe/Amsterdam
Santa Eugenia	ES	Europe/Madrid
Strathroy	CA	America/Toronto
Kelkit	TR	Europe/Istanbul
Agats	ID	Asia/Jayapura
Gan Yavne	IL	Asia/Jerusalem
Linfeng	CN	Asia/Shanghai
Freudenstadt	DE	Europe/Berlin
Karumāndi Chellipālaiyam	IN	Asia/Kolkata
Poço Verde	BR	America/Bahia
Yauri	PE	America/Lima
Jawor	PL	Europe/Warsaw
Miranda do Norte	BR	America/Fortaleza
Dalsingh Sarai	IN	Asia/Kolkata
Makronia	IN	Asia/Kolkata
Mosopa	BW	Africa/Gaborone
Zhanhe	CN	Asia/Shanghai
Oulunkylä	FI	Europe/Helsinki
Sliedrecht	NL	Europe/Amsterdam
Luhe	CN	Asia/Shanghai
Batang	CN	Asia/Shanghai
Sāvantvādi	IN	Asia/Kolkata
Longowal	IN	Asia/Kolkata
Bloomington	US	America/Los_Angeles
Pazarcık	TR	Europe/Istanbul
Oadby	GB	Europe/London
Kyangwali Refugee Camp	UG	Africa/Kampala
Yurécuaro	MX	America/Mexico_City
Vīrakeralam	IN	Asia/Kolkata
Bainbridge Island	US	America/Los_Angeles
San Giovanni a Teduccio	IT	Europe/Rome
São João	BR	America/Recife
Kitahama	JP	Asia/Tokyo
Nizhniy Lomov	RU	Europe/Moscow
Oupoyo	CI	Africa/Abidjan
Droitwich	GB	Europe/London
Lesnoy	RU	Asia/Yekaterinburg
Se	BR	America/Sao_Paulo
Cruzeiro do Oeste	BR	America/Sao_Paulo
Newtonbrook West	CA	America/Toronto
Cajuru	BR	America/Sao_Paulo
Senja	SG	Asia/Singapore
Montfermeil	FR	Europe/Paris
Carambeí	BR	America/Sao_Paulo
Rossano Stazione	IT	Europe/Rome
Ciudad Serdán	MX	America/Mexico_City
Dok Kham Tai	TH	Asia/Bangkok
Kafr Qāsim	IL	Asia/Jerusalem
Rădăuți	RO	Europe/Bucharest
Morrisville	US	America/New_York
Marshall	US	America/Chicago
Squamish	CA	America/Vancouver
Döbeln	DE	Europe/Berlin
Reoti	IN	Asia/Kolkata
Pādiyanallūr	IN	Asia/Kolkata
Nāsriganj	IN	Asia/Kolkata
Watertown	US	America/Chicago
New Malden	GB	Europe/London
Veinticinco de Mayo	AR	America/Argentina/Buenos_Aires
Le Robert	MQ	America/Martinique
Carandaí	BR	America/Sao_Paulo
Emet	TR	Europe/Istanbul
Kernersville	US	America/New_York
Fatehganj West	IN	Asia/Kolkata
Weingarten	DE	Europe/Berlin
New Lynn	NZ	Pacific/Auckland
Şarkışla	TR	Europe/Istanbul
Teremky-II	UA	Europe/Kyiv
Yoqne‘am ‘Illit	IL	Asia/Jerusalem
Glenroy	AU	Australia/Melbourne
Nansang	MM	Asia/Yangon
Sadalgi	IN	Asia/Kolkata
Fetești-Gară	RO	Europe/Bucharest
Nasrullāhganj	IN	Asia/Kolkata
Sarjamda	IN	Asia/Kolkata
Makongolosi	TZ	Africa/Dar_es_Salaam
Ituango	CO	America/Bogota
Lubliniec	PL	Europe/Warsaw
Al Ḩirāk	SY	Asia/Damascus
Djidja	BJ	Africa/Porto-Novo
Hajdúszoboszló	HU	Europe/Budapest
Altea	ES	Europe/Madrid
Monteros	AR	America/Argentina/Tucuman
Providenciales	TC	America/Grand_Turk
Dickinson	US	America/Denver
Sbeitla	TN	Africa/Tunis
Klouékanmè	BJ	Africa/Porto-Novo
Narakal	IN	Asia/Kolkata
Sora	IT	Europe/Rome
Agincourt South-Malvern West	CA	America/Toronto
Motozintla	MX	America/Merida
Old Bridge	US	America/New_York
Qualiano	IT	Europe/Rome
Ngemplak	ID	Asia/Jakarta
Ashfield	AU	Australia/Sydney
Old Shinyanga	TZ	Africa/Dar_es_Salaam
Troitskaya	RU	Europe/Moscow
Raychikhinsk	RU	Asia/Yakutsk
Xilembene	MZ	Africa/Maputo
Palayan City	PH	Asia/Manila
Gherla	RO	Europe/Bucharest
Calw	DE	Europe/Berlin
Lalgudi	IN	Asia/Kolkata
Ferizli	TR	Europe/Istanbul
San Pedro del Pinatar	ES	Europe/Madrid
Río Cauto	CU	America/Havana
San Pedro	AR	America/Argentina/Cordoba
Al-Barka	PH	Asia/Manila
Bezenchuk	RU	Europe/Samara
Ulundurpet	IN	Asia/Kolkata
Gonubie	ZA	Africa/Johannesburg
Comăneşti	RO	Europe/Bucharest
Lālganj	IN	Asia/Kolkata
Pout	SN	Africa/Dakar
Malakpur Kohi Rangpur	IN	Asia/Kolkata
Teocaltiche	MX	America/Mexico_City
Sèvres	FR	Europe/Paris
Latri Kunda	GM	Africa/Banjul
Nivāri	IN	Asia/Kolkata
Wipperfürth	DE	Europe/Berlin
M’Batto	CI	Africa/Abidjan
Fougères	FR	Europe/Paris
Mkoani	TZ	Africa/Dar_es_Salaam
Guidan Roumdji	NE	Africa/Niamey
Mgandu	TZ	Africa/Dar_es_Salaam
Vypīn	IN	Asia/Kolkata
Gaigeturi	KR	Asia/Seoul
Fort Washington	US	America/New_York
Khromtau	KZ	Asia/Aqtobe
Aurora	BR	America/Fortaleza
Tía Juana	VE	America/Caracas
Purépero de Echáiz	MX	America/Mexico_City
Lumezzane	IT	Europe/Rome
Lanyang	CN	Asia/Shanghai
Spinea-Orgnano	IT	Europe/Rome
Ammanford	GB	Europe/London
Muluppilagadu	IN	Asia/Kolkata
Ouerdanine	TN	Africa/Tunis
San Fernando	PH	Asia/Manila
Yate	GB	Europe/London
Alwaye	IN	Asia/Kolkata
Tisaiyanvilai	IN	Asia/Kolkata
Dinuba	US	America/Los_Angeles
‘Alem T’ēna	ET	Africa/Addis_Ababa
Estoril	PT	Europe/Lisbon
Kurenivka	UA	Europe/Kyiv
Dokolo	UG	Africa/Kampala
Van Nest	US	America/New_York
Chinoz	UZ	Asia/Tashkent
Carnaxide	PT	Europe/Lisbon
Marcinelle	BE	Europe/Brussels
Boshkengash	TJ	Asia/Dushanbe
Lensk	RU	Asia/Yakutsk
Tānsen	NP	Asia/Kathmandu
Araya	VE	America/Caracas
Barstow	US	America/Los_Angeles
Droylsden	GB	Europe/London
Macas	EC	America/Guayaquil
Sovetskiy	RU	Asia/Yekaterinburg
Comonfort	MX	America/Mexico_City
Buôn Trấp	VN	Asia/Ho_Chi_Minh
Srīkandamangalam	IN	Asia/Kolkata
Yershov	RU	Europe/Saratov
Fairland	US	America/New_York
Jiuhe	CN	Asia/Shanghai
Bishopbriggs	GB	Europe/London
Limbach-Oberfrohna	DE	Europe/Berlin
White Rock	CA	America/Vancouver
Olenegorsk	RU	Europe/Moscow
Dalyoni Bolo	TJ	Asia/Dushanbe
Nanfeng	CN	Asia/Shanghai
Kutiatodu	IN	Asia/Kolkata
Thornlie	AU	Australia/Perth
Sarıkamış	TR	Europe/Istanbul
Orleans	BR	America/Sao_Paulo
Pipri	IN	Asia/Kolkata
Putignano	IT	Europe/Rome
Fujia	CN	Asia/Shanghai
Natham	IN	Asia/Kolkata
Bonito	BR	America/Campo_Grande
Brookings	US	America/Chicago
Unnamalaikadai	IN	Asia/Kolkata
Penugonda	IN	Asia/Kolkata
Poggioreale	IT	Europe/Rome
Blue Island	US	America/Chicago
Ōji	JP	Asia/Tokyo
Faribault	US	America/Chicago
Castaños	MX	America/Monterrey
Chestnut Hill	US	America/New_York
Balod	IN	Asia/Kolkata
Porto de Mós	PT	Europe/Lisbon
Skawina	PL	Europe/Warsaw
Itaocara	BR	America/Sao_Paulo
Baileys Crossroads	US	America/New_York
Groß-Gerau	DE	Europe/Berlin
Arbroath	GB	Europe/London
Mariāni	IN	Asia/Kolkata
Oberschöneweide	DE	Europe/Berlin
Banko	GN	Africa/Conakry
Semi	BJ	Africa/Porto-Novo
Saint-Pol-sur-Mer	FR	Europe/Paris
Qadian	IN	Asia/Kolkata
Painkulam	IN	Asia/Kolkata
Nova Zagora	BG	Europe/Sofia
Caicara	VE	America/Caracas
Ying’awati	CN	Asia/Urumqi
Bogotol	RU	Asia/Krasnoyarsk
Neuehrenfeld	DE	Europe/Berlin
Musselburgh	GB	Europe/London
Allende	MX	America/Mexico_City
Dudinka	RU	Asia/Krasnoyarsk
Tadotsu	JP	Asia/Tokyo
Ōkawara	JP	Asia/Tokyo
Pruszcz Gdański	PL	Europe/Warsaw
Songwa	TZ	Africa/Dar_es_Salaam
Eagle	US	America/Boise
Santa Gertrudes	BR	America/Sao_Paulo
Maintirano	MG	Indian/Antananarivo
Gaoqiao	CN	Asia/Shanghai
Boronia	AU	Australia/Melbourne
Aguada de Pasajeros	CU	America/Havana
Szentendre	HU	Europe/Budapest
Sidi Ifni	MA	Africa/Casablanca
Ikedachō	JP	Asia/Tokyo
Norland	US	America/New_York
Bathgate	GB	Europe/London
Ivrea	IT	Europe/Rome
Nara	ML	Africa/Bamako
San Fermín	ES	Europe/Madrid
Prāntij	IN	Asia/Kolkata
Belleville	CI	Africa/Abidjan
Belleville	CI	Africa/Abidjan
Oupeye	BE	Europe/Brussels
Tash-Kumyr	KG	Asia/Bishkek
Min Ga Lar Don Zay	MM	Asia/Yangon
Namsa	KR	Asia/Seoul
Kayar	SN	Africa/Dakar
Trucuk	ID	Asia/Jakarta
Kulgam	IN	Asia/Kolkata
Scotch Plains	US	America/New_York
Alamaiti	CN	Asia/Urumqi
Semikarakorsk	RU	Europe/Moscow
Steenbergen	NL	Europe/Amsterdam
Kyeintali	MM	Asia/Yangon
Garopaba	BR	America/Sao_Paulo
Chinnūr	IN	Asia/Kolkata
San Jacinto	CO	America/Bogota
Jaleshwar	NP	Asia/Kathmandu
La Madeleine	FR	Europe/Paris
Katheru	IN	Asia/Kolkata
Lyskovo	RU	Europe/Moscow
San Ignacio de Velasco	BO	America/La_Paz
Oud-Beijerland	NL	Europe/Amsterdam
Raahe	FI	Europe/Helsinki
Daruba	ID	Asia/Jayapura
Matsuura	JP	Asia/Tokyo
Mairwa	IN	Asia/Kolkata
Hanworth	GB	Europe/London
Chrudim	CZ	Europe/Prague
Tacoronte	ES	Atlantic/Canary
Bogo	PH	Asia/Manila
Tamandaré	BR	America/Recife
Todaraisingh	IN	Asia/Kolkata
Balik Pulau	MY	Asia/Kuala_Lumpur
Glenville	US	America/New_York
Nazca	PE	America/Lima
Pokaran	IN	Asia/Kolkata
Selouane	MA	Africa/Casablanca
Juan José Ríos	MX	America/Mazatlan
Malema	MZ	Africa/Maputo
Seriate	IT	Europe/Rome
Karatina	KE	Africa/Nairobi
Lazarevac	RS	Europe/Belgrade
Al Bayāḑīyah	EG	Africa/Cairo
Princesa Isabel	BR	America/Fortaleza
Teloloapan	MX	America/Mexico_City
El Cerrito	US	America/Los_Angeles
Santa Cruz de El Seibo	DO	America/Santo_Domingo
Wondelgem	BE	Europe/Brussels
Bambuí	BR	America/Sao_Paulo
Asia	PH	Asia/Manila
Whitefield	GB	Europe/London
Aguié	NE	Africa/Niamey
Damongo	GH	Africa/Accra
Kax	CN	Asia/Urumqi
Sidi Abdelli	DZ	Africa/Algiers
Gif-sur-Yvette	FR	Europe/Paris
Kūmher	IN	Asia/Kolkata
Tabay	VE	America/Caracas
São Miguel	BR	America/Fortaleza
Dioïla	ML	Africa/Bamako
Mojoagung	ID	Asia/Jakarta
Xinlin	CN	Asia/Shanghai
Corinto	BR	America/Sao_Paulo
San Carlos	CO	America/Bogota
Brandon	US	America/Chicago
Ağdaş	AZ	Asia/Baku
Sreekaryam	IN	Asia/Kolkata
Pānchla	IN	Asia/Kolkata
Al Kiswah	SY	Asia/Damascus
Tallkayf	IQ	Asia/Baghdad
Funehikimachi-funehiki	JP	Asia/Tokyo
San Martín de los Andes	AR	America/Argentina/Salta
Paiporta	ES	Europe/Madrid
Kiomboi	TZ	Africa/Dar_es_Salaam
Nagykőrös	HU	Europe/Budapest
Mudkhed	IN	Asia/Kolkata
Ogōri-shimogō	JP	Asia/Tokyo
Shivpur Charcha	IN	Asia/Kolkata
Los Barrios	ES	Europe/Madrid
Greystanes	AU	Australia/Sydney
Wu Kai Sha	HK	Asia/Hong_Kong
Pinhal Novo	PT	Europe/Lisbon
Ban Bueng	TH	Asia/Bangkok
Pisochyn	UA	Europe/Kyiv
Derby	US	America/Chicago
Lobeda	DE	Europe/Berlin
Rouyn-Noranda	CA	America/Toronto
Bègles	FR	Europe/Paris
Oltu	TR	Europe/Istanbul
Kaniv	UA	Europe/Kyiv
Frankford	US	America/New_York
Mojuí dos Campos	BR	America/Santarem
Palacio	ES	Europe/Madrid
San Martín Cuautlalpan	MX	America/Mexico_City
‘Alem Ketema	ET	Africa/Addis_Ababa
Muang Sing	LA	Asia/Vientiane
Harappa	PK	Asia/Karachi
L’govskiy	RU	Europe/Moscow
Jhīnjhak	IN	Asia/Kolkata
Manjakandriana	MG	Indian/Antananarivo
Pethāpur	IN	Asia/Kolkata
Malpe	IN	Asia/Kolkata
Portlaoise	IE	Europe/Dublin
Birūr	IN	Asia/Kolkata
Koło	PL	Europe/Warsaw
Graham	US	America/Los_Angeles
Copertino	IT	Europe/Rome
Overijse	BE	Europe/Brussels
Mosta	MT	Europe/Malta
Bartoszyce	PL	Europe/Warsaw
Gobō	JP	Asia/Tokyo
La Paz Centro	NI	America/Managua
Mikuni	JP	Asia/Tokyo
Hadyach	UA	Europe/Kyiv
Carmo do Cajuru	BR	America/Sao_Paulo
Assaré	BR	America/Fortaleza
Māndal	IN	Asia/Kolkata
Francisco Sá	BR	America/Sao_Paulo
Ilchester	US	America/New_York
Ząbki	PL	Europe/Warsaw
Stellingen	DE	Europe/Berlin
Shīshgarh	IN	Asia/Kolkata
San José Iturbide	MX	America/Mexico_City
Kuchera	IN	Asia/Kolkata
Bayonet Point	US	America/New_York
Bontoc	PH	Asia/Manila
Podunajské Biskupice	SK	Europe/Bratislava
Hlubočepy	CZ	Europe/Prague
Pattiyūrgrāmam	IN	Asia/Kolkata
Easton	US	America/New_York
Lofthouse	GB	Europe/London
Mégara	GR	Europe/Athens
Loves Park	US	America/Chicago
Jiaoshi	CN	Asia/Shanghai
Sevilimedu	IN	Asia/Kolkata
Avon Lake	US	America/New_York
Nocera Superiore	IT	Europe/Rome
Sanzhi	TW	Asia/Taipei
San Lorenzo	US	America/Los_Angeles
Pawni	IN	Asia/Kolkata
Al Ghurayfah	LY	Africa/Tripoli
Báishí Zhèn	CN	Asia/Shanghai
Mānesar	IN	Asia/Kolkata
Morton Grove	US	America/Chicago
Bulle	CH	Europe/Zurich
Gjirokastër	AL	Europe/Tirane
Penarth	GB	Europe/London
Kingston	US	America/New_York
Epping	AU	Australia/Sydney
Nikaho	JP	Asia/Tokyo
Laukkai	MM	Asia/Yangon
Yugawara	JP	Asia/Tokyo
Kilindoni	TZ	Africa/Dar_es_Salaam
Chhātāpur	IN	Asia/Kolkata
Raul Soares	BR	America/Sao_Paulo
Itapaci	BR	America/Sao_Paulo
Tūnēri	IN	Asia/Kolkata
Pissila	BF	Africa/Ouagadougou
Bangolo Tahouake	CI	Africa/Abidjan
Ponedera	CO	America/Bogota
Urmar	IN	Asia/Kolkata
Belper	GB	Europe/London
McDonough	US	America/New_York
Romulus	US	America/Detroit
Ronnenberg	DE	Europe/Berlin
Douako	GN	Africa/Conakry
Lonar	IN	Asia/Kolkata
Wangpu	CN	Asia/Shanghai
Kabanovo	RU	Europe/Moscow
Rosemount	US	America/Chicago
Santa Rosa de Viterbo	BR	America/Sao_Paulo
Hailsham	GB	Europe/London
Manglai	CN	Asia/Urumqi
Pugalūr	IN	Asia/Kolkata
Ibirapitanga	BR	America/Bahia
Rāmtek	IN	Asia/Kolkata
Metahāra	ET	Africa/Addis_Ababa
Ḩalfāyā	SY	Asia/Damascus
Visby	SE	Europe/Stockholm
María la Baja	CO	America/Bogota
Dejvice	CZ	Europe/Prague
Luninyets	BY	Europe/Minsk
Ottaviano	IT	Europe/Rome
Chiaiano	IT	Europe/Rome
Xiaying	CN	Asia/Shanghai
Gālīkesh	IR	Asia/Tehran
Kamalasai	TH	Asia/Bangkok
Pindoretama	BR	America/Fortaleza
Marikana	ZA	Africa/Johannesburg
Northwest One	US	America/New_York
Ban Talat Nua	TH	Asia/Bangkok
Maldon	GB	Europe/London
Mansfield	US	America/New_York
Weilheim	DE	Europe/Berlin
Scampia	IT	Europe/Rome
Monte Estoril	PT	Europe/Lisbon
Fedorovskiy	RU	Asia/Yekaterinburg
Laḩij	YE	Asia/Aden
Pedro Carbo	EC	America/Guayaquil
Sobue	JP	Asia/Tokyo
Guibéroua	CI	Africa/Abidjan
Mernda	AU	Australia/Melbourne
Misburg-Nord	DE	Europe/Berlin
Lermontov	RU	Europe/Moscow
Havlíčkův Brod	CZ	Europe/Prague
Cesano Boscone	IT	Europe/Rome
Caniço	PT	Atlantic/Madeira
Takahata	JP	Asia/Tokyo
Eloise	US	America/New_York
Laguna Beach	US	America/Los_Angeles
Geretsried	DE	Europe/Berlin
Środmieście	PL	Europe/Warsaw
Springfield	US	America/New_York
Monoharpur	IN	Asia/Kolkata
Ciudad Bolívar	CO	America/Bogota
El Palmar	ES	Europe/Madrid
Koster	ZA	Africa/Johannesburg
Ikeno	JP	Asia/Tokyo
Baza	ES	Europe/Madrid
Zwevegem	BE	Europe/Brussels
La Prairie	CA	America/Toronto
thị xã Quảng Trị	VN	Asia/Ho_Chi_Minh
Bellview	US	America/Chicago
Hopin	MM	Asia/Yangon
Forécariah	GN	Africa/Conakry
Pinillos	CO	America/Bogota
Iharan̈a	MG	Indian/Antananarivo
Sangerhausen	DE	Europe/Berlin
San Marcos	NI	America/Managua
Injambakkam	IN	Asia/Kolkata
Hodonín	CZ	Europe/Prague
Prudnik	PL	Europe/Warsaw
Manoa	US	Pacific/Honolulu
Avellaneda	AR	America/Argentina/Buenos_Aires
El Masnou	ES	Europe/Madrid
Salah Bey	DZ	Africa/Algiers
Panelas	BR	America/Recife
Chok Chai	TH	Asia/Bangkok
Deneysville	ZA	Africa/Johannesburg
Mandāwa	IN	Asia/Kolkata
Bagnoli	IT	Europe/Rome
Srimangal	BD	Asia/Dhaka
Cahors	FR	Europe/Paris
Formby	GB	Europe/London
Yesagyo	MM	Asia/Yangon
Mahārājpur	IN	Asia/Kolkata
Kościerzyna	PL	Europe/Warsaw
Calp	ES	Europe/Madrid
Burnham-on-Sea	GB	Europe/London
Shirahama	JP	Asia/Tokyo
Teotihuacán de Arista	MX	America/Mexico_City
Berehove	UA	Europe/Kyiv
Collipulli	CL	America/Santiago
Soygaon	IN	Asia/Kolkata
Guelendeng	TD	Africa/Ndjamena
Alhaurín el Grande	ES	Europe/Madrid
Kalānaur	IN	Asia/Kolkata
Terrytown	US	America/Chicago
Abū Zabad	SD	Africa/Khartoum
Chitrakoot Dham	IN	Asia/Kolkata
Capinzal	BR	America/Sao_Paulo
Librazhd	AL	Europe/Tirane
Ron	IN	Asia/Kolkata
Mangere	NZ	Pacific/Auckland
Ḩājjīābād	IR	Asia/Tehran
Millau	FR	Europe/Paris
Hazebrouck	FR	Europe/Paris
Ladang Seri Kundang	MY	Asia/Kuala_Lumpur
Tamboril	DO	America/Santo_Domingo
Shurugwi	ZW	Africa/Harare
Ixtlán del Río	MX	America/Mazatlan
Graneros	CL	America/Santiago
Olesa de Montserrat	ES	Europe/Madrid
Nebaj	GT	America/Guatemala
Ekeren	BE	Europe/Brussels
Nova Petrópolis	BR	America/Sao_Paulo
Gēdo	ET	Africa/Addis_Ababa
Tonota	BW	Africa/Gaborone
Bāgluṅ	NP	Asia/Kathmandu
Damnoen Saduak	TH	Asia/Bangkok
Mwadui	TZ	Africa/Dar_es_Salaam
Vengattūr	IN	Asia/Kolkata
Pekan Nenas	MY	Asia/Kuala_Lumpur
Osa	RU	Asia/Yekaterinburg
Piastów	PL	Europe/Warsaw
Peringat	MY	Asia/Kuala_Lumpur
Allada	BJ	Africa/Porto-Novo
Aldeias Altas	BR	America/Fortaleza
Selargius	IT	Europe/Rome
Nāyanakulam	IN	Asia/Kolkata
Broadstairs	GB	Europe/London
Katrineholm	SE	Europe/Stockholm
An Nūbārīyah	EG	Africa/Cairo
Bewar	IN	Asia/Kolkata
Heverlee	BE	Europe/Brussels
Tam Giang	VN	Asia/Ho_Chi_Minh
Marampilly	IN	Asia/Kolkata
Crestview	US	America/Chicago
Keene	US	America/New_York
Ndali	BJ	Africa/Porto-Novo
Lihe	CN	Asia/Shanghai
Sete Rios	PT	Europe/Lisbon
Niamtougou	TG	Africa/Lome
Estácio	BR	America/Sao_Paulo
Greenwood	US	America/New_York
Villa Gesell	AR	America/Argentina/Buenos_Aires
Schoemansdal	ZA	Africa/Johannesburg
Calimete	CU	America/Havana
Kroya	ID	Asia/Jakarta
el Besòs i el Maresme	ES	Europe/Madrid
Dubăsari	MD	Europe/Chisinau
Brighton	AU	Australia/Melbourne
Al Mash‘ilīyah	SA	Asia/Riyadh
Od	IN	Asia/Kolkata
Pontinha	PT	Europe/Lisbon
Divichibazar	AZ	Asia/Baku
Tapa	IN	Asia/Kolkata
Bilthoven	NL	Europe/Amsterdam
Mine	JP	Asia/Tokyo
Bandar Tun Razak	MY	Asia/Kuala_Lumpur
São João de Pirabas	BR	America/Belem
Santo Antônio de Posse	BR	America/Sao_Paulo
Pallandri	PK	Asia/Karachi
Loanda	BR	America/Sao_Paulo
Kozyatyn	UA	Europe/Kyiv
Motul	MX	America/Merida
Ängelholm	SE	Europe/Stockholm
Gallup	US	America/Denver
Coreaú	BR	America/Fortaleza
Schijndel	NL	Europe/Amsterdam
Senador Guiomard	BR	America/Rio_Branco
Bedford Park-Nortown	CA	America/Toronto
Turabah	SA	Asia/Riyadh
Vaikam	IN	Asia/Kolkata
Sobradinho	BR	America/Bahia
South Old Bridge	US	America/New_York
Biankouma	CI	Africa/Abidjan
Káto Polemídia	CY	Asia/Nicosia
Cambre	ES	Europe/Madrid
Duncan	US	America/Chicago
Fabriano	IT	Europe/Rome
Tecumseh	CA	America/Toronto
Kērkandi	IN	Asia/Kolkata
Beersel	BE	Europe/Brussels
San Sebastiano	IT	Europe/Rome
Macomia	MZ	Africa/Maputo
Świebodzice	PL	Europe/Warsaw
Colachel	IN	Asia/Kolkata
Bissāu	IN	Asia/Kolkata
Dupont Circle	US	America/New_York
Sāhibganj	IN	Asia/Kolkata
Nuenen	NL	Europe/Amsterdam
Lalor	AU	Australia/Melbourne
Tatsuno-kita	JP	Asia/Tokyo
Chiffa	DZ	Africa/Algiers
Sisophon	KH	Asia/Phnom_Penh
Tata	HU	Europe/Budapest
Santa Fe de Antioquia	CO	America/Bogota
Mabéhiri	CI	Africa/Abidjan
Ah Lel	MM	Asia/Yangon
Grande-Synthe	FR	Europe/Paris
Culion	PH	Asia/Manila
Cambará	BR	America/Sao_Paulo
Cessnock	AU	Australia/Sydney
Pontbuiten	SR	America/Paramaribo
Griffin	US	America/New_York
Sucre	CO	America/Bogota
Sibaté	CO	America/Bogota
Zikhron Ya‘aqov	IL	Asia/Jerusalem
Loandjili	CG	Africa/Brazzaville
Gobēsa	ET	Africa/Addis_Ababa
Wegeda	ET	Africa/Addis_Ababa
Opit	UG	Africa/Kampala
Karmāla	IN	Asia/Kolkata
Dolton	US	America/Chicago
Muggiò	IT	Europe/Rome
Pfaffenhofen an der Ilm	DE	Europe/Berlin
Feira Grande	BR	America/Maceio
Tharangambadi	IN	Asia/Kolkata
Al Mishkhāb	IQ	Asia/Baghdad
Biancavilla	IT	Europe/Rome
Tcholliré	CM	Africa/Douala
Zeribet el Oued	DZ	Africa/Algiers
Judibana	VE	America/Caracas
Staßfurt	DE	Europe/Berlin
Shirahamachō-usazakiminami	JP	Asia/Tokyo
Kiên Hải	VN	Asia/Ho_Chi_Minh
‘Ālī Shahr	IR	Asia/Tehran
Marki	PL	Europe/Warsaw
Nadodrze	PL	Europe/Warsaw
Webster Groves	US	America/Chicago
Awgu	NG	Africa/Lagos
Yanacancha	PE	America/Lima
Ponteareas	ES	Europe/Madrid
Putten	NL	Europe/Amsterdam
Belton	US	America/Chicago
Columbus	US	America/Chicago
Conceição do Mato Dentro	BR	America/Sao_Paulo
Hinakallu	IN	Asia/Kolkata
Mudanya	TR	Europe/Istanbul
Thiruvankulam	IN	Asia/Kolkata
Uenohara	JP	Asia/Tokyo
Mu’er	CN	Asia/Shanghai
Tiruverumbūr	IN	Asia/Kolkata
Kudachi	IN	Asia/Kolkata
Redhill	ZA	Africa/Johannesburg
Ribas do Rio Pardo	BR	America/Campo_Grande
Jesús del Monte	MX	America/Mexico_City
Denison	US	America/Chicago
East Elmhurst	US	America/New_York
Taesal-li	KR	Asia/Seoul
Riedstadt	DE	Europe/Berlin
Waw	MM	Asia/Yangon
Robina	AU	Australia/Brisbane
Seondha	IN	Asia/Kolkata
Quedlinburg	DE	Europe/Berlin
Greytown	ZA	Africa/Johannesburg
Masis	AM	Asia/Yerevan
Kerrville	US	America/Chicago
La Valette-du-Var	FR	Europe/Paris
Brody	UA	Europe/Kyiv
Pooler	US	America/New_York
Mequon	US	America/Chicago
Sasel	DE	Europe/Berlin
Kurduvādi	IN	Asia/Kolkata
Vicksburg	US	America/Chicago
Mattigiri	IN	Asia/Kolkata
Governador Nunes Freire	BR	America/Fortaleza
Glostrup	DK	Europe/Copenhagen
Alvarado	MX	America/Mexico_City
Wright	US	America/Chicago
Morrisania	US	America/New_York
Quissamã	BR	America/Sao_Paulo
Vel’sk	RU	Europe/Moscow
Zacualtipán	MX	America/Mexico_City
Lalganj	IN	Asia/Kolkata
Heanor	GB	Europe/London
Pacific Palisades	US	America/Los_Angeles
Palm City	US	America/New_York
Polasara	IN	Asia/Kolkata
Vänersborg	SE	Europe/Stockholm
Víbora	CU	America/Havana
Hoheluft-Ost	DE	Europe/Berlin
Middleborough	US	America/New_York
Iroopara	IN	Asia/Kolkata
Larvik	NO	Europe/Oslo
Trångsund	SE	Europe/Stockholm
San Jorge Pueblo Nuevo	MX	America/Mexico_City
Igaraçu do Tietê	BR	America/Sao_Paulo
Arnold	US	America/New_York
Bad Soden am Taunus	DE	Europe/Berlin
Hacıqabul	AZ	Asia/Baku
Gongmen	CN	Asia/Shanghai
Guanlong	CN	Asia/Shanghai
Massawa	ER	Africa/Asmara
Kele	ET	Africa/Addis_Ababa
La Mornaghia	TN	Africa/Tunis
Rákosszentmihály	HU	Europe/Budapest
Tearce	MK	Europe/Skopje
Oxkutzkab	MX	America/Merida
Isla Vista	US	America/Los_Angeles
Moulins	FR	Europe/Paris
Dampit	ID	Asia/Jakarta
Annaberg-Buchholz	DE	Europe/Berlin
Vero Beach South	US	America/New_York
Björlanda	SE	Europe/Stockholm
Ringsted	DK	Europe/Copenhagen
Orcasitas	ES	Europe/Madrid
Nakūr	IN	Asia/Kolkata
Narasingapuram	IN	Asia/Kolkata
Van Buren	US	America/Chicago
East Peoria	US	America/Chicago
Palmira	CU	America/Havana
Mont-Saint-Aignan	FR	Europe/Paris
Zafarwal	PK	Asia/Karachi
Landover	US	America/New_York
Stadthagen	DE	Europe/Berlin
Kampung Tanjung Minyak	MY	Asia/Kuala_Lumpur
Palwal Rural	IN	Asia/Kolkata
Windham	US	America/New_York
Al Finţās	KW	Asia/Kuwait
Pinamungahan	PH	Asia/Manila
Pallikonda	IN	Asia/Kolkata
Piteå	SE	Europe/Stockholm
Wudil	NG	Africa/Lagos
Lütgendortmund	DE	Europe/Berlin
Jurm	AF	Asia/Kabul
Jacksonville Beach	US	America/New_York
Yakınca	TR	Europe/Istanbul
Sehnde	DE	Europe/Berlin
Mooroolbark	AU	Australia/Melbourne
Asifābād	IN	Asia/Kolkata
Bungo-Takada-shi	JP	Asia/Tokyo
Calabasas	US	America/Los_Angeles
Almenara	ES	Europe/Madrid
Chapeltown	GB	Europe/London
Dom Pedro	BR	America/Fortaleza
Voinjama	LR	Africa/Monrovia
Broadmoor	CA	America/Vancouver
Montecalvario	IT	Europe/Rome
Keetmanshoop	NA	Africa/Windhoek
Akdağmadeni	TR	Europe/Istanbul
Pīpri	IN	Asia/Kolkata
Belovodskoye	KG	Asia/Bishkek
Indargarh	IN	Asia/Kolkata
Tochio-honchō	JP	Asia/Tokyo
Mansalay	PH	Asia/Manila
Solon	US	America/New_York
Truro	GB	Europe/London
Sivagiri	IN	Asia/Kolkata
Chantilly	US	America/New_York
San Lorenzo Acopilco	MX	America/Mexico_City
Lintan Chengguanzhen	CN	Asia/Shanghai
Starý Bohumín	CZ	Europe/Prague
Vadakkanandal	IN	Asia/Kolkata
Cabricán	GT	America/Guatemala
Monte Alegre	BR	America/Fortaleza
Bataguassu	BR	America/Campo_Grande
Montilla	ES	Europe/Madrid
Ancharakandy	IN	Asia/Kolkata
Siófok	HU	Europe/Budapest
Nangomba	TZ	Africa/Dar_es_Salaam
Candler-McAfee	US	America/New_York
Faversham	GB	Europe/London
Boumahra Ahmed	DZ	Africa/Algiers
Beloha	MG	Indian/Antananarivo
Sechura	PE	America/Lima
Huimin	CN	Asia/Shanghai
Chivasso	IT	Europe/Rome
Ladner	CA	America/Vancouver
Quipungo	AO	Africa/Luanda
Étampes	FR	Europe/Paris
Carmagnola	IT	Europe/Rome
Simunjan	MY	Asia/Kuching
Mons-en-Barœul	FR	Europe/Paris
Agde	FR	Europe/Paris
Sanza Pombo	AO	Africa/Luanda
Víbora Park	CU	America/Havana
Opladen	DE	Europe/Berlin
Neheim	DE	Europe/Berlin
El Bahay	ET	Africa/Addis_Ababa
Arerti	ET	Africa/Addis_Ababa
Ara Ali	ET	Africa/Addis_Ababa
Rawtenstall	GB	Europe/London
‘Aqrah	IQ	Asia/Baghdad
Scheveningen	NL	Europe/Amsterdam
Loon op Zand	NL	Europe/Amsterdam
Sremčica	RS	Europe/Belgrade
Urunda	TZ	Africa/Dar_es_Salaam
Enna	IT	Europe/Rome
Kajiki	JP	Asia/Tokyo
Cizhu	CN	Asia/Shanghai
Botolan	PH	Asia/Manila
Roselle	US	America/Chicago
Copiague	US	America/New_York
Westpark	US	America/Los_Angeles
Trikarpūr South	IN	Asia/Kolkata
Kouri	ML	Africa/Bamako
Aalsmeer	NL	Europe/Amsterdam
Mojtame‘-e Maskūnī-ye Nāmjū	IR	Asia/Tehran
São Jorge de Arroios	PT	Europe/Lisbon
Hukeri	IN	Asia/Kolkata
Lidköping	SE	Europe/Stockholm
Azla	MA	Africa/Casablanca
Otradnaya	RU	Europe/Moscow
Kakuma	KE	Africa/Nairobi
Munster	US	America/Chicago
Mombetsu	JP	Asia/Tokyo
Eravur Town	LK	Asia/Colombo
Bavly	RU	Europe/Moscow
Ladera Ranch	US	America/Los_Angeles
Bomfim	PT	Europe/Lisbon
Saint-Ouen-l'Aumône	FR	Europe/Paris
Todabhim	IN	Asia/Kolkata
Kovancılar	TR	Europe/Istanbul
Dillenburg	DE	Europe/Berlin
Krychaw	BY	Europe/Minsk
Llíria	ES	Europe/Madrid
Motomachi	JP	Asia/Tokyo
Litherland	GB	Europe/London
Labuleng	CN	Asia/Shanghai
Lebedyan’	RU	Europe/Moscow
Il’skiy	RU	Europe/Moscow
Papalotla	MX	America/Mexico_City
Mendeleyevsk	RU	Europe/Moscow
Pehlādpur Bāngar	IN	Asia/Kolkata
Dooru Verinag	IN	Asia/Kolkata
Hwacheon	KR	Asia/Seoul
Lisle	US	America/Chicago
Tiruchanur	IN	Asia/Kolkata
Helao Nafidi	NA	Africa/Windhoek
Encantado	BR	America/Sao_Paulo
Anak Bukit	SG	Asia/Singapore
İdil	TR	Europe/Istanbul
Gaztambide	ES	Europe/Madrid
Paradise	CA	America/St_Johns
Maghār	IL	Asia/Jerusalem
Termini Imerese	IT	Europe/Rome
Rodolfo Sánchez Taboada	MX	America/Tijuana
Bad Harzburg	DE	Europe/Berlin
Kot Samaba	PK	Asia/Karachi
Picnic Point-North Lynnwood	US	America/Los_Angeles
East Naples	US	America/New_York
Tuban	ID	Asia/Makassar
Whitehaven	GB	Europe/London
Kanhān	IN	Asia/Kolkata
Ṟuwandiz	IQ	Asia/Baghdad
Crystal	US	America/Chicago
Cloverleaf	US	America/Chicago
Dixiana	US	America/Chicago
Kamata	JP	Asia/Tokyo
Gopavaram	IN	Asia/Kolkata
Highland	US	America/Chicago
Aradíppou	CY	Asia/Nicosia
Swinton	GB	Europe/London
Guihulñgan	PH	Asia/Manila
Wetteren	BE	Europe/Brussels
Şafwān	IQ	Asia/Baghdad
Vattalkundu	IN	Asia/Kolkata
Ardahan	TR	Europe/Istanbul
Machesney Park	US	America/Chicago
Morgan Park	US	America/Chicago
Klatovy	CZ	Europe/Prague
Vertou	FR	Europe/Paris
Dhamanagar	IN	Asia/Kolkata
Nafada	NG	Africa/Lagos
Hanwella Ihala	LK	Asia/Colombo
Kilkís	GR	Europe/Athens
Dhafní	GR	Europe/Athens
Dankov	RU	Europe/Moscow
Nagold	DE	Europe/Berlin
Narian-Mar	RU	Europe/Kirov
Volla	IT	Europe/Rome
Chrang Chamreh Muoy	KH	Asia/Phnom_Penh
Comrat	MD	Europe/Chisinau
Duderstadt	DE	Europe/Berlin
San Antonio de Areco	AR	America/Argentina/Buenos_Aires
Santa Luzia	BR	America/Fortaleza
Neusäß	DE	Europe/Berlin
Saidpur	IN	Asia/Kolkata
Sibbo	FI	Europe/Helsinki
Khā̃dbāri̇̄	NP	Asia/Kathmandu
Shahriston	TJ	Asia/Dushanbe
Zhuxi	CN	Asia/Shanghai
Sheno	ET	Africa/Addis_Ababa
Kachīsī	ET	Africa/Addis_Ababa
Gīmbīcho	ET	Africa/Addis_Ababa
Bukit Tambun	MY	Asia/Kuala_Lumpur
Dar	KH	Asia/Phnom_Penh
Trinidad	UY	America/Montevideo
El ’Ayoûn	MR	Africa/Nouakchott
Tittagudi	IN	Asia/Kolkata
Noe Valley	US	America/Los_Angeles
Hamme	BE	Europe/Brussels
Quattromiglia	IT	Europe/Rome
Phulpur	IN	Asia/Kolkata
East Tremont	US	America/New_York
Pelham	US	America/Chicago
San Antonio de Cortés	HN	America/Tegucigalpa
Lafey	KE	Africa/Nairobi
Kunnatnād	IN	Asia/Kolkata
Dalmine	IT	Europe/Rome
Victoria	SC	Indian/Mahe
Jharoda Mazra Burāri	IN	Asia/Kolkata
Rivera	CO	America/Bogota
Edineţ	MD	Europe/Chisinau
Ngoro	ID	Asia/Jakarta
Auburn	US	America/New_York
Tremont	US	America/New_York
Athlone	IE	Europe/Dublin
Karhula	FI	Europe/Helsinki
Capela do Alto	BR	America/Sao_Paulo
Karanjiā	IN	Asia/Kolkata
Glenmore Park	AU	Australia/Sydney
Paranatinga	BR	America/Cuiaba
Sinngu	MM	Asia/Yangon
Sainte-Anne	GP	America/Guadeloupe
Waltham Abbey	GB	Europe/London
Zambrów	PL	Europe/Warsaw
Sant Pere, Santa Caterina i La Ribera	ES	Europe/Madrid
Posillipo	IT	Europe/Rome
Lincolnia	US	America/New_York
Vícar	ES	Europe/Madrid
Sāngaria	IN	Asia/Kolkata
Trebišov	SK	Europe/Bratislava
Severskaya	RU	Europe/Moscow
Royton	GB	Europe/London
Balarāmpur	IN	Asia/Kolkata
Arcos de Valdevez	PT	Europe/Lisbon
Hennenman	ZA	Africa/Johannesburg
Aramboli	IN	Asia/Kolkata
Tocantinópolis	BR	America/Araguaina
Ubaidullāhganj	IN	Asia/Kolkata
Tsumeb	NA	Africa/Windhoek
El Calafate	AR	America/Argentina/Rio_Gallegos
Forst	DE	Europe/Berlin
Hollola	FI	Europe/Helsinki
Montgeron	FR	Europe/Paris
Lubartów	PL	Europe/Warsaw
Kingori	TZ	Africa/Dar_es_Salaam
Las Pintas de Arriba	MX	America/Mexico_City
Chitarpur	IN	Asia/Kolkata
Dokuchayevsk	UA	Europe/Kyiv
Almendrales	ES	Europe/Madrid
Walton-on-Thames	GB	Europe/London
Kumano	JP	Asia/Tokyo
Zapotiltic	MX	America/Mexico_City
Naraingarh	IN	Asia/Kolkata
Río Chico	VE	America/Caracas
Sāmbhar	IN	Asia/Kolkata
Tixtla de Guerrero	MX	America/Mexico_City
Danghara	TJ	Asia/Dushanbe
Valinda	US	America/Los_Angeles
Lustenau	AT	Europe/Vienna
Shima	CN	Asia/Shanghai
Oued el Abtal	DZ	Africa/Algiers
Marysville	US	America/New_York
Illapel	CL	America/Santiago
Wellington	GB	Europe/London
Vellūr	IN	Asia/Kolkata
Fatehnagar	IN	Asia/Kolkata
Valmiera	LV	Europe/Riga
Campo de la Cruz	CO	America/Bogota
Igugunu	TZ	Africa/Dar_es_Salaam
Willebroek	BE	Europe/Brussels
Santa Teresa	BR	America/Sao_Paulo
Para	CI	Africa/Abidjan
Kanmaki	JP	Asia/Tokyo
Haines City	US	America/New_York
Campo Verde	BR	America/Campo_Grande
Kyabé	TD	Africa/Ndjamena
Woodford Green	GB	Europe/London
Grajewo	PL	Europe/Warsaw
Kalk	DE	Europe/Berlin
Raghunathpur	IN	Asia/Kolkata
Artashat	AM	Asia/Yerevan
Wenago	ET	Africa/Addis_Ababa
Rubanda	UG	Africa/Kampala
São José do Vale do Rio Preto	BR	America/Sao_Paulo
Columbus	US	America/Chicago
Pedra	BR	America/Recife
Frontera	MX	America/Mexico_City
Bristol	US	America/New_York
Millbrae	US	America/Los_Angeles
Alcalá la Real	ES	Europe/Madrid
Cariboo	CA	America/Vancouver
Newberg	US	America/Los_Angeles
Tashtagol	RU	Asia/Novokuznetsk
Eglinton East	CA	America/Toronto
Atlacomulco de Fabela	MX	America/Mexico_City
El Gara	MA	Africa/Casablanca
Tomares	ES	Europe/Madrid
Maisons-Laffitte	FR	Europe/Paris
Törökszentmiklós	HU	Europe/Budapest
Ogre	LV	Europe/Riga
Pariyāpuram	IN	Asia/Kolkata
Öhringen	DE	Europe/Berlin
Acajutla	SV	America/El_Salvador
Baravāt	IR	Asia/Tehran
Barro	BR	America/Fortaleza
The Crossings	US	America/New_York
Ibi	NG	Africa/Lagos
‘Izrā	JO	Asia/Amman
Valley Station	US	America/Kentucky/Louisville
Itambé	BR	America/Bahia
Morrinhos	BR	America/Fortaleza
Imi-n-Tanout	MA	Africa/Casablanca
Lennox	US	America/Los_Angeles
East Lake-Orient Park	US	America/New_York
Kafr Kannā	IL	Asia/Jerusalem
Kasrāwad	IN	Asia/Kolkata
Rainville	SR	America/Paramaribo
Lāthi	IN	Asia/Kolkata
Takabō	JP	Asia/Tokyo
Nefta	TN	Africa/Tunis
Manuel Ojinaga	MX	America/Ojinaga
Tortona	IT	Europe/Rome
Droichead Nua	IE	Europe/Dublin
Gunjur	GM	Africa/Banjul
Melíssia	GR	Europe/Athens
Sühbaatar	MN	Asia/Ulaanbaatar
Undurkhaan	MN	Asia/Ulaanbaatar
Nový Jičín	CZ	Europe/Prague
Dugda	IN	Asia/Kolkata
Tennō	JP	Asia/Tokyo
Khirkiya	IN	Asia/Kolkata
Schmargendorf	DE	Europe/Berlin
Seveso	IT	Europe/Rome
Ghubaysh	SD	Africa/Khartoum
Mudgal	IN	Asia/Kolkata
Takanawa	JP	Asia/Tokyo
Farmington	US	America/Chicago
Curchorem	IN	Asia/Kolkata
Dunajská Streda	SK	Europe/Bratislava
Wilsonville	US	America/Los_Angeles
Vimercate	IT	Europe/Rome
Garmdarreh	IR	Asia/Tehran
Banqiao	CN	Asia/Shanghai
Tràm Chim	VN	Asia/Ho_Chi_Minh
Hutto	US	America/Chicago
Comillas	ES	Europe/Madrid
Chorwād	IN	Asia/Kolkata
Pulü	CN	Asia/Shanghai
Le Puy-en-Velay	FR	Europe/Paris
Laguna City	HK	Asia/Hong_Kong
Dabeiba	CO	America/Bogota
Medeiros Neto	BR	America/Bahia
Madhira	IN	Asia/Kolkata
Aripuanã	BR	America/Cuiaba
Kādiganpalli	IN	Asia/Kolkata
Lerma de Villada	MX	America/Mexico_City
Akaltara	IN	Asia/Kolkata
Bondo	KE	Africa/Nairobi
Kapellen	DE	Europe/Berlin
Bloomingdale	US	America/New_York
West Odessa	US	America/Chicago
Inglewood-Finn Hill	US	America/Los_Angeles
Ceadîr-Lunga	MD	Europe/Chisinau
Koz’modem’yansk	RU	Europe/Moscow
Tog Wajaale	SO	Africa/Mogadishu
Lengerich	DE	Europe/Berlin
Etmadpur	IN	Asia/Kolkata
Bang Kho Laem	TH	Asia/Bangkok
Bang Kho Laem subdistrict	TH	Asia/Bangkok
Takinomiya	JP	Asia/Tokyo
Onega	RU	Europe/Moscow
Oak Harbor	US	America/Los_Angeles
Inhapim	BR	America/Sao_Paulo
Le Moule	GP	America/Guadeloupe
Le Petit-Quevilly	FR	Europe/Paris
Kampot	KH	Asia/Phnom_Penh
Katghora	IN	Asia/Kolkata
‘Ewa Gentry	US	Pacific/Honolulu
Godalming	GB	Europe/London
Matinkylä	FI	Europe/Helsinki
Da Nyin Kone	MM	Asia/Yangon
Mingda	CN	Asia/Shanghai
Kirovgrad	RU	Asia/Yekaterinburg
Oak Ridge	US	America/New_York
Tongyangdao	CN	Asia/Shanghai
Rosemont	US	America/Los_Angeles
Yafran	LY	Africa/Tripoli
Patos Fshat	AL	Europe/Tirane
Erdek	TR	Europe/Istanbul
Kėdainiai	LT	Europe/Vilnius
Tequixquiac	MX	America/Mexico_City
Abaeté	BR	America/Sao_Paulo
Frederikshavn	DK	Europe/Copenhagen
Auburn Hills	US	America/Detroit
Bartley Green	GB	Europe/London
Beihai	CN	Asia/Shanghai
An Muileann gCearr	IE	Europe/Dublin
Kone Ta La Paung	MM	Asia/Yangon
Meda	IT	Europe/Rome
Desenzano del Garda	IT	Europe/Rome
Yŏnan-ŭp	KP	Asia/Pyongyang
Halifax West End	CA	America/Halifax
Ponda	IN	Asia/Kolkata
Lohāra	IN	Asia/Kolkata
Pottstown	US	America/New_York
Horgen	CH	Europe/Zurich
Conversano	IT	Europe/Rome
Llaillay	CL	America/Santiago
Iglesias	IT	Europe/Rome
San Mateo Otzacatipan	MX	America/Mexico_City
Drzetowo-Grabowo	PL	Europe/Warsaw
Čadca	SK	Europe/Bratislava
Palma di Montechiaro	IT	Europe/Rome
Cumbum	IN	Asia/Kolkata
Ostrów Mazowiecka	PL	Europe/Warsaw
Estrella	ES	Europe/Madrid
Namacurra	MZ	Africa/Maputo
Goirle	NL	Europe/Amsterdam
Nāḩiyat ash Shināfīyah	IQ	Asia/Baghdad
Mariano Comense	IT	Europe/Rome
Mātābhānga	IN	Asia/Kolkata
Potters Bar	GB	Europe/London
Gobabis	NA	Africa/Windhoek
Lormont	FR	Europe/Paris
West Puente Valley	US	America/Los_Angeles
Santo Tomé	AR	America/Argentina/Cordoba
Areia	BR	America/Fortaleza
Southbank	AU	Australia/Melbourne
Maple Heights	US	America/New_York
Willoughby	US	America/New_York
Novotitarovskaya	RU	Europe/Moscow
Benbrook	US	America/Chicago
Zarautz	ES	Europe/Madrid
Cranford	US	America/New_York
Carbonara di Bari	IT	Europe/Rome
Olteniţa	RO	Europe/Bucharest
Bushenge	RW	Africa/Kigali
Chala	TZ	Africa/Dar_es_Salaam
Chiềng Cơi	VN	Asia/Bangkok
Shibao	CN	Asia/Shanghai
Jaitāran	IN	Asia/Kolkata
Vedder Crossing	CA	America/Vancouver
Gabiadji	CI	Africa/Abidjan
San Miguel Coatlinchán	MX	America/Mexico_City
Bang Bon Nuea	TH	Asia/Bangkok
Kant	KG	Asia/Bishkek
Sarandë	AL	Europe/Tirane
Garden City	US	America/New_York
Chambly	CA	America/Toronto
Zolochiv	UA	Europe/Kyiv
Quaraí	BR	America/Sao_Paulo
Olivet	FR	Europe/Paris
Lajas	CU	America/Havana
Isernhagen Farster Bauerschaft	DE	Europe/Berlin
Nizhnyaya Tura	RU	Asia/Yekaterinburg
Namutumba	UG	Africa/Kampala
Tāoru	IN	Asia/Kolkata
Schwetzingen	DE	Europe/Berlin
Fasano	IT	Europe/Rome
Opoczno	PL	Europe/Warsaw
Sliema	MT	Europe/Malta
Lehragaga	IN	Asia/Kolkata
Jāmai	IN	Asia/Kolkata
Saint-Nicolas	BE	Europe/Brussels
Priego de Córdoba	ES	Europe/Madrid
Seaford	GB	Europe/London
Forest Lake	AU	Australia/Brisbane
Qīr Moāv	JO	Asia/Amman
Moche	PE	America/Lima
Westerlo	BE	Europe/Brussels
Camacan	BR	America/Bahia
Batu Arang	MY	Asia/Kuala_Lumpur
Sholavandan	IN	Asia/Kolkata
Pedro Meoqui	MX	America/Chihuahua
Barreira	BR	America/Fortaleza
San Vicente	CL	America/Santiago
Campoalegre	CO	America/Bogota
Valašské Meziříčí	CZ	Europe/Prague
Nāgod	IN	Asia/Kolkata
Magenta	IT	Europe/Rome
Apas	PH	Asia/Manila
Farmington	US	America/Denver
Khairāgarh	IN	Asia/Kolkata
Jüchen	DE	Europe/Berlin
Kurikuppi	IN	Asia/Kolkata
Wasco	US	America/Chicago
Ariyallur	IN	Asia/Kolkata
Zekeriya	TR	Europe/Istanbul
Riley Park	CA	America/Vancouver
Pukhrāyān	IN	Asia/Kolkata
Valdagno	IT	Europe/Rome
Medvedevo	RU	Europe/Moscow
Hastings	US	America/Chicago
Rāman	IN	Asia/Kolkata
Enköping	SE	Europe/Stockholm
Somerset East	ZA	Africa/Johannesburg
Barbate	ES	Europe/Madrid
Kahuta	PK	Asia/Karachi
Lalago	TZ	Africa/Dar_es_Salaam
Dandenong North	AU	Australia/Melbourne
Alfreton	GB	Europe/London
El Salto	MX	America/Mexico_City
Letterkenny	IE	Europe/Dublin
Sirsi	IN	Asia/Kolkata
Haren	DE	Europe/Berlin
Rees	DE	Europe/Berlin
Avon	US	America/New_York
Munsha‘at Abū ‘Umar	EG	Africa/Cairo
Bafilo	TG	Africa/Lome
Waisai	ID	Asia/Jayapura
San José del Valle	MX	America/Mazatlan
Meng’a	CN	Asia/Shanghai
Morley	AU	Australia/Perth
Primer Ensanche	ES	Europe/Madrid
Segundo Ensanche	ES	Europe/Madrid
Furukawa	JP	Asia/Tokyo
Hida	JP	Asia/Tokyo
Kampung Sedenak	MY	Asia/Kuala_Lumpur
Visitacion Valley	US	America/Los_Angeles
San Francisco Zapotitlán	GT	America/Guatemala
Reichenbach/Vogtland	DE	Europe/Berlin
Ozoir-la-Ferrière	FR	Europe/Paris
Bankāpur	IN	Asia/Kolkata
Gambiran Satu	ID	Asia/Jakarta
Sidi Rahal	MA	Africa/Casablanca
North Augusta	US	America/New_York
Godoli	IN	Asia/Kolkata
Diest	BE	Europe/Brussels
Murayama	JP	Asia/Tokyo
Kamal	ID	Asia/Jakarta
Baswa	IN	Asia/Kolkata
Rājmahal	IN	Asia/Kolkata
Itinga do Maranhão	BR	America/Fortaleza
Qiryat Shmona	IL	Asia/Jerusalem
Nambol	IN	Asia/Kolkata
Mutxamel	ES	Europe/Madrid
Le Plessis-Robinson	FR	Europe/Paris
Namasuba	UG	Africa/Kampala
Eisleben Lutherstadt	DE	Europe/Berlin
Goleniów	PL	Europe/Warsaw
Nadvirna	UA	Europe/Kyiv
Gorelovo	RU	Europe/Moscow
Belaga	MY	Asia/Kuching
Villa Ortúzar	AR	America/Argentina/Buenos_Aires
Saint-Ghislain	BE	Europe/Brussels
Chieti Scalo	IT	Europe/Rome
Vikhorevka	RU	Asia/Irkutsk
Vilcún	CL	America/Santiago
Sirakoro Méguétana	ML	Africa/Bamako
Guilford	US	America/New_York
Città di Castello	IT	Europe/Rome
Kaminoma	JP	Asia/Tokyo
Gumaca	PH	Asia/Manila
Cottage Lake	US	America/Los_Angeles
Genç	TR	Europe/Istanbul
Alcobaça	BR	America/Bahia
Kadima Zoran	IL	Asia/Jerusalem
Mejorada del Campo	ES	Europe/Madrid
Moscavide e Portela	PT	Europe/Lisbon
Karakul’	UZ	Asia/Samarkand
Tulsīpur	IN	Asia/Kolkata
Bikram	IN	Asia/Kolkata
Trizidela do Vale	BR	America/Fortaleza
Dawan	CN	Asia/Shanghai
Belūr	IN	Asia/Kolkata
Sānehwāl	IN	Asia/Kolkata
Diamantino	BR	America/Cuiaba
Sisauli	IN	Asia/Kolkata
Mount Pearl	CA	America/St_Johns
Corcoran	US	America/Los_Angeles
General Villegas	AR	America/Argentina/Buenos_Aires
Yuli	CN	Asia/Urumqi
Bad Mergentheim	DE	Europe/Berlin
Melrose	US	America/New_York
East Patchogue	US	America/New_York
Gongdanglegi Kulon	ID	Asia/Jakarta
Voorschoten	NL	Europe/Amsterdam
Černý Most	CZ	Europe/Prague
Shuen Wan	HK	Asia/Hong_Kong
Hornsby	AU	Australia/Sydney
Caculé	BR	America/Bahia
Řepy	CZ	Europe/Prague
Lunsar	SL	Africa/Freetown
West Springfield	US	America/New_York
Ladyzhyn	UA	Europe/Kyiv
Buriti Bravo	BR	America/Fortaleza
Natagaima	CO	America/Bogota
Cosoleacaque	MX	America/Mexico_City
Kanniyākumāri	IN	Asia/Kolkata
Porto Grande	BR	America/Belem
New Fes	MA	Africa/Casablanca
Vereshchagino	RU	Asia/Yekaterinburg
Otamanivka	UA	Europe/Kyiv
Itezhi-Tezhi	ZM	Africa/Lusaka
Wahiawā-Whitmore	US	Pacific/Honolulu
Senapparetti	IN	Asia/Kolkata
Dambai	GH	Africa/Accra
Saikū	JP	Asia/Tokyo
Tha Mai	TH	Asia/Bangkok
Burj al ‘Arab	EG	Africa/Cairo
Znamyanka	UA	Europe/Kyiv
South Ockendon	GB	Europe/London
Hudson	US	America/New_York
Shizunai-furukawachō	JP	Asia/Tokyo
Kafr Takhārīm	SY	Asia/Damascus
An Nāşirīyah	EG	Africa/Cairo
Massarosa	IT	Europe/Rome
Yongle	CN	Asia/Shanghai
Tejar	CR	America/Costa_Rica
Naraura	IN	Asia/Kolkata
Pirajuí	BR	America/Sao_Paulo
Losser	NL	Europe/Amsterdam
Eving	DE	Europe/Berlin
Conil de la Frontera	ES	Europe/Madrid
Ōkuchi-shinohara	JP	Asia/Tokyo
Gympie	AU	Australia/Brisbane
Dianópolis	BR	America/Araguaina
Port Hueneme	US	America/Los_Angeles
Bédiala	CI	Africa/Abidjan
Laajasalo	FI	Europe/Helsinki
Kenilworth	GB	Europe/London
Orobó	BR	America/Recife
Vreden	DE	Europe/Berlin
Ngawi	ID	Asia/Jakarta
Ishikawa	JP	Asia/Tokyo
Büdingen	DE	Europe/Berlin
Molde	NO	Europe/Oslo
Quba	AZ	Asia/Baku
Kailāshahar	IN	Asia/Kolkata
Waldshut-Tiengen	DE	Europe/Berlin
Tizi-n-Tleta	DZ	Africa/Algiers
Eschborn	DE	Europe/Berlin
Holiday	US	America/New_York
Triparappu	IN	Asia/Kolkata
Bignay Uno	PH	Asia/Manila
Near South Side	US	America/Chicago
Sifra	ET	Africa/Addis_Ababa
Shakhun’ya	RU	Europe/Moscow
Nuku‘alofa	TO	Pacific/Tongatapu
Kiboga	UG	Africa/Kampala
Pýrgos	GR	Europe/Athens
Vignola	IT	Europe/Rome
Cenon	FR	Europe/Paris
Freire	CL	America/Santiago
Deogarh	IN	Asia/Kolkata
Muritiba	BR	America/Bahia
Chuka	KE	Africa/Nairobi
Radcliff	US	America/New_York
Boukoumbé	BJ	Africa/Porto-Novo
Imperial	ES	Europe/Madrid
Werder	DE	Europe/Berlin
Parque das Nações	PT	Europe/Lisbon
Goiás	BR	America/Sao_Paulo
Sofo-Birnin-Gwari	NG	Africa/Lagos
Middelburg	ZA	Africa/Johannesburg
Rātu	IN	Asia/Kolkata
Puthencruz	IN	Asia/Kolkata
Hopewell	US	America/New_York
Yongjia	CN	Asia/Shanghai
Tsirang	BT	Asia/Thimphu
New Castle	US	America/New_York
Seaham	GB	Europe/London
Grand Boulevard	US	America/Chicago
Englemount-Lawrence	CA	America/Toronto
Kurandvād	IN	Asia/Kolkata
Karcag	HU	Europe/Budapest
Ar Ruţbah	IQ	Asia/Baghdad
Yarumal	CO	America/Bogota
Portalegre	PT	Europe/Lisbon
Mazouna	DZ	Africa/Algiers
Palafrugell	ES	Europe/Madrid
South Elgin	US	America/Chicago
Nahrīn	AF	Asia/Kabul
Leutkirch	DE	Europe/Berlin
Sergach	RU	Europe/Moscow
Apuí	BR	America/Manaus
Cumaru do Norte	BR	America/Belem
Timurni	IN	Asia/Kolkata
Thornaby-on-Tees	GB	Europe/London
Pachgaon	IN	Asia/Kolkata
San José de Barlovento	VE	America/Caracas
Prichard	US	America/Chicago
New Brighton	US	America/Chicago
São Vicente Ferrer	BR	America/Fortaleza
San Lazzaro	IT	Europe/Rome
Anniston	US	America/Chicago
Pomezia	IT	Europe/Rome
Lebu	CL	America/Santiago
Ras el Ma	MA	Africa/Casablanca
Cedro	BR	America/Fortaleza
Palm Springs	US	America/New_York
Tanjung Sepat	MY	Asia/Kuala_Lumpur
Ruston	US	America/Chicago
Rahata	IN	Asia/Kolkata
Riachão das Neves	BR	America/Bahia
Quirinópolis	BR	America/Sao_Paulo
Gulu	CN	Asia/Shanghai
Manjai Kunda	GM	Africa/Banjul
Gualaco	HN	America/Tegucigalpa
Koundara	GN	Africa/Conakry
Eislingen	DE	Europe/Berlin
Wilmington	US	America/New_York
Pāli	IN	Asia/Kolkata
Hawthorn	AU	Australia/Melbourne
Combs-la-Ville	FR	Europe/Paris
Barceloneta	PR	America/Puerto_Rico
Valadares	PT	Europe/Lisbon
Lisse	NL	Europe/Amsterdam
Bhawānīgarh	IN	Asia/Kolkata
Suket	IN	Asia/Kolkata
Motru	RO	Europe/Bucharest
Edmonds	CA	America/Vancouver
Midlothian	US	America/Chicago
Ấp Hô Phòng	VN	Asia/Ho_Chi_Minh
Oxford	US	America/Chicago
Candeias do Jamari	BR	America/Porto_Velho
Nova Milanese	IT	Europe/Rome
Bryukhovetskaya	RU	Europe/Moscow
Panniyannūr	IN	Asia/Kolkata
Batu Kurau	MY	Asia/Kuala_Lumpur
Panghai	CN	Asia/Shanghai
Baraki Barak	AF	Asia/Kabul
Dax	FR	Europe/Paris
Coswig	DE	Europe/Berlin
Tabligbo	TG	Africa/Lome
Krnov	CZ	Europe/Prague
Aghsu	AZ	Asia/Baku
Piúma	BR	America/Sao_Paulo
Bundibugyo	UG	Africa/Kampala
Malvern East	AU	Australia/Melbourne
Ban Kamala	TH	Asia/Bangkok
Catete	BR	America/Sao_Paulo
Hartbeesfontein	ZA	Africa/Johannesburg
Quixeré	BR	America/Fortaleza
Birchcliffe-Cliffside	CA	America/Toronto
Neustrelitz	DE	Europe/Berlin
Tiverton	GB	Europe/London
Ivohibe	MG	Indian/Antananarivo
Park Way	BR	America/Sao_Paulo
San Lorenzo	HN	America/Tegucigalpa
Sandyford	IE	Europe/Dublin
Borssele	NL	Europe/Amsterdam
Tafiré	CI	Africa/Abidjan
Ath Thumāmah Sab‘ah wa Arba‘ūn	QA	Asia/Qatar
Ath Thumāmah Sittah wa Arba‘ūn	QA	Asia/Qatar
Ath Thumāmah Khamsūn	QA	Asia/Qatar
Bohu	CN	Asia/Urumqi
Setti Fatma	MA	Africa/Casablanca
Balamban	PH	Asia/Manila
Mutuípe	BR	America/Bahia
San Martín	CO	America/Bogota
Monte Aprazível	BR	America/Sao_Paulo
Strakonice	CZ	Europe/Prague
Senden	DE	Europe/Berlin
Kasamatsuchō	JP	Asia/Tokyo
Khanpur Mahar	PK	Asia/Karachi
Lordelo do Ouro	PT	Europe/Lisbon
Cerro Azul	MX	America/Mexico_City
Buan	KR	Asia/Seoul
Demba	CD	Africa/Lubumbashi
Büren	DE	Europe/Berlin
Hingorja	PK	Asia/Karachi
Koprivnica	HR	Europe/Zagreb
Oakdale	US	America/Los_Angeles
Litvínov	CZ	Europe/Prague
Wanshun	CN	Asia/Shanghai
Darien	US	America/Chicago
Gulebage	CN	Asia/Urumqi
Vukovar	HR	Europe/Zagreb
Bloomingdale	US	America/Chicago
Lolodorf	CM	Africa/Douala
Frontignan	FR	Europe/Paris
Ādanāttutekkumuri Kizhakku	IN	Asia/Kolkata
El Hermel	LB	Asia/Beirut
Ankola	IN	Asia/Kolkata
Mariāhu	IN	Asia/Kolkata
Ayaviri	PE	America/Lima
Rockcliffe-Smythe	CA	America/Toronto
Silvânia	BR	America/Sao_Paulo
Lubań	PL	Europe/Warsaw
Carira	BR	America/Maceio
Eilbek	DE	Europe/Berlin
Tupiza	BO	America/La_Paz
Porto Sant'Elpidio	IT	Europe/Rome
Kilapavoor	IN	Asia/Kolkata
Menzel Jemil	TN	Africa/Tunis
İznik	TR	Europe/Istanbul
Montecarlo	AR	America/Argentina/Cordoba
Ibiá	BR	America/Sao_Paulo
Chebba	TN	Africa/Tunis
Rāmavarappādu	IN	Asia/Kolkata
Snina	SK	Europe/Bratislava
Purwā	IN	Asia/Kolkata
Uthai Thani	TH	Asia/Bangkok
Attimarappatti	IN	Asia/Kolkata
Namyang	KP	Asia/Pyongyang
Northwood	US	America/Los_Angeles
Płońsk	PL	Europe/Warsaw
Dasnapur	IN	Asia/Kolkata
Badāmibāgh	IN	Asia/Kolkata
Venice	US	America/New_York
Massey East	NZ	Pacific/Auckland
Massey	NZ	Pacific/Auckland
Árgos	GR	Europe/Athens
Lingiādīh	IN	Asia/Kolkata
Al Jumūm	SA	Asia/Riyadh
Yatsuomachi-higashikumisaka	JP	Asia/Tokyo
Sahāwar	IN	Asia/Kolkata
Ludlow	US	America/New_York
Bhuban	IN	Asia/Kolkata
Ilave	PE	America/Lima
Duncan	CA	America/Vancouver
Guaranda	EC	America/Guayaquil
Nilakottai	IN	Asia/Kolkata
Manage	BE	Europe/Brussels
Kihancha	KE	Africa/Nairobi
Sidhaulī	IN	Asia/Kolkata
Nava	MX	America/Monterrey
Ivatsevichi	BY	Europe/Minsk
Mayahi	NE	Africa/Niamey
Shabestar	IR	Asia/Tehran
Weligama	LK	Asia/Colombo
Nyandoma	RU	Europe/Moscow
South Bradenton	US	America/New_York
Santo Antônio	BR	America/Fortaleza
Yabu	JP	Asia/Tokyo
Palavansathu	IN	Asia/Kolkata
Springvale	AU	Australia/Melbourne
Quintero	CL	America/Santiago
Lý Sơn	VN	Asia/Ho_Chi_Minh
Teodoro Sampaio	BR	America/Sao_Paulo
Urk	NL	Europe/Amsterdam
Río Segundo	AR	America/Argentina/Cordoba
Feira Nova	BR	America/Recife
Posto da Mata	BR	America/Bahia
Araçariguama	BR	America/Sao_Paulo
Novaya Usman’	RU	Europe/Moscow
Lodeynoye Pole	RU	Europe/Moscow
Thị Trấn Tiên Yên	VN	Asia/Ho_Chi_Minh
High Park North	CA	America/Toronto
Qingnian	CN	Asia/Shanghai
Adra	IN	Asia/Kolkata
Nakagusuku	JP	Asia/Tokyo
Hajnówka	PL	Europe/Warsaw
Willowridge-Martingrove-Richview	CA	America/Toronto
Shōbu	JP	Asia/Tokyo
Ino	JP	Asia/Tokyo
Kigonsera	TZ	Africa/Dar_es_Salaam
Hillside	US	America/New_York
Al Wasl	AE	Asia/Dubai
Muhammadābād	IN	Asia/Kolkata
Sarapāka	IN	Asia/Kolkata
Langwarrin	AU	Australia/Melbourne
Foggy Bottom	US	America/New_York
Bhānvad	IN	Asia/Kolkata
Campo De Ourique	PT	Europe/Lisbon
North Plainfield	US	America/New_York
Rotenburg	DE	Europe/Berlin
Someshwar	IN	Asia/Kolkata
Ciempozuelos	ES	Europe/Madrid
Wangyin	CN	Asia/Shanghai
Acworth	US	America/New_York
Zhongchao	CN	Asia/Shanghai
Fo Tan	HK	Asia/Hong_Kong
Shigang	CN	Asia/Shanghai
Pascagoula	US	America/Chicago
Lai Chi Van	MO	Asia/Macau
Hidrolândia	BR	America/Sao_Paulo
Sunny Isles Beach	US	America/New_York
Maua	KE	Africa/Nairobi
Kingsville	CA	America/Toronto
Svetlyy	RU	Europe/Kaliningrad
Ihren	UA	Europe/Kyiv
Cantanhede	BR	America/Fortaleza
Mansourah	DZ	Africa/Algiers
De Meern	NL	Europe/Amsterdam
Losino-Petrovskiy	RU	Europe/Moscow
Voiron	FR	Europe/Paris
Roseburg	US	America/Los_Angeles
Metzingen	DE	Europe/Berlin
Chapchal	CN	Asia/Urumqi
Cunha	BR	America/Sao_Paulo
Loos	FR	Europe/Paris
Rojas	AR	America/Argentina/Buenos_Aires
Nārāinpur	IN	Asia/Kolkata
Ấp Phước Tĩnh	VN	Asia/Ho_Chi_Minh
Oxford	US	America/New_York
Kushima	JP	Asia/Tokyo
Mena	ET	Africa/Addis_Ababa
I-n-Tillit	ML	Africa/Bamako
Moskovskiy	TJ	Asia/Dushanbe
Namayumba	UG	Africa/Kampala
Staraya Kupavna	RU	Europe/Moscow
Nāmagiripettai	IN	Asia/Kolkata
Merrick	US	America/New_York
Maldegem	BE	Europe/Brussels
Floridia	IT	Europe/Rome
Nāwa	IN	Asia/Kolkata
Timimoun	DZ	Africa/Algiers
Nogales	MX	America/Mexico_City
Peravurani	IN	Asia/Kolkata
Dhankutā	NP	Asia/Kathmandu
Somerset	US	America/New_York
Tinde	TZ	Africa/Dar_es_Salaam
Moses Lake	US	America/Los_Angeles
Naukot	PK	Asia/Karachi
Fleurus	BE	Europe/Brussels
Kathhāra	IN	Asia/Kolkata
Acreúna	BR	America/Sao_Paulo
Yongxing	CN	Asia/Shanghai
San Cataldo	IT	Europe/Rome
São João da Madeira	PT	Europe/Lisbon
Vilnohirsk	UA	Europe/Kyiv
Saginaw	US	America/Chicago
Greater Northdale	US	America/New_York
Northdale	US	America/New_York
Moloto South	ZA	Africa/Johannesburg
Yokoshiba	JP	Asia/Tokyo
Summit	US	America/New_York
Watertown	US	America/Chicago
Pikalëvo	RU	Europe/Moscow
Charentsavan	AM	Asia/Yerevan
Kathlāl	IN	Asia/Kolkata
Rulenge	TZ	Africa/Dar_es_Salaam
Siwāna	IN	Asia/Kolkata
Xiejiawan	CN	Asia/Shanghai
Scharnhorst	DE	Europe/Berlin
Deoli	IN	Asia/Kolkata
Kozakai-chō	JP	Asia/Tokyo
Kizhuparamba	IN	Asia/Kolkata
Dutsen Wai	NG	Africa/Lagos
Háje	CZ	Europe/Prague
Navas	ES	Europe/Madrid
Toubakoura	ML	Africa/Bamako
Le Mée-sur-Seine	FR	Europe/Paris
Gediz	TR	Europe/Istanbul
Ḥamīdiyeh	IR	Asia/Tehran
Dagbao I	CI	Africa/Abidjan
Palai	IN	Asia/Kolkata
Alliance	US	America/New_York
Mazagão	BR	America/Belem
Chhanerā	IN	Asia/Kolkata
Kalispell	US	America/Denver
Itaiópolis	BR	America/Sao_Paulo
Higashigō	JP	Asia/Tokyo
Orahovac	XK	Europe/Belgrade
Kalbatau	KZ	Asia/Almaty
Ceres	BR	America/Sao_Paulo
San Giovanni la Punta	IT	Europe/Rome
South Holland	US	America/Chicago
Tsurugi-asahimachi	JP	Asia/Tokyo
Kurono	JP	Asia/Tokyo
Tékane	MR	Africa/Nouakchott
Ryazhsk	RU	Europe/Moscow
Dongta	CN	Asia/Shanghai
Warnes	BO	America/La_Paz
Villeneuve-la-Garenne	FR	Europe/Paris
Matinha	BR	America/Fortaleza
Marakkanam	IN	Asia/Kolkata
Igra	RU	Europe/Samara
Maguan	CN	Asia/Shanghai
Kenmore	US	America/Los_Angeles
Chhatrapur	IN	Asia/Kolkata
Silva Jardim	BR	America/Sao_Paulo
Maswa	TZ	Africa/Dar_es_Salaam
Retford	GB	Europe/London
Wanlaweyn	SO	Africa/Mogadishu
Del City	US	America/Chicago
Arrasate / Mondragón	ES	Europe/Madrid
Tivoli	IT	Europe/Rome
Cecina	IT	Europe/Rome
Taveta	KE	Africa/Nairobi
Bhinga	IN	Asia/Kolkata
Derry	US	America/New_York
Haderslev	DK	Europe/Copenhagen
Ottosdal	ZA	Africa/Johannesburg
Greystones	IE	Europe/Dublin
Mersing	MY	Asia/Kuala_Lumpur
Bom Jesus dos Perdões	BR	America/Sao_Paulo
Tubmanburg	LR	Africa/Monrovia
Fécamp	FR	Europe/Paris
Lauri	IN	Asia/Kolkata
Hamtramck	US	America/Detroit
Kingsview Village-The Westway	CA	America/Toronto
Hoxtolgay	CN	Asia/Urumqi
Zhouzhuang	CN	Asia/Shanghai
Carrizal	ES	Atlantic/Canary
Hartīshēk	ET	Africa/Addis_Ababa
Digih Habar Es	ET	Africa/Addis_Ababa
Atherton	GB	Europe/London
Heavitree	GB	Europe/London
Jafaro	MG	Indian/Antananarivo
Volendam	NL	Europe/Amsterdam
Kuri Dulal	PK	Asia/Karachi
Chishmy	RU	Asia/Yekaterinburg
Duba	SA	Asia/Riyadh
Marsiling	SG	Asia/Singapore
Maliana	TL	Asia/Dili
Kigumba	UG	Africa/Kampala
Great Kills	US	America/New_York
Wekiwa Springs	US	America/New_York
Kreuzlingen	CH	Europe/Zurich
Berkhamsted	GB	Europe/London
Guiset East	PH	Asia/Manila
Leesburg	US	America/New_York
Ecoporanga	BR	America/Sao_Paulo
Ribarroja del Turia	ES	Europe/Madrid
Mogliano Veneto	IT	Europe/Rome
Loma de Gato	PH	Asia/Manila
Duarte	US	America/Los_Angeles
Noicattaro	IT	Europe/Rome
Ad Dānā	SY	Asia/Damascus
Converse	US	America/Chicago
Koekelberg	BE	Europe/Brussels
Łaziska Górne	PL	Europe/Warsaw
Meinerzhagen	DE	Europe/Berlin
Maḩmūdābād Nemūneh	IR	Asia/Tehran
Santiago de Cao	PE	America/Lima
Pitrufquén	CL	America/Santiago
Torre del Mar	ES	Europe/Madrid
Sant Feliu de Guíxols	ES	Europe/Madrid
Carrum Downs	AU	Australia/Melbourne
Cormeilles-en-Parisis	FR	Europe/Paris
Nalambūr	IN	Asia/Kolkata
Pinhalzinho	BR	America/Sao_Paulo
Khosrowshahr	IR	Asia/Tehran
Halden	NO	Europe/Oslo
Villa Park	US	America/Chicago
Zedelgem	BE	Europe/Brussels
Adjaouèrè	BJ	Africa/Porto-Novo
Iracemápolis	BR	America/Sao_Paulo
Zhouqu Chengguanzhen	CN	Asia/Shanghai
Elsdorf	DE	Europe/Berlin
Pakxan	LA	Asia/Vientiane
Camberwell	AU	Australia/Melbourne
Mrągowo	PL	Europe/Warsaw
Menderes	TR	Europe/Istanbul
Monreale	IT	Europe/Rome
Kuppam	IN	Asia/Kolkata
Nang Rong	TH	Asia/Bangkok
Ortigueira	BR	America/Sao_Paulo
Makurazaki	JP	Asia/Tokyo
Vertentes	BR	America/Recife
Arroio do Meio	BR	America/Sao_Paulo
Koksijde	BE	Europe/Brussels
Fatehābād	IN	Asia/Kolkata
Decatur	US	America/New_York
Kīl Bhuvanagiri	IN	Asia/Kolkata
Caaporã	BR	America/Fortaleza
Saktī	IN	Asia/Kolkata
Andrychów	PL	Europe/Warsaw
Park Forest	US	America/Chicago
Khwaeng Bang Plat	TH	Asia/Bangkok
Serro	BR	America/Sao_Paulo
Karuvanthuruthy	IN	Asia/Kolkata
Fidenza	IT	Europe/Rome
Roshal’	RU	Europe/Moscow
Adré	TD	Africa/Ndjamena
Heredia	CR	America/Costa_Rica
Zalun	MM	Asia/Yangon
Soltau	DE	Europe/Berlin
Kollivāyal	IN	Asia/Kolkata
Naka-niida	JP	Asia/Tokyo
Christiansburg	US	America/New_York
Sysert’	RU	Asia/Yekaterinburg
Pushun	CN	Asia/Shanghai
Sant Joan d'Alacant	ES	Europe/Madrid
Gyál	HU	Europe/Budapest
Flemingdon Park	CA	America/Toronto
Jurupa Valley	US	America/Los_Angeles
Hellevoetsluis	NL	Europe/Amsterdam
Logan	US	America/New_York
Ashland	US	America/Los_Angeles
Artémida	GR	Europe/Athens
Phanat Nikhom	TH	Asia/Bangkok
West and East Lealman	US	America/New_York
Sancoale	IN	Asia/Kolkata
Batu Anam	MY	Asia/Kuala_Lumpur
Farragut	US	America/New_York
Toyohama	JP	Asia/Tokyo
Ōizumimachi	JP	Asia/Tokyo
La Porte	US	America/Chicago
Marsberg	DE	Europe/Berlin
Costillares	ES	Europe/Madrid
Dubnica nad Váhom	SK	Europe/Bratislava
Xinmin	CN	Asia/Shanghai
Sankt Pölten	AT	Europe/Vienna
Nishiarai	JP	Asia/Tokyo
Reyes Acozac	MX	America/Mexico_City
Seesen	DE	Europe/Berlin
Sokolov	CZ	Europe/Prague
Paosha	CN	Asia/Shanghai
Polichalur	IN	Asia/Kolkata
Labis	MY	Asia/Kuala_Lumpur
Westerstede	DE	Europe/Berlin
St. Pauli	DE	Europe/Berlin
Malanday	PH	Asia/Manila
São Miguel do Araguaia	BR	America/Sao_Paulo
Moncada	ES	Europe/Madrid
Ban Na San	TH	Asia/Bangkok
Kampung Batu Empat	MY	Asia/Kuala_Lumpur
Kaiama	NG	Africa/Lagos
Mount Vernon Triangle	US	America/New_York
Árta	GR	Europe/Athens
Taphan Hin	TH	Asia/Bangkok
Béguédo	BF	Africa/Ouagadougou
Bhābhar	IN	Asia/Kolkata
São Francisco de Paula	BR	America/Sao_Paulo
Hohen Neuendorf	DE	Europe/Berlin
Sainte-Foy-lès-Lyon	FR	Europe/Paris
Playas del Rosario	MX	America/Mexico_City
Rembertów	PL	Europe/Warsaw
Muzambinho	BR	America/Sao_Paulo
Khanu Woralaksaburi	TH	Asia/Bangkok
Rydułtowy	PL	Europe/Warsaw
Pio XII	BR	America/Fortaleza
Toguchin	RU	Asia/Novosibirsk
Nowrozabad	IN	Asia/Kolkata
Khānsār	IR	Asia/Tehran
Yŏnggwang-ŭp	KP	Asia/Pyongyang
Gelnhausen	DE	Europe/Berlin
Castel Volturno	IT	Europe/Rome
Laungowāl	IN	Asia/Kolkata
Mondovì	IT	Europe/Rome
Gnatroa	CI	Africa/Abidjan
Lavradio	PT	Europe/Lisbon
Prairie Village	US	America/Chicago
Kam Tin	HK	Asia/Hong_Kong
Smithfield	US	America/New_York
Mbaïki	CF	Africa/Bangui
Wāliṅ	NP	Asia/Kathmandu
Coín	ES	Europe/Madrid
Namie	JP	Asia/Tokyo
Clarksville	US	America/Kentucky/Louisville
Huetamo de Núñez	MX	America/Mexico_City
Siyeke	CN	Asia/Urumqi
Bangolo	CI	Africa/Abidjan
Ossett	GB	Europe/London
Chāchaura	IN	Asia/Kolkata
Ghulewadi	IN	Asia/Kolkata
Wadsworth	US	America/New_York
Esparreguera	ES	Europe/Madrid
Chandrakona	IN	Asia/Kolkata
Chatuchak subdistrict	TH	Asia/Bangkok
Sant Antoni de Portmany	ES	Europe/Madrid
Santa Maria das Barreiras	BR	America/Belem
Dasheng	CN	Asia/Shanghai
South Parkdale	CA	America/Toronto
Dayang	CN	Asia/Shanghai
Sangod	IN	Asia/Kolkata
Camas	US	America/Los_Angeles
Tsz Ching Estate	HK	Asia/Hong_Kong
Kafr Zaytā	SY	Asia/Damascus
Elburg	NL	Europe/Amsterdam
Kherālu	IN	Asia/Kolkata
Várzea Alegre	BR	America/Fortaleza
El Ksiba	MA	Africa/Casablanca
Edegem	BE	Europe/Brussels
Swanley	GB	Europe/London
maalot Tarshīhā	IL	Asia/Jerusalem
Farakka	IN	Asia/Kolkata
Mulavukad	IN	Asia/Kolkata
Luchegorsk	RU	Asia/Vladivostok
Fubang	CN	Asia/Shanghai
Sakaraha	MG	Indian/Antananarivo
Gohouo	CI	Africa/Abidjan
Mangalvedha	IN	Asia/Kolkata
Quellón	CL	America/Santiago
Nova Alvorada do Sul	BR	America/Campo_Grande
Tongjiaxi	CN	Asia/Shanghai
Reigate	GB	Europe/London
Māniyūr	IN	Asia/Kolkata
Kantābānji	IN	Asia/Kolkata
Kafr Lāhā	SY	Asia/Damascus
Fort Walton Beach	US	America/Chicago
Linëvo	RU	Asia/Novosibirsk
Alfter	DE	Europe/Berlin
Māmūnīyeh	IR	Asia/Tehran
Orbassano	IT	Europe/Rome
Nerja	ES	Europe/Madrid
Oliveira dos Brejinhos	BR	America/Bahia
Fengjia	CN	Asia/Shanghai
Tanglin	SG	Asia/Singapore
Ucuma	AO	Africa/Luanda
San Justo	AR	America/Argentina/Cordoba
Mossaka	CG	Africa/Brazzaville
Kizel	RU	Asia/Yekaterinburg
Geneva	US	America/Chicago
Brent	US	America/Chicago
Sondershausen	DE	Europe/Berlin
Las Matas de Farfán	DO	America/Santo_Domingo
Intich’o	ET	Africa/Addis_Ababa
Āyana	ET	Africa/Addis_Ababa
Adebaye	ET	Africa/Addis_Ababa
Damboya	ET	Africa/Addis_Ababa
Kihihi	UG	Africa/Kampala
Verdun	FR	Europe/Paris
Goaso	GH	Africa/Accra
Palmas de Monte Alto	BR	America/Bahia
Santa María de Jesús	GT	America/Guatemala
Chalthan	IN	Asia/Kolkata
San Miguel del Monte	AR	America/Argentina/Buenos_Aires
South Euclid	US	America/New_York
Collingwood	CA	America/Toronto
Niakaramandougou	CI	Africa/Abidjan
Dashu	CN	Asia/Shanghai
Ogura	JP	Asia/Tokyo
Gorongosa	MZ	Africa/Maputo
Kırkağaç	TR	Europe/Istanbul
Tāzah Khūrmātū	IQ	Asia/Baghdad
Santa María Atzompa	MX	America/Mexico_City
Kutná Hora	CZ	Europe/Prague
Aghajari	IR	Asia/Tehran
Küçükçiğli	TR	Europe/Istanbul
Jainagar	IN	Asia/Kolkata
Ubiaja	NG	Africa/Lagos
Torrelodones	ES	Europe/Madrid
Gajowice	PL	Europe/Warsaw
Çaycuma	TR	Europe/Istanbul
Kopawor	IN	Asia/Kolkata
Zemoura	DZ	Africa/Algiers
Conceição de Macabu	BR	America/Sao_Paulo
Vredendal	ZA	Africa/Johannesburg
Huamachuco	PE	America/Lima
Camabatela	AO	Africa/Luanda
Lake Sebu	PH	Asia/Manila
Tenango de Arista	MX	America/Mexico_City
Sakri	IN	Asia/Kolkata
Brushy Creek	US	America/Chicago
Dattāpur	IN	Asia/Kolkata
Laguna de Duero	ES	Europe/Madrid
Bakal	RU	Asia/Yekaterinburg
Świebodzin	PL	Europe/Warsaw
Środa Wielkopolska	PL	Europe/Warsaw
Rottingdean	GB	Europe/London
Umarsera	IN	Asia/Kolkata
Napāsar	IN	Asia/Kolkata
Dagana	SN	Africa/Dakar
Shendurjana	IN	Asia/Kolkata
Pātūr	IN	Asia/Kolkata
Westchase	US	America/New_York
Sugar Hill	US	America/New_York
Kebonarun	ID	Asia/Jakarta
Beroun	CZ	Europe/Prague
Ōyama	JP	Asia/Tokyo
Shibetsu	JP	Asia/Tokyo
Kamienna Góra	PL	Europe/Warsaw
Cazin	BA	Europe/Sarajevo
Vélizy-Villacoublay	FR	Europe/Paris
Baléyara	NE	Africa/Niamey
Musan-ŭp	KP	Asia/Pyongyang
Chiconcuac	MX	America/Mexico_City
Black Creek	CA	America/Toronto
Digboi	IN	Asia/Kolkata
Hulbuk	TJ	Asia/Dushanbe
Farkhor	TJ	Asia/Dushanbe
Carcaixent	ES	Europe/Madrid
Bostānābād	IR	Asia/Tehran
Amersham	GB	Europe/London
Mooi River	ZA	Africa/Johannesburg
Phumĭ Tnaôt	KH	Asia/Phnom_Penh
Chillicothe	US	America/New_York
Zabré	BF	Africa/Ouagadougou
Herval dOeste	BR	America/Sao_Paulo
Jirapur	IN	Asia/Kolkata
Paraguaçu	BR	America/Sao_Paulo
Aoulef	DZ	Africa/Algiers
Kalleribhāgam	IN	Asia/Kolkata
Saint-Lô	FR	Europe/Paris
Balbriggan	IE	Europe/Dublin
Muthupet	IN	Asia/Kolkata
Ban Nong Wua So	TH	Asia/Bangkok
Monor	HU	Europe/Budapest
Łęczna	PL	Europe/Warsaw
Guapiaçu	BR	America/Sao_Paulo
Bhaun	PK	Asia/Karachi
Yaloké	CF	Africa/Bangui
Tauramena	CO	America/Bogota
Tuxpan	MX	America/Mazatlan
Pampierstad	ZA	Africa/Johannesburg
Dum Duma	IN	Asia/Kolkata
South Lake Tahoe	US	America/Los_Angeles
Tīrān	IR	Asia/Tehran
Letňany	CZ	Europe/Prague
Sombrerete	MX	America/Mexico_City
Feraoun	DZ	Africa/Algiers
Mīlē	ET	Africa/Addis_Ababa
Anthem	US	America/Phoenix
Tepecik	TR	Europe/Istanbul
West Carson	US	America/Los_Angeles
Paramirim	BR	America/Bahia
Poggibonsi	IT	Europe/Rome
Mogán	ES	Atlantic/Canary
Căuşeni	MD	Europe/Chisinau
Crowborough	GB	Europe/London
Otukpa	NG	Africa/Lagos
Khadyzhensk	RU	Europe/Moscow
Massapequa	US	America/New_York
Villa Allende	AR	America/Argentina/Cordoba
Al Jazeera Aba	SD	Africa/Khartoum
Ferūnābād	IR	Asia/Tehran
Aquidabã	BR	America/Maceio
Pāmpur	IN	Asia/Kolkata
Bougado	PT	Europe/Lisbon
El Mansouria	MA	Africa/Casablanca
Canton	US	America/New_York
Karak City	JO	Asia/Amman
Gembloux	BE	Europe/Brussels
Munderi	IN	Asia/Kolkata
Maamba	ZM	Africa/Lusaka
Ḩājjīābād	IR	Asia/Tehran
Roselle	US	America/New_York
Lincoln	US	America/New_York
Lumberton	US	America/New_York
Sūrajgarh	IN	Asia/Kolkata
Jinlong	CN	Asia/Shanghai
Lindlar	DE	Europe/Berlin
Kadayal	IN	Asia/Kolkata
Carbonia	IT	Europe/Rome
Mwanhuzi	TZ	Africa/Dar_es_Salaam
Mungo	AO	Africa/Luanda
San Pablo	CR	America/Costa_Rica
Achères	FR	Europe/Paris
Porac	PH	Asia/Manila
Petatlán	MX	America/Mexico_City
Tsukumiura	JP	Asia/Tokyo
Uruçuí	BR	America/Fortaleza
Lusaka West	ZM	Africa/Lusaka
Porto Torres	IT	Europe/Rome
Wrzeszcz Dolny	PL	Europe/Warsaw
Legnago	IT	Europe/Rome
El Salto	MX	America/Mexico_City
Yasothon	TH	Asia/Bangkok
Karben	DE	Europe/Berlin
Hadley Wood	GB	Europe/London
Oguta	NG	Africa/Lagos
Núcleo Bandeirante	BR	America/Sao_Paulo
São Miguel do Guaporé	BR	America/Porto_Velho
Cabramatta	AU	Australia/Sydney
Yamaranguila	HN	America/Tegucigalpa
Kundli	IN	Asia/Kolkata
Bālāchor	IN	Asia/Kolkata
Bad Pyrmont	DE	Europe/Berlin
Miandrivazo	MG	Indian/Antananarivo
Pushkar	IN	Asia/Kolkata
Wieluń	PL	Europe/Warsaw
Beni Khiar	TN	Africa/Tunis
Tsetserleg	MN	Asia/Ulaanbaatar
Honglu	CN	Asia/Shanghai
Timbiquí	CO	America/Bogota
Toviklin	BJ	Africa/Porto-Novo
Taylors	US	America/New_York
Rixensart	BE	Europe/Brussels
Luckenwalde	DE	Europe/Berlin
Bela Vista	BR	America/Campo_Grande
As Sibā‘īyah	EG	Africa/Cairo
Al Waheda	AE	Asia/Dubai
Guben	DE	Europe/Berlin
Anagé	BR	America/Bahia
Doda	IN	Asia/Kolkata
Diễn Thành	VN	Asia/Bangkok
Donaueschingen	DE	Europe/Berlin
Karanpur	IN	Asia/Kolkata
Aplerbeck	DE	Europe/Berlin
Ashburton	NZ	Pacific/Auckland
Yucca Valley	US	America/Los_Angeles
G‘azalkent	UZ	Asia/Tashkent
Macarani	BR	America/Bahia
Gorbitz	DE	Europe/Berlin
Chapala	MX	America/Mexico_City
Shahrak-e ‘Alā’īn	IR	Asia/Tehran
Trat	TH	Asia/Bangkok
Kilkenny	IE	Europe/Dublin
Tsawwassen	CA	America/Vancouver
Boraure	VE	America/Caracas
Xanten	DE	Europe/Berlin
Westford	US	America/New_York
Maracaçumé	BR	America/Fortaleza
Zacatepec de Hidalgo	MX	America/Mexico_City
Chemini	DZ	Africa/Algiers
Navalcarnero	ES	Europe/Madrid
Ibirubá	BR	America/Sao_Paulo
Lunéville	FR	Europe/Paris
Samthar	IN	Asia/Kolkata
Rittenhouse	US	America/New_York
Clarines	VE	America/Caracas
Meiningen	DE	Europe/Berlin
Banat	IN	Asia/Kolkata
Fronan	CI	Africa/Abidjan
Dhekiajuli	IN	Asia/Kolkata
Biéby	CI	Africa/Abidjan
Xinshi	CN	Asia/Shanghai
Guayama	PR	America/Puerto_Rico
Loja	ES	Europe/Madrid
Damboa	NG	Africa/Lagos
Māndalgarh	IN	Asia/Kolkata
The Beaches	CA	America/Toronto
Edgewater	US	America/New_York
Polkowice	PL	Europe/Warsaw
Eckernförde	DE	Europe/Berlin
Deuil-la-Barre	FR	Europe/Paris
H̱ura	IL	Asia/Jerusalem
Cuenca	PH	Asia/Manila
Planadas	CO	America/Bogota
Coronel Pringles	AR	America/Argentina/Buenos_Aires
Mount Barker	AU	Australia/Adelaide
Opfikon	CH	Europe/Zurich
Yashiro	JP	Asia/Tokyo
Mhango	TZ	Africa/Dar_es_Salaam
Allison Park	US	America/New_York
Shawan	CN	Asia/Shanghai
Nāḩiyat al Fuhūd	IQ	Asia/Baghdad
Barāra	IN	Asia/Kolkata
Kodamachō-kodamaminami	JP	Asia/Tokyo
El Jem	TN	Africa/Tunis
Aglantziá	CY	Asia/Nicosia
Medina del Campo	ES	Europe/Madrid
La Celle-Saint-Cloud	FR	Europe/Paris
Suai	TL	Asia/Dili
Baie-Comeau	CA	America/Toronto
Santa Rita	HN	America/Tegucigalpa
Bloomfield	US	America/New_York
Bandar Baru Salak Tinggi	MY	Asia/Kuala_Lumpur
Bay Point	US	America/Los_Angeles
Sahline	TN	Africa/Tunis
Portsmouth	US	America/New_York
Dillingen	DE	Europe/Berlin
Wexford	IE	Europe/Dublin
Ladário	BR	America/Campo_Grande
Pedro Canário	BR	America/Bahia
Annecy-le-Vieux	FR	Europe/Paris
Selydove	UA	Europe/Kyiv
Kilwa Masoko	TZ	Africa/Dar_es_Salaam
Boca da Mata	BR	America/Maceio
Takaba	KE	Africa/Nairobi
Sedalia	US	America/Chicago
Namrole	ID	Asia/Jayapura
Mari	BR	America/Fortaleza
Naples	US	America/New_York
Sceaux	FR	Europe/Paris
Jiangnan	CN	Asia/Shanghai
Nyamata	RW	Africa/Kigali
Überlingen	DE	Europe/Berlin
Lusan	DE	Europe/Berlin
Hlanganani	ZA	Africa/Johannesburg
Wilnsdorf	DE	Europe/Berlin
Bastos	BR	America/Sao_Paulo
Aarau	CH	Europe/Zurich
Tammampatti	IN	Asia/Kolkata
Chamba	IN	Asia/Kolkata
Murādābād Pahāri	IN	Asia/Kolkata
Bozova	TR	Europe/Istanbul
Tanki Leendert	AW	America/Aruba
Punākha	BT	Asia/Thimphu
Huskvarna	SE	Europe/Stockholm
Havza	TR	Europe/Istanbul
Juma Shahri	UZ	Asia/Samarkand
Parelhas	BR	America/Fortaleza
Renxian	CN	Asia/Shanghai
Patterson	US	America/Los_Angeles
Boquira	BR	America/Bahia
Greenfield	US	America/Indiana/Indianapolis
Alta Floresta d'Oeste	BR	America/Porto_Velho
Ibiza	ES	Europe/Madrid
Livadeiá	GR	Europe/Athens
Waynesboro	US	America/New_York
Riacho das Almas	BR	America/Recife
Kowŏn-ŭp	KP	Asia/Pyongyang
Oostkamp	BE	Europe/Brussels
Jebba	NG	Africa/Lagos
Mahādula	IN	Asia/Kolkata
Kampung Teluk Kumbar	MY	Asia/Kuala_Lumpur
Ad Darbāsīyah	SY	Asia/Damascus
Hoogezand	NL	Europe/Amsterdam
H Street NE	US	America/New_York
Ruhango	RW	Africa/Kigali
Chaksawari	PK	Asia/Karachi
Bedford	CA	America/Halifax
Lannion	FR	Europe/Paris
Waren	DE	Europe/Berlin
Cerqueira César	BR	America/Sao_Paulo
Richmond	GB	Europe/London
Shimanovsk	RU	Asia/Yakutsk
Fort St. John	CA	America/Dawson_Creek
Kotli Loharan	PK	Asia/Karachi
Káposztásmegyer	HU	Europe/Budapest
Katesh	TZ	Africa/Dar_es_Salaam
Albertville	US	America/Chicago
General Juan Madariaga	AR	America/Argentina/Buenos_Aires
Loncoche	CL	America/Santiago
Cardito	IT	Europe/Rome
Bānsdīh	IN	Asia/Kolkata
Rolante	BR	America/Sao_Paulo
Srisailam Project RFC Township	IN	Asia/Kolkata
Masatepe	NI	America/Managua
Sintra-Nema	GW	Africa/Bissau
Belén de Umbría	CO	America/Bogota
Französisch Buchholz	DE	Europe/Berlin
Cikcilli	TR	Europe/Istanbul
Old Trafford	GB	Europe/London
Shahpur Chakar	PK	Asia/Karachi
Aguilares	SV	America/El_Salvador
Wissinoming	US	America/New_York
Cordeiro	BR	America/Sao_Paulo
Bogandé	BF	Africa/Ouagadougou
Nhamundá	BR	America/Santarem
Glauchau	DE	Europe/Berlin
Pukekohe East	NZ	Pacific/Auckland
Stoneham	US	America/New_York
Tambaú	BR	America/Sao_Paulo
Bacheli	IN	Asia/Kolkata
Ahfir	MA	Africa/Casablanca
Rimavská Sobota	SK	Europe/Bratislava
Icapuí	BR	America/Fortaleza
Madre de Deus	BR	America/Bahia
Moularès	TN	Africa/Tunis
Āsika	IN	Asia/Kolkata
Tustin Legacy	US	America/Los_Angeles
Berestyn	UA	Europe/Kyiv
Shangchong	CN	Asia/Shanghai
Stadtallendorf	DE	Europe/Berlin
Basking Ridge	US	America/New_York
Perrysburg	US	America/New_York
Azambuja	PT	Europe/Lisbon
São João do Piauí	BR	America/Fortaleza
Erie	US	America/Denver
Pilar de la Horadada	ES	Europe/Madrid
Baoluan	CN	Asia/Shanghai
Guruvāyūr	IN	Asia/Kolkata
Matupá	BR	America/Cuiaba
Denain	FR	Europe/Paris
Marang	MY	Asia/Kuala_Lumpur
Atoyac de Álvarez	MX	America/Mexico_City
Liuping	CN	Asia/Shanghai
Allauch	FR	Europe/Paris
Speke	GB	Europe/London
Garston	GB	Europe/London
Michle	CZ	Europe/Prague
Shimoda	JP	Asia/Tokyo
Bayi	CN	Asia/Shanghai
Indabaguna	ET	Africa/Addis_Ababa
Kovylkino	RU	Europe/Moscow
Klamath Falls	US	America/Los_Angeles
Clinton	US	America/Denver
Akaike	JP	Asia/Tokyo
Concarneau	FR	Europe/Paris
Otradnoye	RU	Europe/Moscow
Zabrat	AZ	Asia/Baku
Bayview Village	CA	America/Toronto
Eysines	FR	Europe/Paris
Lālru	IN	Asia/Kolkata
Halle	DE	Europe/Berlin
Bansalan	PH	Asia/Manila
Green Valley	US	America/Phoenix
Inopacan	PH	Asia/Manila
Kitzingen	DE	Europe/Berlin
La Jagua de Ibirico	CO	America/Bogota
Aţ Ţaraf	SA	Asia/Riyadh
Eldama Ravine	KE	Africa/Nairobi
Orós	BR	America/Fortaleza
Perdões	BR	America/Sao_Paulo
Paxtakor Shahri	UZ	Asia/Samarkand
Siilinjärvi	FI	Europe/Helsinki
Evans	US	America/Denver
Mandan	US	America/North_Dakota/New_Salem
East End-Danforth	CA	America/Toronto
Armilla	ES	Europe/Madrid
Rawicz	PL	Europe/Warsaw
Ibicaraí	BR	America/Bahia
Demirci	TR	Europe/Istanbul
Virugambakkam	IN	Asia/Kolkata
Winchester	US	America/New_York
Habhab	IQ	Asia/Baghdad
Igreja Nova	BR	America/Maceio
Fortín de las Flores	MX	America/Mexico_City
Bilohorodka	UA	Europe/Kyiv
Okemos	US	America/Detroit
Judian	CN	Asia/Shanghai
Penja	CM	Africa/Douala
Chotila	IN	Asia/Kolkata
Madonna di Campagna	IT	Europe/Rome
Croix	FR	Europe/Paris
Vāsudevanallūr	IN	Asia/Kolkata
Auerbach	DE	Europe/Berlin
Forbach	FR	Europe/Paris
Schortens	DE	Europe/Berlin
Arnold	US	America/Chicago
Kuju	IN	Asia/Kolkata
Wittmund	DE	Europe/Berlin
Cabra	ES	Europe/Madrid
Péfki	GR	Europe/Athens
Hafshejān	IR	Asia/Tehran
Galūgāh	IR	Asia/Tehran
Manosque	FR	Europe/Paris
East Moline	US	America/Chicago
Vilkpėdė	LT	Europe/Vilnius
Hebburn	GB	Europe/London
Darton	GB	Europe/London
Brummen	NL	Europe/Amsterdam
Padmanābhapuram	IN	Asia/Kolkata
Kiwira	TZ	Africa/Dar_es_Salaam
Owen Sound	CA	America/Toronto
Mandāwar	IN	Asia/Kolkata
Zhangaqorghan	KZ	Asia/Qyzylorda
West Pensacola	US	America/Chicago
Paippad	IN	Asia/Kolkata
Kinston	US	America/New_York
Lichtenfels	DE	Europe/Berlin
Mahgawān	IN	Asia/Kolkata
Kondasamudram	IN	Asia/Kolkata
Dagadji	CI	Africa/Abidjan
Bad Kissingen	DE	Europe/Berlin
Terrier Rouge	HT	America/Port-au-Prince
Valongo	PT	Europe/Lisbon
Bedi	IN	Asia/Kolkata
Çine	TR	Europe/Istanbul
Guocun	CN	Asia/Shanghai
Isla Cristina	ES	Europe/Madrid
Tiom	ID	Asia/Jayapura
Tekāri	IN	Asia/Kolkata
Dindori	IN	Asia/Kolkata
Sugita	JP	Asia/Tokyo
Shelbyville	US	America/Chicago
Butarque	ES	Europe/Madrid
Cártama	ES	Europe/Madrid
Channagiri	IN	Asia/Kolkata
Armidale	AU	Australia/Sydney
Nakhon Nayok	TH	Asia/Bangkok
Kuzhithurai	IN	Asia/Kolkata
Ban Laongam	LA	Asia/Vientiane
Balwyn North	AU	Australia/Melbourne
Assab	ER	Africa/Asmara
Sīrē	ET	Africa/Addis_Ababa
Dibate	ET	Africa/Addis_Ababa
Kiziba	UG	Africa/Kampala
Bequimão	BR	America/Fortaleza
Várpalota	HU	Europe/Budapest
Seligenstadt	DE	Europe/Berlin
Assomada	CV	Atlantic/Cape_Verde
Marquette	US	America/Detroit
Kodamthuruth	IN	Asia/Kolkata
Querenburg	DE	Europe/Berlin
Telsiai	LT	Europe/Vilnius
Hongzhou	CN	Asia/Shanghai
Ghātanji	IN	Asia/Kolkata
El Bolsón	AR	America/Argentina/Salta
Ōmamachō-ōmama	JP	Asia/Tokyo
Sonthofen	DE	Europe/Berlin
Fairfield Heights	US	America/Indiana/Indianapolis
Bensekrane	DZ	Africa/Algiers
Biddeford	US	America/New_York
Cranbourne	AU	Australia/Melbourne
Buritirama	BR	America/Bahia
Workington	GB	Europe/London
Greenvale	AU	Australia/Melbourne
Haidong Zhen	CN	Asia/Shanghai
Maro	TD	Africa/Ndjamena
Qiaotou	CN	Asia/Shanghai
Naduvattam	IN	Asia/Kolkata
Lugo	IT	Europe/Rome
Gordon Head	CA	America/Vancouver
Gryfino	PL	Europe/Warsaw
Golden Valley	US	America/Chicago
Bananeiras	BR	America/Fortaleza
Illescas	ES	Europe/Madrid
Náchod	CZ	Europe/Prague
Esquilino	IT	Europe/Rome
Canyon Lake	US	America/Chicago
Saint-Mandé	FR	Europe/Paris
Conda	AO	Africa/Luanda
Capunda	AO	Africa/Luanda
North Lakes	AU	Australia/Brisbane
Chhāta	IN	Asia/Kolkata
Conda	US	America/Boise
Ghayl Bā Wazīr	YE	Asia/Aden
Chã Grande	BR	America/Recife
Taperoá	BR	America/Bahia
Verena	ZA	Africa/Johannesburg
Siqueira Campos	BR	America/Sao_Paulo
Patzicía	GT	America/Guatemala
Oxford	US	America/Chicago
Arzignano	IT	Europe/Rome
Dunbar-Southlands	CA	America/Vancouver
Galébré	CI	Africa/Abidjan
Kopřivnice	CZ	Europe/Prague
Groß-Umstadt	DE	Europe/Berlin
Traunreut	DE	Europe/Berlin
Santo Antônio do Içá	BR	America/Manaus
Muara Bungo	ID	Asia/Jakarta
Katutura	NA	Africa/Windhoek
Birkerød	DK	Europe/Copenhagen
Essendon	AU	Australia/Melbourne
Amposta	ES	Europe/Madrid
Lenger	KZ	Asia/Almaty
Jose Pañganiban	PH	Asia/Manila
Krzyki-Partynice	PL	Europe/Warsaw
South Milwaukee	US	America/Chicago
Horley	GB	Europe/London
Ebara	JP	Asia/Tokyo
San Ignacio	BZ	America/Belize
Marina	US	America/Los_Angeles
Plaine du Var	FR	Europe/Paris
Vilar	PT	Europe/Lisbon
Cowes	GB	Europe/London
Mukilteo	US	America/Los_Angeles
Dupax del Sur	PH	Asia/Manila
Morayfield	AU	Australia/Brisbane
Barnes	GB	Europe/London
Bobonong	BW	Africa/Gaborone
Oakwood Village	CA	America/Toronto
Santa Cruz de Mora	VE	America/Caracas
Cassano Magnago	IT	Europe/Rome
Rancho San Diego	US	America/Los_Angeles
Iriona	HN	America/Tegucigalpa
Löbtau	DE	Europe/Berlin
Sampués	CO	America/Bogota
Pirkkala	FI	Europe/Helsinki
Taurage	LT	Europe/Vilnius
Merefa	UA	Europe/Kyiv
Sanaur	IN	Asia/Kolkata
Essling	AT	Europe/Vienna
Békés	HU	Europe/Budapest
Sheksna	RU	Europe/Moscow
Charleston	US	America/Chicago
Abdulino	RU	Asia/Yekaterinburg
Yarovoye	RU	Asia/Barnaul
São José da Laje	BR	America/Maceio
Vrede	ZA	Africa/Johannesburg
Eschwege	DE	Europe/Berlin
Dippa Kunda	GM	Africa/Banjul
Bidbid	OM	Asia/Muscat
Bedford	US	America/New_York
Moussadougou	CI	Africa/Abidjan
Qitang	CN	Asia/Shanghai
Kuang	MY	Asia/Kuala_Lumpur
Shāzand	IR	Asia/Tehran
Terek	RU	Europe/Moscow
Eppingen	DE	Europe/Berlin
Caia	MZ	Africa/Maputo
Chhor	PK	Asia/Karachi
Västervik	SE	Europe/Stockholm
Hawthorn South	AU	Australia/Melbourne
Glenferrie	AU	Australia/Melbourne
Itapoá	BR	America/Sao_Paulo
Reethapuram	IN	Asia/Kolkata
Teofilândia	BR	America/Bahia
Uxbridge	CA	America/Toronto
Romita	MX	America/Mexico_City
Pleasant Plains	US	America/New_York
Jimaguayú	CU	America/Havana
Kottappally	IN	Asia/Kolkata
Caparica	PT	Europe/Lisbon
Tinja	TN	Africa/Tunis
Hacılar	TR	Europe/Istanbul
Volnovakha	UA	Europe/Kyiv
Crisópolis	BR	America/Bahia
Judeida Makr	IL	Asia/Jerusalem
Follonica	IT	Europe/Rome
Troyan	BG	Europe/Sofia
Qingping	CN	Asia/Shanghai
Areeiro	PT	Europe/Lisbon
Oýrat	TM	Asia/Ashgabat
Cauto Cristo	CU	America/Havana
Palma del Río	ES	Europe/Madrid
Serchhīp	IN	Asia/Kolkata
Montmorency	FR	Europe/Paris
Tanushimarumachi-toyoki	JP	Asia/Tokyo
Carrboro	US	America/New_York
Dukinfield	GB	Europe/London
Porte Saint-Martin	FR	Europe/Paris
Crest Hill	US	America/Chicago
Pudupattanam	IN	Asia/Kolkata
Saint Andrews	US	America/New_York
Gosnells	AU	Australia/Perth
Hino	JP	Asia/Tokyo
Oegstgeest	NL	Europe/Amsterdam
San José de Ocoa	DO	America/Santo_Domingo
San Nicola la Strada	IT	Europe/Rome
Dalat	MY	Asia/Kuching
Oued el Alleug	DZ	Africa/Algiers
Telhāra	IN	Asia/Kolkata
Arouca	PT	Europe/Lisbon
Dee Why	AU	Australia/Sydney
Thiene	IT	Europe/Rome
Garko	NG	Africa/Lagos
Gardanne	FR	Europe/Paris
Altinho	BR	America/Recife
Lephalale	ZA	Africa/Johannesburg
Olho d'Água das Flores	BR	America/Maceio
Furano	JP	Asia/Tokyo
Oghi	PK	Asia/Karachi
Mokwa	NG	Africa/Lagos
Paiján	PE	America/Lima
Narkher	IN	Asia/Kolkata
Działdowo	PL	Europe/Warsaw
Zerbst	DE	Europe/Berlin
Les Lilas	FR	Europe/Paris
Dronfield	GB	Europe/London
Sasmuan	PH	Asia/Manila
Jandaia do Sul	BR	America/Sao_Paulo
Lebedinovka	KG	Asia/Bishkek
Zelenchukskaya	RU	Europe/Moscow
Hoeyang	KP	Asia/Pyongyang
Thorncliffe Park	CA	America/Toronto
Ashland	US	America/New_York
Ajnāla	IN	Asia/Kolkata
Al-Fashaqah	SD	Africa/Khartoum
Kuyera	ET	Africa/Addis_Ababa
Puente de Ixtla	MX	America/Mexico_City
Ripley	GB	Europe/London
Zemst	BE	Europe/Brussels
Alto Alegre	BR	America/Boa_Vista
Townline	CA	America/Vancouver
Francavilla al Mare	IT	Europe/Rome
Isaka	TZ	Africa/Dar_es_Salaam
São Domingos do Araguaia	BR	America/Belem
Hays	US	America/Chicago
Hlohlolwane	ZA	Africa/Johannesburg
Molave	PH	Asia/Manila
ʻEwa Beach-Iroquois Point	US	Pacific/Honolulu
Santa Bárbara do Pará	BR	America/Belem
Anthiyur	IN	Asia/Kolkata
Sulmona	IT	Europe/Rome
Fleury-les-Aubrais	FR	Europe/Paris
Bisālgarh	IN	Asia/Kolkata
São Marcos	BR	America/Sao_Paulo
Dhulagari	IN	Asia/Kolkata
Kuseifa	IL	Asia/Jerusalem
San Pedro Totoltepec	MX	America/Mexico_City
Ḩalḩūl	PS	Asia/Hebron
Mililani Mauka	US	Pacific/Honolulu
Cassino	IT	Europe/Rome
Xoxocotla	MX	America/Mexico_City
Greensborough	AU	Australia/Melbourne
Dammarie-les-Lys	FR	Europe/Paris
Porto Real	BR	America/Sao_Paulo
Klotzsche	DE	Europe/Berlin
Samtredia	GE	Asia/Tbilisi
Goodlands	MU	Indian/Mauritius
Kremenets	UA	Europe/Kyiv
Las Torres de Cotillas	ES	Europe/Madrid
Ha Tsuen	HK	Asia/Hong_Kong
Talala	IN	Asia/Kolkata
Suvorov	RU	Europe/Moscow
Ferguson	US	America/Chicago
Hansestadt Salzwedel	DE	Europe/Berlin
Phayao	TH	Asia/Bangkok
Grivegnée	BE	Europe/Brussels
Jauja	PE	America/Lima
Caxambu	BR	America/Sao_Paulo
Omagh	GB	Europe/London
Bayaguana	DO	America/Santo_Domingo
Būndu	IN	Asia/Kolkata
Conway	US	America/New_York
Laurelton	US	America/New_York
Muxaluando	AO	Africa/Luanda
Püttlingen	DE	Europe/Berlin
March	GB	Europe/London
Lino Lakes	US	America/Chicago
Zhuantang	CN	Asia/Shanghai
West Lake Stevens	US	America/Los_Angeles
Itapecerica	BR	America/Sao_Paulo
Paka	MY	Asia/Kuala_Lumpur
Itambacuri	BR	America/Sao_Paulo
Aichach	DE	Europe/Berlin
Haney	CA	America/Vancouver
Novy Oskol	RU	Europe/Moscow
Kirwan	AU	Australia/Brisbane
Teliamura	IN	Asia/Kolkata
New Hope	US	America/Chicago
Mirador	BR	America/Fortaleza
Devgadh Bāriya	IN	Asia/Kolkata
Shin’ichi	JP	Asia/Tokyo
Gikongoro	RW	Africa/Kigali
Caohui	CN	Asia/Shanghai
Stowmarket	GB	Europe/London
Hendrik-Ido-Ambacht	NL	Europe/Amsterdam
Patharia	IN	Asia/Kolkata
Yachiyo	JP	Asia/Tokyo
Patnāgarh	IN	Asia/Kolkata
Kiraoli	IN	Asia/Kolkata
Palm River-Clair Mel	US	America/New_York
Glencoe	ZA	Africa/Johannesburg
Trussville	US	America/Chicago
Tabursuq	TN	Africa/Tunis
Gazojak	TM	Asia/Ashgabat
Klaukkala	FI	Europe/Helsinki
Belas	PT	Europe/Lisbon
Az Zuwaytīnah	LY	Africa/Tripoli
Jēkabpils	LV	Europe/Riga
Alagoa Nova	BR	America/Fortaleza
Bhānpura	IN	Asia/Kolkata
Perinjanam	IN	Asia/Kolkata
l'Alfàs del Pi	ES	Europe/Madrid
Bangkit	SG	Asia/Singapore
Shuren	CN	Asia/Shanghai
Esquías	HN	America/Tegucigalpa
Xinyingpan	CN	Asia/Shanghai
Vaterstetten	DE	Europe/Berlin
Shigu	CN	Asia/Shanghai
Woodrow	US	America/New_York
Al Brouj	MA	Africa/Casablanca
Anklav	IN	Asia/Kolkata
Clevedon	GB	Europe/London
Maesteg	GB	Europe/London
Ribeirão da Ilha	BR	America/Sao_Paulo
Freguesia do Ribeirao da Ilha	BR	America/Sao_Paulo
Keswick	CA	America/Toronto
Anju	CN	Asia/Shanghai
Sanjianzai	CN	Asia/Shanghai
Taïbet	DZ	Africa/Algiers
La Felguera	ES	Europe/Madrid
Notting Hill	GB	Europe/London
Guiseley	GB	Europe/London
Abrama	IN	Asia/Kolkata
Mahdishahr	IR	Asia/Tehran
Vakarai	LK	Asia/Colombo
Soanindrariny	MG	Indian/Antananarivo
Sitampiky	MG	Indian/Antananarivo
Ampasimanolotra	MG	Indian/Antananarivo
Laventille	TT	America/Port_of_Spain
Usangi	TZ	Africa/Dar_es_Salaam
Usa River	TZ	Africa/Dar_es_Salaam
Hedaru	TZ	Africa/Dar_es_Salaam
Nachingwea	TZ	Africa/Dar_es_Salaam
Bagulā	IN	Asia/Kolkata
Holzminden	DE	Europe/Berlin
Ţorqabeh	IR	Asia/Tehran
Corinth	US	America/Chicago
Sabunçu	AZ	Asia/Baku
Versmold	DE	Europe/Berlin
Solin	HR	Europe/Zagreb
Burunday	KZ	Asia/Almaty
Varennes	CA	America/Toronto
Dinguiraye	GN	Africa/Conakry
Swellendam	ZA	Africa/Johannesburg
Zaouiet Sousse	TN	Africa/Tunis
Mountlake Terrace	US	America/Los_Angeles
Cassilândia	BR	America/Campo_Grande
Laranjeiro	PT	Europe/Lisbon
Chester	US	America/New_York
Aytos	BG	Europe/Sofia
São Simão	BR	America/Sao_Paulo
Mindouli	CG	Africa/Brazzaville
Nixa	US	America/Chicago
Gunnaur	IN	Asia/Kolkata
East Ridge	US	America/New_York
Ji’an	CN	Asia/Shanghai
Bordon	GB	Europe/London
Zürich (Kreis 3) / Sihlfeld	CH	Europe/Zurich
Çermik	TR	Europe/Istanbul
Santa Vitória	BR	America/Sao_Paulo
Germersheim	DE	Europe/Berlin
Lista	ES	Europe/Madrid
Makakilo-Makaīwa Hills-Kunia	US	Pacific/Honolulu
Mäntsälä	FI	Europe/Helsinki
Dugulubgey	RU	Europe/Moscow
Chaudfontaine	BE	Europe/Brussels
Pālakkodu	IN	Asia/Kolkata
Gaya	NG	Africa/Lagos
Caracaraí	BR	America/Boa_Vista
Caterham	GB	Europe/London
Sindi	IN	Asia/Kolkata
Carmo do Rio Claro	BR	America/Sao_Paulo
Harstad	NO	Europe/Oslo
Santa Bárbara	BR	America/Bahia
Butiá	BR	America/Sao_Paulo
Tadmaït	DZ	Africa/Algiers
Chelora	IN	Asia/Kolkata
Rajpur	IN	Asia/Kolkata
Shama Junction	GH	Africa/Accra
Nāravārikuppam	IN	Asia/Kolkata
Nova Xavantina	BR	America/Cuiaba
Langue	HN	America/Tegucigalpa
Guidonia	IT	Europe/Rome
Koungneul Sossé	SN	Africa/Dakar
Concepción	ES	Europe/Madrid
Geertruidenberg	NL	Europe/Amsterdam
Shonai	JP	Asia/Tokyo
Marthandam	IN	Asia/Kolkata
Basotu	TZ	Africa/Dar_es_Salaam
Puerto Carreño	CO	America/Bogota
Goa	PH	Asia/Manila
Kataragama	LK	Asia/Colombo
Roissy-en-Brie	FR	Europe/Paris
Tornio	FI	Europe/Helsinki
Tambuwal	NG	Africa/Lagos
Valença do Piauí	BR	America/Fortaleza
Fuente del Berro	ES	Europe/Madrid
Renens	CH	Europe/Zurich
Ichinoe	JP	Asia/Tokyo
Brandýs nad Labem-Stará Boleslav	CZ	Europe/Prague
Vinnamāla	IN	Asia/Kolkata
El Grullo	MX	America/Mexico_City
Rosedale-Moore Park	CA	America/Toronto
Sarauli	IN	Asia/Kolkata
Acajete	MX	America/Mexico_City
Adampur	IN	Asia/Kolkata
Urussanga	BR	America/Sao_Paulo
Pad Idan	PK	Asia/Karachi
Plainview	US	America/Chicago
Badnāwar	IN	Asia/Kolkata
Baena	ES	Europe/Madrid
Bekily	MG	Indian/Antananarivo
Grayslake	US	America/Chicago
Agoura Hills	US	America/Los_Angeles
Canacassala	AO	Africa/Luanda
Berëzovka	RU	Asia/Krasnoyarsk
Hola	KE	Africa/Nairobi
Narangba	AU	Australia/Brisbane
Botevgrad	BG	Europe/Sofia
Shōwa	JP	Asia/Tokyo
Dailekh	NP	Asia/Kathmandu
Banga	IN	Asia/Kolkata
Heli Mandi	IN	Asia/Kolkata
Sendagi	JP	Asia/Tokyo
Kurchaloy	RU	Europe/Moscow
Lumamē	ET	Africa/Addis_Ababa
Chelenko	ET	Africa/Addis_Ababa
Ādīs ‘Alem	ET	Africa/Addis_Ababa
Contamana	PE	America/Lima
Ntungamo	UG	Africa/Kampala
Prenzlau	DE	Europe/Berlin
Chincholi	IN	Asia/Kolkata
Khomām	IR	Asia/Tehran
Hsipaw	MM	Asia/Yangon
Kot Ghulam Muhammad	PK	Asia/Karachi
Acton	US	America/New_York
Linda-a-Velha	PT	Europe/Lisbon
Dietikon	CH	Europe/Zurich
Echigawa	JP	Asia/Tokyo
Sanford	US	America/New_York
Silver Firs	US	America/Los_Angeles
Monte Santo de Minas	BR	America/Sao_Paulo
Alaplı	TR	Europe/Istanbul
Imouzzer Kandar	MA	Africa/Casablanca
Ayamonte	ES	Europe/Madrid
Saint-Genis-Laval	FR	Europe/Paris
Hauppauge	US	America/New_York
Kīhei	US	Pacific/Honolulu
Whyalla	AU	Australia/Adelaide
New Jeshwang	GM	Africa/Banjul
South El Monte	US	America/Los_Angeles
Kaimukī	US	Pacific/Honolulu
Senanga	ZM	Africa/Lusaka
Hungund	IN	Asia/Kolkata
Arvin	US	America/Los_Angeles
Thaikkattussery	IN	Asia/Kolkata
Bangawan	IN	Asia/Kolkata
San Rafael	MX	America/Mexico_City
Khot'kovo	RU	Europe/Moscow
Catarina	BR	America/Fortaleza
Saint-Louis	FR	Europe/Paris
Johnston	US	America/Chicago
Kapasan	IN	Asia/Kolkata
Hongbao	CN	Asia/Shanghai
Cognac	FR	Europe/Paris
Gardner	US	America/Chicago
Vila-seca	ES	Europe/Madrid
Lathrop	US	America/Los_Angeles
Minas	CU	America/Havana
Altena	DE	Europe/Berlin
Ashland	US	America/Los_Angeles
Valkeakoski	FI	Europe/Helsinki
Sidney	US	America/New_York
Birmingham	US	America/Detroit
Sālamedu	IN	Asia/Kolkata
Sömmerda	DE	Europe/Berlin
Alfafar	ES	Europe/Madrid
Yongning	CN	Asia/Shanghai
Unterhaching	DE	Europe/Berlin
Oraiókastro	GR	Europe/Athens
Cranston	CA	America/Edmonton
Wallington	GB	Europe/London
Barpāli	IN	Asia/Kolkata
Kisai	JP	Asia/Tokyo
Moniquirá	CO	America/Bogota
Tai Wo Hau	HK	Asia/Hong_Kong
Priyutovo	RU	Asia/Yekaterinburg
Tor Lupara	IT	Europe/Rome
Husum	DE	Europe/Berlin
Gormi	IN	Asia/Kolkata
Sweetwater	US	America/New_York
Sahoua	CI	Africa/Abidjan
Bandariba	CW	America/Curacao
Begūn	IN	Asia/Kolkata
Flores	BR	America/Recife
Lajinha	BR	America/Sao_Paulo
Dūrā	PS	Asia/Hebron
Douar Toulal	MA	Africa/Casablanca
Lawngtlai	IN	Asia/Kolkata
Milwaukie	US	America/Los_Angeles
Jiangkou	CN	Asia/Shanghai
Nandri	IN	Asia/Kolkata
Kamiichi	JP	Asia/Tokyo
Dhing	IN	Asia/Kolkata
Conselheiro Pena	BR	America/Sao_Paulo
Saint-Michel-sur-Orge	FR	Europe/Paris
Maai Mahiu	KE	Africa/Nairobi
Mai	KE	Africa/Nairobi
Pájara	ES	Atlantic/Canary
Vadakarai Kīl Pidāgai	IN	Asia/Kolkata
Obanazawa	JP	Asia/Tokyo
Novomichurinsk	RU	Europe/Moscow
Kriva Palanka	MK	Europe/Skopje
Saclepea	LR	Africa/Monrovia
East Millcreek	US	America/Denver
Maracena	ES	Europe/Madrid
Montecchio Maggiore-Alte Ceccato	IT	Europe/Rome
Grand Island	US	America/New_York
Saw Bwar Gyi Kone	MM	Asia/Yangon
Goole	GB	Europe/London
Nandaime	NI	America/Managua
Wrzeszcz Górny	PL	Europe/Warsaw
Kumakura	JP	Asia/Tokyo
Yanagawamachi-saiwaichō	JP	Asia/Tokyo
Clement Town	IN	Asia/Kolkata
Union City	US	America/New_York
Woodlawn	US	America/New_York
Sandhurst	GB	Europe/London
Gazakh	AZ	Asia/Baku
Conceição da Feira	BR	America/Bahia
Edosaki	JP	Asia/Tokyo
Šuto Orizare	MK	Europe/Skopje
Mayuge	UG	Africa/Kampala
Malaba	UG	Africa/Kampala
Zaghouan	TN	Africa/Tunis
Dargeçit	TR	Europe/Istanbul
Nijlen	BE	Europe/Brussels
Camaguán	VE	America/Caracas
Clarence-Rockland	CA	America/Toronto
Piqua	US	America/New_York
Falagueira	PT	Europe/Lisbon
Engelskirchen	DE	Europe/Berlin
Las Margaritas	MX	America/Merida
Polonne	UA	Europe/Kyiv
Lomita	US	America/Los_Angeles
Wanqiao Zhen	CN	Asia/Shanghai
Byblos	LB	Asia/Beirut
Nioro du Rip	SN	Africa/Dakar
Kola'a	SB	Pacific/Guadalcanal
Evergreen	CA	America/Edmonton
Haßloch	DE	Europe/Berlin
San Juan de Aznalfarache	ES	Europe/Madrid
Bothfeld	DE	Europe/Berlin
Halaç	TM	Asia/Ashgabat
Cockeysville	US	America/New_York
Carei	RO	Europe/Bucharest
Virú	PE	America/Lima
Gustavsberg	SE	Europe/Stockholm
Hiddenhausen	DE	Europe/Berlin
Longjumeau	FR	Europe/Paris
Gostyń	PL	Europe/Warsaw
Sonepur	IN	Asia/Kolkata
Watté	CI	Africa/Abidjan
La Unión	CO	America/Bogota
Fergus	CA	America/Toronto
Easley	US	America/New_York
Vilassar de Mar	ES	Europe/Madrid
Kaikalūr	IN	Asia/Kolkata
Orăştie	RO	Europe/Bucharest
Sortavala	RU	Europe/Moscow
Leerdam	NL	Europe/Amsterdam
Bad Berleburg	DE	Europe/Berlin
Capulhuac de Mirafuentes	MX	America/Mexico_City
Akhnūr	IN	Asia/Kolkata
Końskie	PL	Europe/Warsaw
New Springville	US	America/New_York
Pleasantville	US	America/New_York
Wantirna South	AU	Australia/Melbourne
Alībāg	IN	Asia/Kolkata
Mino	JP	Asia/Tokyo
Dombóvár	HU	Europe/Budapest
Kāpren	IN	Asia/Kolkata
Gaofeng	CN	Asia/Shanghai
Liberal	US	America/Chicago
Shisui	JP	Asia/Tokyo
Villiers	ZA	Africa/Johannesburg
Bressuire	FR	Europe/Paris
Palisades Park	US	America/New_York
Bandar-e Gaz	IR	Asia/Tehran
Bétera	ES	Europe/Madrid
Shoham	IL	Asia/Jerusalem
Muthukulam	IN	Asia/Kolkata
Jenks	US	America/Chicago
Bhadauni	IN	Asia/Kolkata
Partizánske	SK	Europe/Bratislava
Tortiya	CI	Africa/Abidjan
Alīpur	IN	Asia/Kolkata
Colleferro	IT	Europe/Rome
Simpsonville	US	America/New_York
Latham	US	America/New_York
Sant'Anastasia	IT	Europe/Rome
Darien	US	America/New_York
Wülfrath	DE	Europe/Berlin
Heqing	CN	Asia/Shanghai
Pleasant Prairie	US	America/Chicago
Elektrogorsk	RU	Europe/Moscow
Harwich	GB	Europe/London
San Lucas Sacatepéquez	GT	America/Guatemala
Huaura	PE	America/Lima
Achampet	IN	Asia/Kolkata
Ghorabandha	IN	Asia/Kolkata
Katālem va Sādāt Shahr	IR	Asia/Tehran
Irosin	PH	Asia/Manila
Ennigerloh	DE	Europe/Berlin
Naas	IE	Europe/Dublin
Port Alberni	CA	America/Vancouver
Aguadas	CO	America/Bogota
Vrakuňa	SK	Europe/Bratislava
Calle Blancos	CR	America/Costa_Rica
Pimlico	GB	Europe/London
Divino	BR	America/Sao_Paulo
Ancón	PA	America/Panama
Lĩnh Nam	VN	Asia/Bangkok
Purranque	CL	America/Santiago
Tchin Tabaradèn	NE	Africa/Niamey
Koduvayur	IN	Asia/Kolkata
São João Batista	BR	America/Fortaleza
Coligny	ZA	Africa/Johannesburg
Retiro	CO	America/Bogota
Suntu	ET	Africa/Addis_Ababa
NoMa	US	America/New_York
Vauréal	FR	Europe/Paris
Çubuklu	TR	Europe/Istanbul
Campestre	BR	America/Sao_Paulo
Loschwitz	DE	Europe/Berlin
Lieto	FI	Europe/Helsinki
Allende	MX	America/Monterrey
Palo del Colle	IT	Europe/Rome
Trofa	PT	Europe/Lisbon
Sāmalāpuram	IN	Asia/Kolkata
Buftea	RO	Europe/Bucharest
Mountain Brook	US	America/Chicago
Chambersburg	US	America/New_York
Adrian	US	America/Detroit
Villeta	CO	America/Bogota
Rongo	KE	Africa/Nairobi
An Nāşirīyah	LY	Africa/Tripoli
Touih	CI	Africa/Abidjan
Chākia	IN	Asia/Kolkata
Volksdorf	DE	Europe/Berlin
Qaisumah	SA	Asia/Riyadh
Jining	IN	Asia/Kolkata
Shek O	HK	Asia/Hong_Kong
Chek Chue	HK	Asia/Hong_Kong
Namioka	JP	Asia/Tokyo
Makueni Boma	KE	Africa/Nairobi
Giardinetti-Tor Vergata	IT	Europe/Rome
Xonacatlán	MX	America/Mexico_City
Robīt	ET	Africa/Addis_Ababa
West Melbourne	US	America/New_York
Lons-le-Saunier	FR	Europe/Paris
Surovikino	RU	Europe/Volgograd
Wasaga Beach	CA	America/Toronto
Esquipulas	GT	America/Guatemala
Cachoeirinha	BR	America/Recife
Jenzan	KR	Asia/Seoul
Wuqiao	CN	Asia/Shanghai
Bozoum	CF	Africa/Bangui
Vyškov	CZ	Europe/Prague
Gevgelija	MK	Europe/Skopje
A Estrada	ES	Europe/Madrid
Linstead	JM	America/Jamaica
Aboisso Comoé	CI	Africa/Abidjan
Edewecht	DE	Europe/Berlin
Qārah	SY	Asia/Damascus
East Garfield Park	US	America/Chicago
Shanghe	CN	Asia/Shanghai
Wheelers Hill	AU	Australia/Melbourne
Ploemeur	FR	Europe/Paris
Rotterdam	US	America/New_York
Lagny-sur-Marne	FR	Europe/Paris
Chesham	GB	Europe/London
Métouia	TN	Africa/Tunis
Lakeside	US	America/Los_Angeles
Manlleu	ES	Europe/Madrid
Bhanjanagar	IN	Asia/Kolkata
Kalihi Valley	US	Pacific/Honolulu
Vadāli	IN	Asia/Kolkata
Bethany	US	America/Los_Angeles
Paks	HU	Europe/Budapest
Lake Worth Corridor	US	America/New_York
Gerrards Cross	GB	Europe/London
Ndiyona	NA	Africa/Windhoek
Heqian	CN	Asia/Shanghai
Winter Gardens	US	America/Los_Angeles
Oyo	CG	Africa/Brazzaville
Drăgăşani	RO	Europe/Bucharest
Carepa	CO	America/Bogota
Balş	RO	Europe/Bucharest
Lockport	US	America/New_York
Tervuren	BE	Europe/Brussels
Lebanon	US	America/New_York
koppana Agrahara	IN	Asia/Kolkata
Wade Hampton	US	America/New_York
Arroyo Seco	AR	America/Argentina/Cordoba
Sedan	FR	Europe/Paris
Madattukkulam	IN	Asia/Kolkata
Senago	IT	Europe/Rome
Elele	NG	Africa/Lagos
Lawa	PK	Asia/Karachi
Maraú	BR	America/Bahia
Bockum	DE	Europe/Berlin
Rejon ulicy Traugutta	PL	Europe/Warsaw
Hockenheim	DE	Europe/Berlin
Gurmatkāl	IN	Asia/Kolkata
Manhumirim	BR	America/Sao_Paulo
Murphy	US	America/Chicago
Fátima do Sul	BR	America/Campo_Grande
Casanay	VE	America/Caracas
Sligo	IE	Europe/Dublin
Ozorków	PL	Europe/Warsaw
Coralville	US	America/Chicago
Tibagi	BR	America/Sao_Paulo
Itupeva	BR	America/Sao_Paulo
Governador Mangabeira	BR	America/Bahia
Dhāriwāl	IN	Asia/Kolkata
Stadtlohn	DE	Europe/Berlin
Geseke	DE	Europe/Berlin
Ensley	US	America/Chicago
Were Īlu	ET	Africa/Addis_Ababa
Jumunjin	KR	Asia/Seoul
Evka-Üç	TR	Europe/Istanbul
Ea Drăng	VN	Asia/Ho_Chi_Minh
Heide	DE	Europe/Berlin
Frameries	BE	Europe/Brussels
Patuvilāyi	IN	Asia/Kolkata
Moreni	RO	Europe/Bucharest
Vranov nad Topľou	SK	Europe/Bratislava
Stamford	GB	Europe/London
Talwandi Sābo	IN	Asia/Kolkata
Dayal Pur	IN	Asia/Kolkata
Casal di Principe	IT	Europe/Rome
Bobrov	RU	Europe/Moscow
Stourport-on-Severn	GB	Europe/London
Jahāzpur	IN	Asia/Kolkata
Ćuprija	RS	Europe/Belgrade
Riverview	CA	America/Moncton
Sāvda	IN	Asia/Kolkata
Genzano di Roma	IT	Europe/Rome
Silvania	CO	America/Bogota
Bad Rappenau	DE	Europe/Berlin
Gorseinon	GB	Europe/London
Coronel Vivida	BR	America/Sao_Paulo
Sapulpa	US	America/Chicago
Toktogul	KG	Asia/Bishkek
Chełmno	PL	Europe/Warsaw
T’ongch’ŏn-ŭp	KP	Asia/Pyongyang
Ely	GB	Europe/London
New Corella	PH	Asia/Manila
Hashtrūd	IR	Asia/Tehran
Vadakakarai	IN	Asia/Kolkata
Renfrew Heights	CA	America/Vancouver
Castillejos	ES	Europe/Madrid
Griffith	AU	Australia/Sydney
Vogan	TG	Africa/Lome
Viratnagar	IN	Asia/Kolkata
Bergneustadt	DE	Europe/Berlin
Belsand	IN	Asia/Kolkata
Sāmpla	IN	Asia/Kolkata
Vasind	IN	Asia/Kolkata
Morteros	AR	America/Argentina/Cordoba
Boudjima	DZ	Africa/Algiers
Chorfa	DZ	Africa/Algiers
Mödling	AT	Europe/Vienna
Failsworth	GB	Europe/London
Paulistana	BR	America/Fortaleza
American Canyon	US	America/Los_Angeles
Kishtwār	IN	Asia/Kolkata
South San Jose Hills	US	America/Los_Angeles
Makoua	CG	Africa/Brazzaville
Belton	US	America/Chicago
Baar	CH	Europe/Zurich
Liễu Giai	VN	Asia/Bangkok
Nailsea	GB	Europe/London
Wenheng	CN	Asia/Shanghai
Almoradí	ES	Europe/Madrid
Takanosu	JP	Asia/Tokyo
Ariel	IL	Asia/Jerusalem
Yigo Village	GU	Pacific/Guam
Michelena	VE	America/Caracas
Daguan	CN	Asia/Shanghai
Gainsborough	GB	Europe/London
Agoura	US	America/Los_Angeles
Guía de Isora	ES	Atlantic/Canary
Acquaviva delle Fonti	IT	Europe/Rome
Xincheng	CN	Asia/Shanghai
Codlea	RO	Europe/Bucharest
Mazinde	TZ	Africa/Dar_es_Salaam
Attibele	IN	Asia/Kolkata
Achhnera	IN	Asia/Kolkata
Kuchinarai	TH	Asia/Bangkok
Orly	FR	Europe/Paris
Hythe	GB	Europe/London
Bhikkiwind Uttār	IN	Asia/Kolkata
Floresta do Araguaia	BR	America/Belem
Nytva	RU	Asia/Yekaterinburg
Gotse Delchev	BG	Europe/Sofia
Baião	PT	Europe/Lisbon
Itapiúna	BR	America/Fortaleza
Werdau	DE	Europe/Berlin
Wyndham Vale	AU	Australia/Melbourne
Chillupār	IN	Asia/Kolkata
Sheung Shui	HK	Asia/Hong_Kong
Tilpat	IN	Asia/Kolkata
Bijāwar	IN	Asia/Kolkata
Bayville	US	America/New_York
Eggenberg	AT	Europe/Vienna
Rojales	ES	Europe/Madrid
Mairena del Alcor	ES	Europe/Madrid
Zhongshan	CN	Asia/Shanghai
Bruchköbel	DE	Europe/Berlin
Komatipoort	ZA	Africa/Johannesburg
Moss Park	CA	America/Toronto
Wutongshu	CN	Asia/Shanghai
Bekalta	TN	Africa/Tunis
Cocalzinho de Goiás	BR	America/Sao_Paulo
Fröndenberg	DE	Europe/Berlin
Égkomi	CY	Asia/Famagusta
Mehdiabad	AZ	Asia/Baku
Kercha	ET	Africa/Addis_Ababa
Lwakyomba	UG	Africa/Kampala
Kaliro	UG	Africa/Kampala
Nellimarla	IN	Asia/Kolkata
Neira	CO	America/Bogota
Westmount	CA	America/Toronto
Pachino	IT	Europe/Rome
Ushtobe	KZ	Asia/Almaty
Kirkland	CA	America/Toronto
Binondo	PH	Asia/Manila
Giulianova	IT	Europe/Rome
Xinglong	CN	Asia/Shanghai
El Estor	GT	America/Guatemala
Elst	NL	Europe/Amsterdam
Karia Ba Mohamed	MA	Africa/Casablanca
Baijiawan	CN	Asia/Shanghai
Villa de San Diego de Ubaté	CO	America/Bogota
Maham	IN	Asia/Kolkata
Bang Pa-in	TH	Asia/Bangkok
Chernogolovka	RU	Europe/Moscow
Arbutus	US	America/New_York
Haramachi	JP	Asia/Tokyo
San Buenaventura	MX	America/Monterrey
Hammond	US	America/Chicago
Peritoró	BR	America/Fortaleza
Nova Esperança do Piriá	BR	America/Belem
Becerril	CO	America/Bogota
Bagan Serai	MY	Asia/Kuala_Lumpur
Herborn	DE	Europe/Berlin
Laranjeiro	PT	Europe/Lisbon
Târgu Neamţ	RO	Europe/Bucharest
Mīt Abū Ghālib	EG	Africa/Cairo
Chengjiao	CN	Asia/Shanghai
Reçani	MA	Africa/Casablanca
Karaçoban	TR	Europe/Istanbul
Korkuteli	TR	Europe/Istanbul
Flores	GT	America/Guatemala
Gubkinskiy	RU	Asia/Yekaterinburg
Cota	CO	America/Bogota
Maniar	IN	Asia/Kolkata
Ile-des-Soeurs	CA	America/Toronto
Kirguli	UZ	Asia/Tashkent
Ye-u	MM	Asia/Yangon
Sobinka	RU	Europe/Moscow
Jaral del Progreso	MX	America/Mexico_City
Rama	NI	America/Managua
Rovira	CO	America/Bogota
San Martín	CO	America/Bogota
Yellāpur	IN	Asia/Kolkata
Schofield-Wheeler	US	Pacific/Honolulu
Camborne	GB	Europe/London
Wainuiomata	NZ	Pacific/Auckland
Mường Lay	VN	Asia/Ho_Chi_Minh
Kalach	RU	Europe/Moscow
Junqueirópolis	BR	America/Sao_Paulo
Rongxi	CN	Asia/Shanghai
Paraisópolis	BR	America/Sao_Paulo
Bülach	CH	Europe/Zurich
Risca	GB	Europe/London
Keevallur	IN	Asia/Kolkata
Nangli	IN	Asia/Kolkata
São Joaquim do Monte	BR	America/Recife
Libertyville	US	America/Chicago
Sarzana	IT	Europe/Rome
Fara Department	BF	Africa/Ouagadougou
San Pablo Jocopilas	GT	America/Guatemala
Shilong	CN	Asia/Shanghai
La Pobla de Vallbona	ES	Europe/Madrid
Andorra la Vella	AD	Europe/Andorra
Halewood	GB	Europe/London
Borgomanero	IT	Europe/Rome
Nottuln	DE	Europe/Berlin
Jarājūs	EG	Africa/Cairo
Itatira	BR	America/Fortaleza
São Pedro	BR	America/Sao_Paulo
Nīmāj	IN	Asia/Kolkata
Baud	IN	Asia/Kolkata
Niablé	CI	Africa/Abidjan
Aígio	GR	Europe/Athens
Miyata	JP	Asia/Tokyo
Terrazas del Valle	MX	America/Tijuana
Tufānganj	IN	Asia/Kolkata
Korochi	IN	Asia/Kolkata
Pataudi	IN	Asia/Kolkata
Secunda	ZA	Africa/Johannesburg
Burnie	AU	Australia/Hobart
Dhārūr	IN	Asia/Kolkata
Dolyna	UA	Europe/Kyiv
Lambari	BR	America/Sao_Paulo
Beitun	CN	Asia/Urumqi
Albardón	AR	America/Argentina/San_Juan
Uruçuca	BR	America/Bahia
Quickborn	DE	Europe/Berlin
eMkhomazi	ZA	Africa/Johannesburg
Taloc	PH	Asia/Manila
Pittsburg	US	America/Chicago
Portsmouth	US	America/New_York
Jaboticatubas	BR	America/Sao_Paulo
Kapsan-ŭp	KP	Asia/Pyongyang
Camrose	CA	America/Edmonton
Pariyāram	IN	Asia/Kolkata
Granite Bay	US	America/Los_Angeles
Tartar	AZ	Asia/Baku
Tīlīlī	ET	Africa/Addis_Ababa
French Rocks	IN	Asia/Kolkata
Itajuípe	BR	America/Bahia
Charlestown	US	America/New_York
Zishui	CN	Asia/Shanghai
Louisville	US	America/Denver
Tanhaçu	BR	America/Bahia
Maracás	BR	America/Bahia
Sena Nikhom	TH	Asia/Bangkok
Barra da Estiva	BR	America/Bahia
Potim	BR	America/Sao_Paulo
Suibara	JP	Asia/Tokyo
Loudima	CG	Africa/Brazzaville
Cojímar	CU	America/Havana
Alloa	GB	Europe/London
Sukhodilsk	UA	Europe/Kyiv
Timayy al Imdīd	EG	Africa/Cairo
Hong Lok Yuen	HK	Asia/Hong_Kong
Mafemani	ZA	Africa/Johannesburg
Rio Formoso	BR	America/Recife
Itororó	BR	America/Bahia
Darende	TR	Europe/Istanbul
Budapest XXIII. kerület	HU	Europe/Budapest
Humacao	PR	America/Puerto_Rico
Zhuoshui	CN	Asia/Shanghai
Sensuntepeque	SV	America/El_Salvador
Newmarket	GB	Europe/London
Ahīwāra	IN	Asia/Kolkata
Bagua Grande	PE	America/Lima
Sainte-Marie	MQ	America/Martinique
Northfield	US	America/Chicago
Kaynaşlı	TR	Europe/Istanbul
Rheinstetten	DE	Europe/Berlin
Rocky River	US	America/New_York
Jaguaruna	BR	America/Sao_Paulo
Oberkirch	DE	Europe/Berlin
Raymore	US	America/Chicago
Schilde	BE	Europe/Brussels
Sokal	UA	Europe/Kyiv
Barbosa	CO	America/Bogota
Yende Millimou	GN	Africa/Conakry
Bāda	IN	Asia/Kolkata
Sarwar	IN	Asia/Kolkata
Middletown	US	America/New_York
Blaj	RO	Europe/Bucharest
Jindřichův Hradec	CZ	Europe/Prague
Werdohl	DE	Europe/Berlin
Carcavelos	PT	Europe/Lisbon
Havelock	US	America/New_York
Senden	DE	Europe/Berlin
Edavilangu	IN	Asia/Kolkata
Tewkesbury	GB	Europe/London
Tombôco	AO	Africa/Luanda
Jhālu	IN	Asia/Kolkata
Lindsay	CA	America/Toronto
Cofradía	HN	America/Tegucigalpa
Nördlingen	DE	Europe/Berlin
Mamfe	CM	Africa/Douala
Harvey	US	America/Chicago
Abaré	BR	America/Bahia
Sharīfābād	IR	Asia/Tehran
Mahājerān	IR	Asia/Tehran
Mwanza	MW	Africa/Blantyre
Paulo Ramos	BR	America/Fortaleza
Yellowknife	CA	America/Edmonton
Guinguinéo	SN	Africa/Dakar
Killannur	IN	Asia/Kolkata
Mundra	IN	Asia/Kolkata
Saint-Vincent de Paul	FR	Europe/Paris
Manay	PH	Asia/Manila
Bombinhas	BR	America/Sao_Paulo
Riachão	BR	America/Fortaleza
Cuité	BR	America/Fortaleza
Longfeng	CN	Asia/Shanghai
Yateley	GB	Europe/London
Castrovillari	IT	Europe/Rome
Hulu Yam Lama	MY	Asia/Kuala_Lumpur
Tubbergen	NL	Europe/Amsterdam
Xinglong	CN	Asia/Shanghai
Gardner	US	America/New_York
Takedamachi	JP	Asia/Tokyo
Iisalmi	FI	Europe/Helsinki
Golden	US	America/Denver
São José de Piranhas	BR	America/Fortaleza
Monte Azul	BR	America/Sao_Paulo
Avrankou	BJ	Africa/Porto-Novo
Byndoor	IN	Asia/Kolkata
Douglas	US	America/Chicago
Chāpar	IN	Asia/Kolkata
Tata	MA	Africa/Casablanca
Khombole	SN	Africa/Dakar
Sankt Peter	AT	Europe/Vienna
Farrāshband	IR	Asia/Tehran
Pilaitė	LT	Europe/Vilnius
Santa Anita	MX	America/Mexico_City
Cartersville	US	America/New_York
Kondalampatti	IN	Asia/Kolkata
Ashland	US	America/New_York
Somoto	NI	America/Managua
Przedmieście Oławskie	PL	Europe/Warsaw
Bohumín	CZ	Europe/Prague
Oakleaf Plantation	US	America/New_York
Bakoti	GM	Africa/Banjul
Boca Suno	EC	America/Guayaquil
Pontarlier	FR	Europe/Paris
Wednesbury	GB	Europe/London
Farum	DK	Europe/Copenhagen
Naantali	FI	Europe/Helsinki
Friesoythe	DE	Europe/Berlin
Thị Trấn Nước Hai	VN	Asia/Ho_Chi_Minh
Affton	US	America/Chicago
Cañas	CR	America/Costa_Rica
Provenals del Poblenou	ES	Europe/Madrid
Senta	RS	Europe/Belgrade
Umm Shawkah	SD	Africa/Khartoum
Mělník	CZ	Europe/Prague
Dalap-Uliga-Dorrit	MH	Pacific/Majuro
Saatlı	AZ	Asia/Baku
Peterlee	GB	Europe/London
Maradong	MY	Asia/Kuching
Chamalières	FR	Europe/Paris
Monguno	NG	Africa/Lagos
Yauco	PR	America/Puerto_Rico
Haldensleben I	DE	Europe/Berlin
Aleksandrów Łódzki	PL	Europe/Warsaw
Ramona	US	America/Los_Angeles
Bogué	MR	Africa/Nouakchott
Kontich	BE	Europe/Brussels
Bawāni Khera	IN	Asia/Kolkata
Celbridge	IE	Europe/Dublin
Basi	IN	Asia/Kolkata
Cambria Heights	US	America/New_York
Velingrad	BG	Europe/Sofia
Ālampālaiyam	IN	Asia/Kolkata
Kanaya	JP	Asia/Tokyo
Centro	IT	Europe/Rome
Alcalde Díaz	PA	America/Panama
Bécédi-Brignan	CI	Africa/Abidjan
Malaṅgawā	NP	Asia/Kathmandu
São Felipe	BR	America/Bahia
Elmwood Park	US	America/New_York
Elko	US	America/Los_Angeles
Chorozinho	BR	America/Fortaleza
Esmeralda	CU	America/Havana
Aragarças	BR	America/Sao_Paulo
Mahd adh Dhahab	SA	Asia/Riyadh
Oroszlány	HU	Europe/Budapest
Ndioum	SN	Africa/Dakar
Hollis	US	America/New_York
Fairview Park	HK	Asia/Hong_Kong
Meylan	FR	Europe/Paris
Alcântara	PT	Europe/Lisbon
Buinsk	RU	Europe/Moscow
Nueva Gerona	CU	America/Havana
Karachayevsk	RU	Europe/Moscow
Umbri	IN	Asia/Kolkata
Añatuya	AR	America/Argentina/Cordoba
Tomaszów Lubelski	PL	Europe/Warsaw
Stoke	NZ	Pacific/Auckland
Brooklyn Heights	US	America/New_York
Ervália	BR	America/Sao_Paulo
Gersthofen	DE	Europe/Berlin
Wellington	IN	Asia/Kolkata
Muriti	TZ	Africa/Dar_es_Salaam
Ntandabale	ZM	Africa/Lusaka
Hārij	IN	Asia/Kolkata
Nogales	US	America/Phoenix
Buri	BR	America/Sao_Paulo
Baras	PH	Asia/Manila
Sebt Gzoula	MA	Africa/Casablanca
Žďár nad Sázavou	CZ	Europe/Prague
Parma Heights	US	America/New_York
La Cañada Flintridge	US	America/Los_Angeles
Danao	PH	Asia/Manila
Tsuruda	JP	Asia/Tokyo
Strzelce Opolskie	PL	Europe/Warsaw
Matui	TZ	Africa/Dar_es_Salaam
Galeras	CO	America/Bogota
Šaľa	SK	Europe/Bratislava
Raipur Domana	IN	Asia/Kolkata
Zele	BE	Europe/Brussels
Aranyaprathet	TH	Asia/Bangkok
Thomastown	AU	Australia/Melbourne
Protaras	CY	Asia/Famagusta
Cirencester	GB	Europe/London
Hatvan	HU	Europe/Budapest
Settūr	IN	Asia/Kolkata
Requena	ES	Europe/Madrid
Ōhara	JP	Asia/Tokyo
Kwale	NG	Africa/Lagos
Mustang	US	America/Chicago
Rose Hill	US	America/New_York
Fulu	CN	Asia/Shanghai
Kallangur	AU	Australia/Brisbane
Hernani	ES	Europe/Madrid
Montceau-les-Mines	FR	Europe/Paris
Waluj Buzurg	IN	Asia/Kolkata
Penukonda	IN	Asia/Kolkata
Haiger	DE	Europe/Berlin
Kotivakkam	IN	Asia/Kolkata
East Northport	US	America/New_York
Srīnagar	IN	Asia/Kolkata
Marina di Ardea-Tor San Lorenzo	IT	Europe/Rome
Vlotho	DE	Europe/Berlin
Quiterianópolis	BR	America/Fortaleza
Adlershof	DE	Europe/Berlin
Azacualpa	HN	America/Tegucigalpa
San Lorenzo de Esmeraldas	EC	America/Guayaquil
Zülpich	DE	Europe/Berlin
Jaruco	CU	America/Havana
Burqin	CN	Asia/Urumqi
Algete	ES	Europe/Madrid
Tel Sheva‘	IL	Asia/Jerusalem
Giengen an der Brenz	DE	Europe/Berlin
Epsom	NZ	Pacific/Auckland
Stebnyk	UA	Europe/Kyiv
Saperna Slobidka	UA	Europe/Kyiv
Xo‘jaobod	UZ	Asia/Tashkent
Geyve	TR	Europe/Istanbul
Glen Avon	US	America/Los_Angeles
San Antonio de la Cal	MX	America/Mexico_City
Blieskastel	DE	Europe/Berlin
Pompéia	BR	America/Sao_Paulo
Boromo	BF	Africa/Ouagadougou
Kataiya	IN	Asia/Kolkata
Monserrato	IT	Europe/Rome
Sainte-Rose	GP	America/Guadeloupe
Skive	DK	Europe/Copenhagen
Tegelen	NL	Europe/Amsterdam
Uruburetama	BR	America/Fortaleza
Newquay	GB	Europe/London
Surajpur	IN	Asia/Kolkata
Nirmāli	IN	Asia/Kolkata
Berkel en Rodenrijs	NL	Europe/Amsterdam
Sulphur	US	America/Chicago
Shelby	US	America/New_York
Kafr Mandā	IL	Asia/Jerusalem
Thị Trấn Đất Đỏ	VN	Asia/Ho_Chi_Minh
Ma Tau Wai	HK	Asia/Hong_Kong
Takanabe	JP	Asia/Tokyo
Greenville	LR	Africa/Monrovia
Carolina	ZA	Africa/Johannesburg
Zestaponi	GE	Asia/Tbilisi
Kojomkul	KG	Asia/Bishkek
Aspe	ES	Europe/Madrid
Montville Center	US	America/New_York
Waghäusel	DE	Europe/Berlin
Mers el Kebir	DZ	Africa/Algiers
Shiozawa	JP	Asia/Tokyo
Camarate	PT	Europe/Lisbon
Ferndale	US	America/Detroit
Punchbowl	AU	Australia/Sydney
Las Vegas	VE	America/Caracas
Wittenberge	DE	Europe/Berlin
Los Llanos de Aridane	ES	Atlantic/Canary
Halluin	FR	Europe/Paris
Puliyankannu	IN	Asia/Kolkata
Levanger	NO	Europe/Oslo
Monte Alegre de Minas	BR	America/Sao_Paulo
Hazel Grove	GB	Europe/London
Sredneuralsk	RU	Asia/Yekaterinburg
Morwa	IN	Asia/Kolkata
Thiadiaye	SN	Africa/Dakar
Adh Dhayd	AE	Asia/Dubai
Deán Funes	AR	America/Argentina/Cordoba
Najafshahr	IR	Asia/Tehran
Alor Gajah	MY	Asia/Kuala_Lumpur
Pāttyam	IN	Asia/Kolkata
South Saint Paul	US	America/Chicago
Cañete	CL	America/Santiago
Lalín	ES	Europe/Madrid
Sampaloc	PH	Asia/Manila
Medina	BR	America/Sao_Paulo
Frontino	CO	America/Bogota
Lynn Haven	US	America/Chicago
Lents	US	America/Los_Angeles
Waldkirch	DE	Europe/Berlin
Sandown	GB	Europe/London
Lake Ronkonkoma	US	America/New_York
Río Grande	DO	America/Santo_Domingo
Kaimori	IN	Asia/Kolkata
Ukmerge	LT	Europe/Vilnius
Thị Trấn Thất Khê	VN	Asia/Ho_Chi_Minh
Neu Wulmstorf	DE	Europe/Berlin
Millburn	US	America/New_York
Apam	GH	Africa/Accra
Mau	IN	Asia/Kolkata
Iapala	MZ	Africa/Maputo
Regente Feijó	BR	America/Sao_Paulo
Riom	FR	Europe/Paris
Pudussery West	IN	Asia/Kolkata
Khulayş	SA	Asia/Riyadh
Lexington	US	America/New_York
Huangshan	CN	Asia/Shanghai
Murrysville	US	America/New_York
Braine-le-Comte	BE	Europe/Brussels
Cumberland	US	America/New_York
Hessisch Oldendorf	DE	Europe/Berlin
Ajiki	JP	Asia/Tokyo
La Orilla	MX	America/Mexico_City
Chevilly-Larue	FR	Europe/Paris
Cherepanovo	RU	Asia/Novosibirsk
Mau Aimma	IN	Asia/Kolkata
Chinnavādampatti	IN	Asia/Kolkata
Belmonte	BR	America/Bahia
Stephenville	US	America/Chicago
Nidderau	DE	Europe/Berlin
Fālākāta	IN	Asia/Kolkata
Colne	GB	Europe/London
Iiyama	JP	Asia/Tokyo
Sekong	LA	Asia/Vientiane
Senec	SK	Europe/Bratislava
Belen	TR	Europe/Istanbul
Bailadores	VE	America/Caracas
Porto Real do Colégio	BR	America/Maceio
Karlshamn	SE	Europe/Stockholm
Hadim	TR	Europe/Istanbul
Sūleswaranpatti	IN	Asia/Kolkata
Tyrnyauz	RU	Europe/Moscow
Kürten	DE	Europe/Berlin
Sunagawa	JP	Asia/Tokyo
Oregon	US	America/New_York
Eastmont	US	America/Los_Angeles
Ādīs K’idamē	ET	Africa/Addis_Ababa
Mabare	UG	Africa/Kampala
Rrashbull	AL	Europe/Tirane
Pindobaçu	BR	America/Bahia
Dhaurahra	IN	Asia/Kolkata
Cornaredo	IT	Europe/Rome
Timotes	VE	America/Caracas
Colombia	CU	America/Havana
Khairāgarh	IN	Asia/Kolkata
Maksi	IN	Asia/Kolkata
Beruri	BR	America/Manaus
Yotsutsuji	JP	Asia/Tokyo
Mezcales	MX	America/Bahia_Banderas
Monroe	US	America/Detroit
Nova Hartz	BR	America/Sao_Paulo
Jijoca de Jericoacoara	BR	America/Fortaleza
Shemonaikha	KZ	Asia/Almaty
Beloyarskiy	RU	Asia/Yekaterinburg
Barroso	BR	America/Sao_Paulo
Annur	IN	Asia/Kolkata
Foso	GH	Africa/Accra
Dārān	IR	Asia/Tehran
Coconut Grove	US	America/New_York
West Mifflin	US	America/New_York
Shilongba	CN	Asia/Shanghai
Naranjos	MX	America/Mexico_City
Haddington	US	America/New_York
Pushchino	RU	Europe/Moscow
Pulwama	IN	Asia/Kolkata
Târgu Secuiesc	RO	Europe/Bucharest
Sirumugai	IN	Asia/Kolkata
Lyman	UA	Europe/Kyiv
Zhosaly	KZ	Asia/Qyzylorda
El Pedregal	PE	America/Lima
Emirdağ	TR	Europe/Istanbul
Croulebarbe	FR	Europe/Paris
Schroeder	BR	America/Sao_Paulo
Lucélia	BR	America/Sao_Paulo
Singānuram	IN	Asia/Kolkata
Kasongo-Lunda	CD	Africa/Kinshasa
Hongqiao	CN	Asia/Shanghai
Rayevskiy	RU	Asia/Yekaterinburg
Chalfont Saint Peter	GB	Europe/London
Dergaon	IN	Asia/Kolkata
Boussu	BE	Europe/Brussels
Guézon	CI	Africa/Abidjan
Guézon	CI	Africa/Abidjan
Tuqiang	CN	Asia/Shanghai
Ponta Delgada	PT	Atlantic/Azores
Shimosuwa	JP	Asia/Tokyo
Rensha	CN	Asia/Shanghai
Hidrolândia	BR	America/Fortaleza
Cheppad	IN	Asia/Kolkata
Isil’kul’	RU	Asia/Omsk
Ternate	PH	Asia/Manila
Nsunga	TZ	Africa/Dar_es_Salaam
Buxton	GB	Europe/London
Torit	SS	Africa/Juba
Cranbrook	CA	America/Edmonton
Corabia	RO	Europe/Bucharest
Rastede	DE	Europe/Berlin
Khowai	IN	Asia/Kolkata
Sing Buri	TH	Asia/Bangkok
Zürich (Kreis 6) / Unterstrass	CH	Europe/Zurich
Puerto Leguízamo	CO	America/Bogota
Govardhan	IN	Asia/Kolkata
Gilly	BE	Europe/Brussels
Abba	CF	Africa/Bangui
Saraipali	IN	Asia/Kolkata
Mahembe	RW	Africa/Kigali
Mill Creek	US	America/Los_Angeles
Paravai	IN	Asia/Kolkata
Barañáin	ES	Europe/Madrid
Sürmene	TR	Europe/Istanbul
Pace	US	America/Chicago
San Giovanni Lupatoto	IT	Europe/Rome
‘Inak	SA	Asia/Riyadh
Hebian	CN	Asia/Shanghai
Glazoué	BJ	Africa/Porto-Novo
Frascati	IT	Europe/Rome
Belfast	ZA	Africa/Johannesburg
Calatayud	ES	Europe/Madrid
Miamisburg	US	America/New_York
Tolú Viejo	CO	America/Bogota
Wachtberg	DE	Europe/Berlin
Cormano	IT	Europe/Rome
Emiliano Zapata	MX	America/Mexico_City
Gabane	BW	Africa/Gaborone
Ampthill	GB	Europe/London
Salgado	BR	America/Maceio
Flörsheim	DE	Europe/Berlin
Karuizawa	JP	Asia/Tokyo
Bukit Beruntung	MY	Asia/Kuala_Lumpur
Palm Valley	US	America/New_York
Rolla	US	America/Chicago
Tukwila	US	America/Los_Angeles
Schwanewede	DE	Europe/Berlin
Raalte	NL	Europe/Amsterdam
Viadana	IT	Europe/Rome
Chitipa	MW	Africa/Blantyre
Presidente Getúlio	BR	America/Sao_Paulo
Mössingen	DE	Europe/Berlin
Khalāri	IN	Asia/Kolkata
Qīr	IR	Asia/Tehran
Katwijk aan Zee	NL	Europe/Amsterdam
Queensdale	ZA	Africa/Johannesburg
Rāya	IN	Asia/Kolkata
Gawler	AU	Australia/Adelaide
Heusweiler	DE	Europe/Berlin
Tupanciretã	BR	America/Sao_Paulo
Trezzano sul Naviglio	IT	Europe/Rome
Aurora	IT	Europe/Rome
Batang Berjuntai	MY	Asia/Kuala_Lumpur
Liubotyn	UA	Europe/Kyiv
Cassanguidi	AO	Africa/Luanda
Sankt Martin	AT	Europe/Vienna
Ganvié	BJ	Africa/Porto-Novo
Turmalina	BR	America/Sao_Paulo
Campinas	BR	America/Sao_Paulo
Templeton-Est	CA	America/Toronto
Woodlawn	CA	America/Halifax
Riehen	CH	Europe/Zurich
Varadero	CU	America/Havana
Brøndbyvester	DK	Europe/Copenhagen
Az Zaynīyah Qiblī	EG	Africa/Cairo
Montecanal	ES	Europe/Madrid
Natahoyo	ES	Europe/Madrid
Golwayn	ET	Africa/Addis_Ababa
Lauttasaari	FI	Europe/Helsinki
La Defense	FR	Europe/Paris
Portslade	GB	Europe/London
Kingswinford	GB	Europe/London
Hampton	GB	Europe/London
Bowthorpe	GB	Europe/London
Kempston Hardwick	GB	Europe/London
Bedugul	ID	Asia/Makassar
Sawar	IN	Asia/Kolkata
Pāmūru	IN	Asia/Kolkata
Powai	IN	Asia/Kolkata
Surian	IR	Asia/Tehran
Abrīsham	IR	Asia/Tehran
Sambiase	IT	Europe/Rome
Lavinio	IT	Europe/Rome
Judita	JO	Asia/Amman
Ogembo	KE	Africa/Nairobi
Bsharri	LB	Asia/Beirut
Castries	LC	America/St_Lucia
Pelabuhan Klang	MY	Asia/Kuala_Lumpur
Batu Feringgi	MY	Asia/Kuala_Lumpur
Kampung Selang	MY	Asia/Kuala_Lumpur
Kampung Hutan Arau	MY	Asia/Kuala_Lumpur
Tropicana Indah	MY	Asia/Kuala_Lumpur
Desa Petaling	MY	Asia/Kuala_Lumpur
Stadskanaal	NL	Europe/Amsterdam
Surkhpur	PK	Asia/Karachi
Sook Kalan	PK	Asia/Karachi
Wesoła	PL	Europe/Warsaw
Zavety Il’icha	RU	Europe/Moscow
Slobodka	RU	Europe/Moscow
Setun’	RU	Europe/Moscow
Rublëvo	RU	Europe/Moscow
Novaya Derevnya	RU	Europe/Moscow
Khosta	RU	Europe/Moscow
Kastanayevo	RU	Europe/Moscow
Elektrougli	RU	Europe/Moscow
Bol’shaya Setun’	RU	Europe/Moscow
Andreyevskoye	RU	Europe/Moscow
Dagomys	RU	Europe/Moscow
Vnukovo	RU	Europe/Moscow
Vrangel’	RU	Asia/Vladivostok
Krestovskiy ostrov	RU	Europe/Moscow
Abyei	SD	Africa/Khartoum
Limhamn	SE	Europe/Stockholm
Sungai Simpang	SG	Asia/Singapore
Diinsoor	SO	Africa/Mogadishu
Baki	SO	Africa/Mogadishu
Muheza	TZ	Africa/Dar_es_Salaam
Mikumi	TZ	Africa/Dar_es_Salaam
Makuyuni	TZ	Africa/Dar_es_Salaam
Kiratu	TZ	Africa/Dar_es_Salaam
Tandahimba	TZ	Africa/Dar_es_Salaam
Ruangwa	TZ	Africa/Dar_es_Salaam
Matongo	TZ	Africa/Dar_es_Salaam
Zhuravlivka	UA	Europe/Kyiv
Iryango	UG	Africa/Kampala
New Caney	US	America/Chicago
Sultonobod	UZ	Asia/Tashkent
Charlotte Amalie	VI	America/St_Thomas
Vinhomes Royal City	VN	Asia/Ho_Chi_Minh
Franschhoek	ZA	Africa/Johannesburg
Hambantota	LK	Asia/Colombo
Stenløse	DK	Europe/Copenhagen
Kunkujang	GM	Africa/Banjul
DeBary	US	America/New_York
Bornem	BE	Europe/Brussels
Sainte-Marguerite	FR	Europe/Paris
Ciudad Miguel Alemán	MX	America/Monterrey
Cantagalo	BR	America/Sao_Paulo
Belonia	IN	Asia/Kolkata
Lyndhurst	US	America/New_York
Cuemba	AO	Africa/Luanda
Anak	KP	Asia/Pyongyang
Lake Zurich	US	America/Chicago
Germantown	US	America/Chicago
Golungo Alto	AO	Africa/Luanda
San Juan de Urabá	CO	America/Bogota
Fomento	CU	America/Havana
Evaz	IR	Asia/Tehran
Arewusitang	CN	Asia/Urumqi
Sueyoshichō-ninokata	JP	Asia/Tokyo
Bryant	US	America/Chicago
Eustis	US	America/New_York
Universal City	US	America/Chicago
Chaparral	CO	America/Bogota
Balen	BE	Europe/Brussels
Castilho	BR	America/Sao_Paulo
Nykøbing Falster	DK	Europe/Copenhagen
Vazante	BR	America/Sao_Paulo
Kratié	KH	Asia/Phnom_Penh
Nu‘ayjah	QA	Asia/Qatar
Huy	BE	Europe/Brussels
Cranbourne West	AU	Australia/Melbourne
Hirokawa	JP	Asia/Tokyo
Takhatpur	IN	Asia/Kolkata
Newburg	US	America/Kentucky/Louisville
Cranendonck	NL	Europe/Amsterdam
Pionki	PL	Europe/Warsaw
Johnstown	US	America/New_York
Colfontaine	BE	Europe/Brussels
Johannisthal	DE	Europe/Berlin
Sullya	IN	Asia/Kolkata
Kollo	NE	Africa/Niamey
Yessentukskaya	RU	Europe/Moscow
Romorantin-Lanthenay	FR	Europe/Paris
Socastee	US	America/New_York
Buesaco	CO	America/Bogota
Kampong Thom	KH	Asia/Phnom_Penh
Bni Bouayach	MA	Africa/Casablanca
Biskupin-Sępolno-Dąbie-Bartoszowice	PL	Europe/Warsaw
Dumbarton	GB	Europe/London
Richmond	NZ	Pacific/Auckland
Vondrozo	MG	Indian/Antananarivo
Rubiataba	BR	America/Sao_Paulo
Mantes-la-Ville	FR	Europe/Paris
Oyugis	KE	Africa/Nairobi
Bhusawar	IN	Asia/Kolkata
Ypsilanti	US	America/Detroit
Chunchupally	IN	Asia/Kolkata
Charthāwal	IN	Asia/Kolkata
North Bellmore	US	America/New_York
Siswā Bāzār	IN	Asia/Kolkata
Araçoiaba	BR	America/Recife
Gaeta	IT	Europe/Rome
King of Prussia	US	America/New_York
Hayesville	US	America/Los_Angeles
Cândido Mendes	BR	America/Fortaleza
Bīrpur	IN	Asia/Kolkata
Vianen	NL	Europe/Amsterdam
Ikebukuro	JP	Asia/Tokyo
Cortlandt Manor	US	America/New_York
Novo Airão	BR	America/Manaus
Filadelfia	PY	America/Asuncion
Warrensburg	US	America/Chicago
Pertuis	FR	Europe/Paris
Kandalloor	IN	Asia/Kolkata
Tai Wai	HK	Asia/Hong_Kong
Sīāhkal	IR	Asia/Tehran
Mokena	US	America/Chicago
Zonhoven	BE	Europe/Brussels
Halifax South End	CA	America/Halifax
Dhanaula	IN	Asia/Kolkata
Yeniseysk	RU	Asia/Krasnoyarsk
Qaryat Sulūq	LY	Africa/Tripoli
Morsang-sur-Orge	FR	Europe/Paris
Norwood	US	America/New_York
Livramento do Brumado	BR	America/Bahia
Poulton-le-Fylde	GB	Europe/London
La Paz	UY	America/Montevideo
Usman’	RU	Europe/Moscow
Thambon Na Mueang	TH	Asia/Bangkok
Laboulaye	AR	America/Argentina/Cordoba
Dhoro Naro	PK	Asia/Karachi
Yur’yev-Pol’skiy	RU	Europe/Moscow
Mariners Harbor	US	America/New_York
Brough	GB	Europe/London
L.A.Sagaram	IN	Asia/Kolkata
Umirim	BR	America/Fortaleza
Sarigam INA	IN	Asia/Kolkata
Bonney Lake	US	America/Los_Angeles
Kanjiramkulam	IN	Asia/Kolkata
Kébémer	SN	Africa/Dakar
Chebli	DZ	Africa/Algiers
Blansko	CZ	Europe/Prague
Anūppur	IN	Asia/Kolkata
Dickinson	US	America/Chicago
Hörstel	DE	Europe/Berlin
Moirāng	IN	Asia/Kolkata
Mar’ina Gorka	BY	Europe/Minsk
Vesoul	FR	Europe/Paris
Vevey	CH	Europe/Zurich
Khalīfān	IQ	Asia/Baghdad
Saynshand	MN	Asia/Ulaanbaatar
Schagen	NL	Europe/Amsterdam
Mulgrave	AU	Australia/Melbourne
Saint-Lazare	CA	America/Toronto
Clifton	US	America/Denver
Wandlitz	DE	Europe/Berlin
Náousa	GR	Europe/Athens
Entroncamento	PT	Europe/Lisbon
Nueva Bolivia	VE	America/Caracas
Málaga	CO	America/Bogota
Seddouk	DZ	Africa/Algiers
Nattappettai	IN	Asia/Kolkata
Hlohovec	SK	Europe/Bratislava
Phibun Mangsahan	TH	Asia/Bangkok
Dübendorf	CH	Europe/Zurich
Arun Amarin	TH	Asia/Bangkok
Gembu	NG	Africa/Lagos
Bāli	IN	Asia/Kolkata
Lealman	US	America/New_York
Zinjibār	YE	Asia/Aden
Andirá	BR	America/Sao_Paulo
Ubaíra	BR	America/Bahia
Bokajān	IN	Asia/Kolkata
Ingabu	MM	Asia/Yangon
Dareda	TZ	Africa/Dar_es_Salaam
Telavi	GE	Asia/Tbilisi
Saint-Jean-de-Braye	FR	Europe/Paris
Kempston	GB	Europe/London
Rānikhet	IN	Asia/Kolkata
Penzance	GB	Europe/London
Les Pennes-Mirabeau	FR	Europe/Paris
Sirka	IN	Asia/Kolkata
Dhaunkal	PK	Asia/Karachi
Steinhagen	DE	Europe/Berlin
Mátyásföld	HU	Europe/Budapest
Băicoi	RO	Europe/Bucharest
Brezno	SK	Europe/Bratislava
Boriavi	IN	Asia/Kolkata
Madalena	BR	America/Fortaleza
Lagoa do Itaenga	BR	America/Recife
Llazicë	XK	Europe/Belgrade
Ibirama	BR	America/Sao_Paulo
Waikīkī	US	Pacific/Honolulu
Wujian	CN	Asia/Shanghai
Alhama de Murcia	ES	Europe/Madrid
Dinnington	GB	Europe/London
Gazaoua	NE	Africa/Niamey
Hermosa Beach	US	America/Los_Angeles
L'Île-Bizard–Sainte-Geneviève	CA	America/Toronto
Līkak	IR	Asia/Tehran
Warragul	AU	Australia/Melbourne
St Clair	AU	Australia/Sydney
Sarāt ‘Abīdah	SA	Asia/Riyadh
Vallehermoso	ES	Europe/Madrid
Enger	DE	Europe/Berlin
Monino	RU	Europe/Moscow
Fengle	CN	Asia/Shanghai
Selden	US	America/New_York
Tías	ES	Atlantic/Canary
Aurād	IN	Asia/Kolkata
Beyla	GN	Africa/Conakry
Paris 02 Bourse	FR	Europe/Paris
Mount Martha	AU	Australia/Melbourne
Sankaraperi	IN	Asia/Kolkata
Selangau	MY	Asia/Kuching
Clemmons	US	America/New_York
Itarantim	BR	America/Bahia
Santa Luzia do Pará	BR	America/Belem
Beolgyo	KR	Asia/Seoul
West Chester	US	America/New_York
Evergreen Park	US	America/Chicago
Bad Waldsee	DE	Europe/Berlin
Pacol	PH	Asia/Manila
Southbury	US	America/New_York
Bahía Honda	CU	America/Havana
Paredes	PT	Europe/Lisbon
Al Murar al Qadīm	AE	Asia/Dubai
Kulu	IN	Asia/Kolkata
Ho Man Tin	HK	Asia/Hong_Kong
Wushan	CN	Asia/Shanghai
İskilip	TR	Europe/Istanbul
Yisilamu'awati	CN	Asia/Urumqi
Kalinjur	IN	Asia/Kolkata
Vila Rica	BR	America/Cuiaba
Chetput	IN	Asia/Kolkata
Yorito	HN	America/Tegucigalpa
Cunduacán	MX	America/Mexico_City
Capesterre-Belle-Eau	GP	America/Guadeloupe
Peto	MX	America/Merida
Doka	SD	Africa/Khartoum
Adelaide city centre	AU	Australia/Adelaide
Brickworks Estate	SG	Asia/Singapore
Baldwin	US	America/New_York
Rio Verde de Mato Grosso	BR	America/Campo_Grande
Kusa	RU	Asia/Yekaterinburg
Kolavallúr	IN	Asia/Kolkata
Huntsville	CA	America/Toronto
Cinkansé	BF	Africa/Ouagadougou
Nshamba	TZ	Africa/Dar_es_Salaam
General Mosconi	AR	America/Argentina/Salta
Florencia	CU	America/Havana
Sonāri	IN	Asia/Kolkata
Paikeqi	CN	Asia/Urumqi
Beni Mester	DZ	Africa/Algiers
Marblehead	US	America/New_York
Norton	US	America/New_York
Orunia Górna-Gdańsk Południe	PL	Europe/Warsaw
Onsŏng	KP	Asia/Pyongyang
Plattsburgh	US	America/New_York
Sawankhalok	TH	Asia/Bangkok
Xinglong	CN	Asia/Shanghai
Goygol	AZ	Asia/Baku
Lirang	CN	Asia/Shanghai
Vera	AR	America/Argentina/Cordoba
Xambabazar	CN	Asia/Urumqi
North Salt Lake	US	America/Denver
Minamishibetsuchō	JP	Asia/Tokyo
Alcúdia	ES	Europe/Madrid
Bandar Putra Kulai	MY	Asia/Kuala_Lumpur
Hayrabolu	TR	Europe/Istanbul
Lidcombe	AU	Australia/Sydney
Itaparica	BR	America/Bahia
Cluses	FR	Europe/Paris
Levin	NZ	Pacific/Auckland
Deoraniān	IN	Asia/Kolkata
Ibicoara	BR	America/Bahia
Picassent	ES	Europe/Madrid
Rosignano Solvay-Castiglioncello	IT	Europe/Rome
Araripe	BR	America/Fortaleza
Banī Na‘īm	PS	Asia/Hebron
Jericho	PS	Asia/Hebron
Ban Khlong Bang Ramat	TH	Asia/Bangkok
Sand Springs	US	America/Chicago
Ayla Patakata	BD	Asia/Dhaka
Bordj Zemoura	DZ	Africa/Algiers
Palmeirândia	BR	America/Fortaleza
Kolāras	IN	Asia/Kolkata
Time	NO	Europe/Oslo
Ranot	TH	Asia/Bangkok
Chinna Āndānkovil	IN	Asia/Kolkata
Şile	TR	Europe/Istanbul
Raval	IN	Asia/Kolkata
Gheorgheni	RO	Europe/Bucharest
Westwood Plateau	CA	America/Vancouver
Chāndūr	IN	Asia/Kolkata
Chodzież	PL	Europe/Warsaw
Painesville	US	America/New_York
Massy	KG	Asia/Bishkek
Assebroek	BE	Europe/Brussels
Meyrin	CH	Europe/Zurich
Fuyun	CN	Asia/Urumqi
Vulcan	RO	Europe/Bucharest
Bourg-lès-Valence	FR	Europe/Paris
Tabarka	TN	Africa/Tunis
Yomra	TR	Europe/Istanbul
Cheung Chau	HK	Asia/Hong_Kong
Diamond Head / Kapahulu / Saint Louis Heights	US	Pacific/Honolulu
Palabana	ZM	Africa/Lusaka
An-Najaylah	EG	Africa/Cairo
Marchena	ES	Europe/Madrid
Finglas	IE	Europe/Dublin
Kannānkurichchi	IN	Asia/Kolkata
Câmpulung Moldovenesc	RO	Europe/Bucharest
Kattanam	IN	Asia/Kolkata
Ghatkesar	IN	Asia/Kolkata
Eitorf	DE	Europe/Berlin
Chopera	ES	Europe/Madrid
Kogota	JP	Asia/Tokyo
Nukui	JP	Asia/Tokyo
Borgaon	IN	Asia/Kolkata
Novate Milanese	IT	Europe/Rome
Karachev	RU	Europe/Moscow
Greenfield	US	America/New_York
Simonésia	BR	America/Sao_Paulo
Campamento	ES	Europe/Madrid
Sendamangalam	IN	Asia/Kolkata
Talitay	PH	Asia/Manila
Villefontaine	FR	Europe/Paris
Hartranft	US	America/New_York
Kaltenkirchen	DE	Europe/Berlin
Três Barras	BR	America/Sao_Paulo
Pickerington	US	America/New_York
Chhāpar	IN	Asia/Kolkata
Calvillo	MX	America/Mexico_City
Lágymányos	HU	Europe/Budapest
Ortaca	TR	Europe/Istanbul
Udangudi	IN	Asia/Kolkata
Monção	PT	Europe/Lisbon
Kivsharivka	UA	Europe/Kyiv
New Canaan	US	America/New_York
Günzburg	DE	Europe/Berlin
Saint-Gratien	FR	Europe/Paris
Inza	RU	Europe/Ulyanovsk
Albany	US	America/Los_Angeles
Tirumeshi	IN	Asia/Kolkata
Snellville	US	America/New_York
Galapa	CO	America/Bogota
Yamata	JP	Asia/Tokyo
Kerūr	IN	Asia/Kolkata
Gua Musang	MY	Asia/Kuala_Lumpur
Les Pavillons-sous-Bois	FR	Europe/Paris
Verukulambu	IN	Asia/Kolkata
Fox Chase	US	America/New_York
Ahwiaa	GH	Africa/Accra
Caraúbas	BR	America/Fortaleza
Alhandra	BR	America/Fortaleza
Wote	KE	Africa/Nairobi
Huissen	NL	Europe/Amsterdam
Reykjanesbær	IS	Atlantic/Reykjavik
Seminyih	MY	Asia/Kuala_Lumpur
Vaalwater	ZA	Africa/Johannesburg
Bad Schwartau	DE	Europe/Berlin
Altotonga	MX	America/Mexico_City
Sparta	US	America/New_York
Rosolini	IT	Europe/Rome
Shui Chuen O	HK	Asia/Hong_Kong
Shāhpur	IN	Asia/Kolkata
‘Anat al Qadīmah	IQ	Asia/Baghdad
Lower Lonsdale	CA	America/Vancouver
Fontainebleau	FR	Europe/Paris
Castelo do Piauí	BR	America/Fortaleza
Columbia Heights	US	America/Chicago
Holtsville	US	America/New_York
Petrovsk-Zabaykal’skiy	RU	Asia/Chita
Muramatsu	JP	Asia/Tokyo
Jhinjhāna	IN	Asia/Kolkata
‘Alī al Gharbī	IQ	Asia/Baghdad
Karnobat	BG	Europe/Sofia
Sam Roi Yot	TH	Asia/Bangkok
Kumbhrāj	IN	Asia/Kolkata
Natona	BD	Asia/Dhaka
La Ermita	MX	America/Mexico_City
Lichuan Zhen	CN	Asia/Shanghai
Tuscany	CA	America/Edmonton
Bellshill	GB	Europe/London
Hem	FR	Europe/Paris
Khangarh	PK	Asia/Karachi
Lochristi	BE	Europe/Brussels
Yonabaru	JP	Asia/Tokyo
Sarai Naurang	PK	Asia/Karachi
Ikungi	TZ	Africa/Dar_es_Salaam
Suárez	CO	America/Bogota
Suutarila	FI	Europe/Helsinki
Nogent-sur-Oise	FR	Europe/Paris
Bareja	IN	Asia/Kolkata
Zhukovka	RU	Europe/Moscow
Bléniméouin	CI	Africa/Abidjan
Vadakku Viravanallur	IN	Asia/Kolkata
Wakabayashi	JP	Asia/Tokyo
Salmon Creek	US	America/Los_Angeles
Alameda de Osuna	ES	Europe/Madrid
Tamuning-Tumon-Harmon Village	GU	Pacific/Guam
Tamuning	GU	Pacific/Guam
Mokēri	IN	Asia/Kolkata
Le François	MQ	America/Martinique
Tongelre	NL	Europe/Amsterdam
Samrāla	IN	Asia/Kolkata
Pokok Sena	MY	Asia/Kuala_Lumpur
Sinchu Alagi	GM	Africa/Banjul
Suay	PH	Asia/Manila
Jakobstad	FI	Europe/Helsinki
Obudu	NG	Africa/Lagos
Kingsessing	US	America/New_York
Alagir	RU	Europe/Moscow
Bexley	AU	Australia/Sydney
San Cristóbal Verapaz	GT	America/Guatemala
Rafael Jambeiro	BR	America/Bahia
Antrim	GB	Europe/London
Bieruń	PL	Europe/Warsaw
Bikin	RU	Asia/Vladivostok
Baq‘ā’	SA	Asia/Riyadh
Jambes	BE	Europe/Brussels
Jūnāgarh	IN	Asia/Kolkata
Buriti dos Lopes	BR	America/Fortaleza
La Crescenta-Montrose	US	America/Los_Angeles
Sevan	AM	Asia/Yerevan
Keszthely	HU	Europe/Budapest
Leek	NL	Europe/Amsterdam
Maywood	CA	America/Vancouver
Spanish Lake	US	America/Chicago
Banderilla	MX	America/Mexico_City
Zinguédéssé	BF	Africa/Ouagadougou
Jatibonico	CU	America/Havana
Nalco	IN	Asia/Kolkata
Miracatu	BR	America/Sao_Paulo
Bo‘ka	UZ	Asia/Tashkent
Zhongzhai	CN	Asia/Shanghai
Bagnols-sur-Cèze	FR	Europe/Paris
Dekoa	CF	Africa/Bangui
Willmar	US	America/Chicago
Guacarí	CO	America/Bogota
Yajiang	CN	Asia/Shanghai
Soho	GB	Europe/London
Kotu	GM	Africa/Banjul
Cachoeira do Piriá	BR	America/Belem
Kirkintilloch	GB	Europe/London
Qingfeng	CN	Asia/Shanghai
Tysons	US	America/New_York
Beni Yakhlef	MA	Africa/Casablanca
Kotel’nikovo	RU	Europe/Volgograd
Samuyuzi	CN	Asia/Urumqi
Ampére	BR	America/Sao_Paulo
Forest Lake	US	America/Chicago
San Tin	HK	Asia/Hong_Kong
Gombi	NG	Africa/Lagos
Banyoles	ES	Europe/Madrid
Baao	PH	Asia/Manila
Norris Green	GB	Europe/London
Chignahuapan	MX	America/Mexico_City
Fenoarivo Be	MG	Indian/Antananarivo
Varkaus	FI	Europe/Helsinki
Keynsham	GB	Europe/London
Badi	IN	Asia/Kolkata
Borodino	RU	Asia/Krasnoyarsk
Mishōhirajō	JP	Asia/Tokyo
San Juan Zitlaltepec	MX	America/Mexico_City
Podporozh’ye	RU	Europe/Moscow
Nyahuka	UG	Africa/Kampala
Băileşti	RO	Europe/Bucharest
Charipara	IN	Asia/Kolkata
Mankono	CI	Africa/Abidjan
Seferihisar	TR	Europe/Istanbul
Resubelpara	IN	Asia/Kolkata
Palmital	BR	America/Sao_Paulo
Kuraymah	SD	Africa/Khartoum
Lichtenvoorde	NL	Europe/Amsterdam
Heyan	CN	Asia/Shanghai
Bethany	US	America/Chicago
Rahat	IL	Asia/Jerusalem
Sungai Jawi	MY	Asia/Kuala_Lumpur
Achocalla	BO	America/La_Paz
Tai’an	CN	Asia/Shanghai
Jājarm	IR	Asia/Tehran
Sun City	US	America/Los_Angeles
Earl Shilton	GB	Europe/London
Kalmeshwar	IN	Asia/Kolkata
Jharoda Kalān	IN	Asia/Kolkata
Arroyito	AR	America/Argentina/Cordoba
Ghardimaou	TN	Africa/Tunis
El Soberbio	AR	America/Argentina/Cordoba
San Francisco	PH	Asia/Manila
Montclair	US	America/New_York
Moguer	ES	Europe/Madrid
Galatina	IT	Europe/Rome
Engenheiro Coelho	BR	America/Sao_Paulo
El Arahal	ES	Europe/Madrid
Nakło nad Notecią	PL	Europe/Warsaw
Vargem Alta	BR	America/Sao_Paulo
Ostashkov	RU	Europe/Moscow
Chubek	TJ	Asia/Dushanbe
Ncotshane	ZA	Africa/Johannesburg
Lynbrook	US	America/New_York
Yaransk	RU	Europe/Kirov
Lāwar Khās	IN	Asia/Kolkata
Orchards	US	America/Los_Angeles
Nanyamba	TZ	Africa/Dar_es_Salaam
Eastchester	US	America/New_York
Schmalkalden	DE	Europe/Berlin
Bad Driburg	DE	Europe/Berlin
Água Branca	BR	America/Maceio
Gaofeng	CN	Asia/Shanghai
Srīrāmnagar	IN	Asia/Kolkata
Caraí	BR	America/Sao_Paulo
Payson	US	America/Denver
Monforte de Lemos	ES	Europe/Madrid
Diamante	AR	America/Argentina/Cordoba
Trostyanets	UA	Europe/Kyiv
Dingshi	CN	Asia/Shanghai
Kröpeliner-Tor-Vorstadt	DE	Europe/Berlin
Neftegorsk	RU	Europe/Samara
San Isidro	ES	Atlantic/Canary
Kiliya	UA	Europe/Kyiv
West Saint Paul	US	America/Chicago
Deception Bay	AU	Australia/Brisbane
Madisonville	US	America/Chicago
Pattan	IN	Asia/Kolkata
Mulakumūd	IN	Asia/Kolkata
Flora	SR	America/Paramaribo
Poperinge	BE	Europe/Brussels
Herceg Novi	ME	Europe/Podgorica
Fukumitsu	JP	Asia/Tokyo
Carnaíba	BR	America/Recife
Waldbröl	DE	Europe/Berlin
Tadjoura	DJ	Africa/Djibouti
Krasnystaw	PL	Europe/Warsaw
Teltow	DE	Europe/Berlin
Bāgbahra	IN	Asia/Kolkata
Ibi	JP	Asia/Tokyo
Birnin Gaouré	NE	Africa/Niamey
Kibakwe	TZ	Africa/Dar_es_Salaam
Ives Estates	US	America/New_York
Langgar	CN	Asia/Urumqi
Gharo	PK	Asia/Karachi
Bhadrapur	NP	Asia/Kathmandu
Ipanema	BR	America/Sao_Paulo
Pauini	BR	America/Manaus
Chabet el Ameur	DZ	Africa/Algiers
Kujang-ŭp	KP	Asia/Pyongyang
Reẕvānshahr	IR	Asia/Tehran
Selma	US	America/Chicago
Pontedera	IT	Europe/Rome
Kovdor	RU	Europe/Moscow
Vaalbank	ZA	Africa/Johannesburg
Vīsāvadar	IN	Asia/Kolkata
Negotino	MK	Europe/Skopje
Loznica	RS	Europe/Belgrade
Yuzhnyy	RU	Asia/Barnaul
São José da Coroa Grande	BR	America/Recife
Pināhat	IN	Asia/Kolkata
Kuala Pilah	MY	Asia/Kuala_Lumpur
Papillion	US	America/Chicago
Gorodishche	RU	Europe/Volgograd
Murrupula	MZ	Africa/Maputo
Henichesk	UA	Europe/Kyiv
Ijevan	AM	Asia/Yerevan
Pakistan Employees Cooperative Housing Society	PK	Asia/Karachi
Al Qarārah	PS	Asia/Gaza
Kozel’sk	RU	Europe/Moscow
Magamaga	UG	Africa/Kampala
Buhimba	UG	Africa/Kampala
Djakotomé	BJ	Africa/Porto-Novo
Wisch	NL	Europe/Amsterdam
Nunspeet	NL	Europe/Amsterdam
Los Álamos	CL	America/Santiago
Pennādam	IN	Asia/Kolkata
Proletarsk	RU	Europe/Moscow
Kyauktaw	MM	Asia/Yangon
Teminabuan	ID	Asia/Jayapura
Saint Kilda	AU	Australia/Melbourne
Pljevlja	ME	Europe/Podgorica
Montgomery	US	America/Chicago
Sint-Katelijne-Waver	BE	Europe/Brussels
Bemerode	DE	Europe/Berlin
Nainwa	IN	Asia/Kolkata
Jordaan	NL	Europe/Amsterdam
Rameswaram	IN	Asia/Kolkata
Badger	US	America/Anchorage
Adwick le Street	GB	Europe/London
Hoveyzeh	IR	Asia/Tehran
Ban Dung	TH	Asia/Bangkok
Seymour	US	America/Indiana/Indianapolis
Daro	MY	Asia/Kuching
Lake Shore	US	America/New_York
Kurikka	FI	Europe/Helsinki
Barrancas	VE	America/Caracas
Baolong	CN	Asia/Shanghai
Piedade	PT	Europe/Lisbon
Maposeni	TZ	Africa/Dar_es_Salaam
Malabanban Norte	PH	Asia/Manila
Lebach	DE	Europe/Berlin
Legazpi	ES	Europe/Madrid
Akhtyrskiy	RU	Europe/Moscow
Jānsath	IN	Asia/Kolkata
Couëron	FR	Europe/Paris
Santrampur	IN	Asia/Kolkata
Weybridge	GB	Europe/London
Sil-li	KP	Asia/Pyongyang
Blackwall	GB	Europe/London
Fāẕelābād	IR	Asia/Tehran
Richha	IN	Asia/Kolkata
Bhāyāvadar	IN	Asia/Kolkata
Polonuevo	CO	America/Bogota
Ishøj	DK	Europe/Copenhagen
McKeesport	US	America/New_York
Pinecrest	US	America/New_York
Poggiomarino	IT	Europe/Rome
Weirton Heights	US	America/New_York
Port Angeles	US	America/Los_Angeles
Gulou	CN	Asia/Shanghai
Terrace	CA	America/Vancouver
Irlam	GB	Europe/London
Miguelópolis	BR	America/Sao_Paulo
Ochtrup	DE	Europe/Berlin
North Battleford	CA	America/Regina
Freguesia	BR	America/Sao_Paulo
Écully	FR	Europe/Paris
Longkong	CN	Asia/Shanghai
Schwalmtal	DE	Europe/Berlin
Hazel Dell	US	America/Los_Angeles
Salcajá	GT	America/Guatemala
Chessington	GB	Europe/London
Salmon Arm	CA	America/Vancouver
Trecate	IT	Europe/Rome
Angleton	US	America/Chicago
Alton	GB	Europe/London
Aistala	IN	Asia/Kolkata
Xitole	GW	Africa/Bissau
Itaquiraí	BR	America/Campo_Grande
Māhān	IR	Asia/Tehran
Lucala	AO	Africa/Luanda
Taquarana	BR	America/Maceio
Charlottenburg-Nord	DE	Europe/Berlin
Kabanga	TZ	Africa/Dar_es_Salaam
Liversedge	GB	Europe/London
Nova Granada	BR	America/Sao_Paulo
Teguise	ES	Atlantic/Canary
Almagro	ES	Europe/Madrid
Fernley	US	America/Los_Angeles
Methukummal	IN	Asia/Kolkata
El Malah	DZ	Africa/Algiers
eMuziwezinto	ZA	Africa/Johannesburg
Mayen	DE	Europe/Berlin
Lomas del Sur	MX	America/Mexico_City
Gannavaram	IN	Asia/Kolkata
Afrânio	BR	America/Recife
Amarpātan	IN	Asia/Kolkata
Kaulsdorf	DE	Europe/Berlin
Alice	US	America/Chicago
Lake Forest	US	America/Chicago
Battle Ground	US	America/Los_Angeles
Custoias	PT	Europe/Lisbon
Sojītra	IN	Asia/Kolkata
Umburanas	BR	America/Bahia
Singur	IN	Asia/Kolkata
Shusha	AZ	Asia/Baku
Hechingen	DE	Europe/Berlin
Singarāyakonda	IN	Asia/Kolkata
Goundam	ML	Africa/Bamako
Kinoni	UG	Africa/Kampala
Tuen Mun San Hui	HK	Asia/Hong_Kong
Carlos Casares	AR	America/Argentina/Buenos_Aires
Paranapanema	BR	America/Sao_Paulo
Bodegraven	NL	Europe/Amsterdam
Waina	CN	Asia/Shanghai
Bönen	DE	Europe/Berlin
Dixon	US	America/Los_Angeles
Halwan	AE	Asia/Dubai
Panagyurishte	BG	Europe/Sofia
Horizontina	BR	America/Sao_Paulo
Telgte	DE	Europe/Berlin
Žabovřesky	CZ	Europe/Prague
Punnayūr	IN	Asia/Kolkata
Wenceslau Braz	BR	America/Sao_Paulo
Schopfheim	DE	Europe/Berlin
Chipiona	ES	Europe/Madrid
Konnūr	IN	Asia/Kolkata
Phak Hai	TH	Asia/Bangkok
Sengés	BR	America/Sao_Paulo
Leek	GB	Europe/London
Weir	IN	Asia/Kolkata
Narwar	IN	Asia/Kolkata
Forest Park	US	America/New_York
Riversdale	ZA	Africa/Johannesburg
Longmen	CN	Asia/Shanghai
Sulzbach-Rosenberg	DE	Europe/Berlin
Ivdel’	RU	Asia/Yekaterinburg
Igusa	JP	Asia/Tokyo
Nishitawara	JP	Asia/Tokyo
Vélez	CO	America/Bogota
Shitan	CN	Asia/Shanghai
Mamaroneck	US	America/New_York
Chapada dos Guimarães	BR	America/Cuiaba
Kampung Minyak Beku	MY	Asia/Kuala_Lumpur
Olympic	HK	Asia/Hong_Kong
Mandelia	TD	Africa/Ndjamena
Homewood	US	America/Chicago
Wazīrganj	IN	Asia/Kolkata
Kampung Teluk Air Tawar	MY	Asia/Kuala_Lumpur
Bear	US	America/New_York
Gnago	CI	Africa/Abidjan
Kakdwip	IN	Asia/Kolkata
Canto do Buriti	BR	America/Fortaleza
Norrtälje	SE	Europe/Stockholm
Chalatenango	SV	America/El_Salvador
Tamenglong	IN	Asia/Kolkata
Pueblo Nuevo	MX	America/Monterrey
Magumeri	NG	Africa/Lagos
Jhol	PK	Asia/Karachi
Tajerouine	TN	Africa/Tunis
Gōdo	JP	Asia/Tokyo
Casarano	IT	Europe/Rome
Puchheim	DE	Europe/Berlin
Melksham	GB	Europe/London
Chiroqchi	UZ	Asia/Samarkand
As Samū‘	PS	Asia/Hebron
Senica	SK	Europe/Bratislava
Bayou Cane	US	America/Chicago
Cran-Gevrier	FR	Europe/Paris
Gualán	GT	America/Guatemala
Lora del Río	ES	Europe/Madrid
Ahigbé Koffikro	CI	Africa/Abidjan
Baddomalhi	PK	Asia/Karachi
Horsforth	GB	Europe/London
Taung Thu Kone	MM	Asia/Yangon
Rinkeby	SE	Europe/Stockholm
Orange	US	America/Chicago
Jalochi	IN	Asia/Kolkata
Chunghwa	KP	Asia/Pyongyang
Dumbéa	NC	Pacific/Noumea
Alsip	US	America/Chicago
El Retén	CO	America/Bogota
Carouge	CH	Europe/Zurich
Lutz	US	America/New_York
Lukulu	ZM	Africa/Lusaka
Steilshoop	DE	Europe/Berlin
Maholi	IN	Asia/Kolkata
Kaimur	IN	Asia/Kolkata
Mahapleu	CI	Africa/Abidjan
Novopokrovskaya	RU	Europe/Moscow
Acatlán de Osorio	MX	America/Mexico_City
Baden	CH	Europe/Zurich
Katav-Ivanovsk	RU	Asia/Yekaterinburg
Weil der Stadt	DE	Europe/Berlin
Sint-Andries	BE	Europe/Brussels
Discovery Bay	HK	Asia/Hong_Kong
Bilhaur	IN	Asia/Kolkata
Kemi	FI	Europe/Helsinki
Velika Kladuša	BA	Europe/Sarajevo
Presidente Médici	BR	America/Porto_Velho
Vecsés	HU	Europe/Budapest
Sabaudia	IT	Europe/Rome
Algés	PT	Europe/Lisbon
Green Haven	US	America/New_York
Lexington	US	America/New_York
Bhit Shah	PK	Asia/Karachi
Orlovskiy	RU	Europe/Moscow
Nové Mesto nad Váhom	SK	Europe/Bratislava
Nam Som	TH	Asia/Bangkok
Perdriel	AR	America/Argentina/Mendoza
Bouca	CF	Africa/Bangui
Wasquehal	FR	Europe/Paris
Telok Blangah	SG	Asia/Singapore
Roses	ES	Europe/Madrid
Mangalam	IN	Asia/Kolkata
Manyinga	ZM	Africa/Lusaka
Corner Brook	CA	America/St_Johns
Cabildo	CL	America/Santiago
Raja Pur Khurd	IN	Asia/Kolkata
Padua	CO	America/Bogota
Khānāpur	IN	Asia/Kolkata
Hässleholm	SE	Europe/Stockholm
Bellwood	US	America/Chicago
M’Bahiakro	CI	Africa/Abidjan
Clydach	GB	Europe/London
Yelizavetinskaya	RU	Europe/Moscow
Pacaraima	BR	America/Boa_Vista
Sansheng	CN	Asia/Shanghai
Hamina	FI	Europe/Helsinki
Tiruppālai	IN	Asia/Kolkata
Sobradinho	BR	America/Bahia
Welgelegen	SR	America/Paramaribo
Clayton	US	America/New_York
Central Falls	US	America/New_York
Rangiora	NZ	Pacific/Auckland
Qandala	SO	Africa/Mogadishu
Sironko	UG	Africa/Kampala
Tielt	BE	Europe/Brussels
Marechal Thaumaturgo	BR	America/Rio_Branco
Sun Valley	US	America/Los_Angeles
Mâncio Lima	BR	America/Rio_Branco
Berrahal	DZ	Africa/Algiers
Ranau	MY	Asia/Kuching
Makabe	JP	Asia/Tokyo
Mandelieu-la-Napoule	FR	Europe/Paris
Sukumo	JP	Asia/Tokyo
Dalaman	TR	Europe/Istanbul
Doukouya	CI	Africa/Abidjan
Dayal	PK	Asia/Karachi
Nimāparha	IN	Asia/Kolkata
Burhar	IN	Asia/Kolkata
Deoli	IN	Asia/Kolkata
Horizon City	US	America/Denver
Devadanapatti	IN	Asia/Kolkata
Sherwood	US	America/Los_Angeles
Waterford	US	America/New_York
Hamīrpur	IN	Asia/Kolkata
Nikol’skoye	RU	Europe/Moscow
Schwalmstadt	DE	Europe/Berlin
Orinda	US	America/Los_Angeles
Papar	MY	Asia/Kuching
La Plata	CO	America/Bogota
Rio Bananal	BR	America/Sao_Paulo
Laksar	IN	Asia/Kolkata
Al ‘Aqīq	SA	Asia/Riyadh
Al ‘Aqīq	SA	Asia/Riyadh
Pinole	US	America/Los_Angeles
Helin	CN	Asia/Shanghai
Bremervörde	DE	Europe/Berlin
Budai	TW	Asia/Taipei
Vakkam	IN	Asia/Kolkata
Spoleto	IT	Europe/Rome
Woodbridge	US	America/New_York
Vibo Valentia	IT	Europe/Rome
Willetton	AU	Australia/Perth
Ezhome	IN	Asia/Kolkata
Kajiya	JP	Asia/Tokyo
Balykshi	KZ	Asia/Atyrau
Sun City Center	US	America/New_York
Ammainaickanur	IN	Asia/Kolkata
Rosedale	US	America/New_York
Altamont	US	America/Los_Angeles
Utinga	BR	America/Bahia
East Dereham	GB	Europe/London
Grafton	AU	Australia/Sydney
Taşova	TR	Europe/Istanbul
Nyimba	ZM	Africa/Lusaka
Howard	US	America/Chicago
Niu Valley	US	Pacific/Honolulu
Kęty	PL	Europe/Warsaw
Alamo	US	America/Chicago
Kos	GR	Europe/Athens
Ourolândia	BR	America/Bahia
Dizangué	CM	Africa/Douala
El Dividive	VE	America/Caracas
Engaru	JP	Asia/Tokyo
Kesinga	IN	Asia/Kolkata
Wadowice	PL	Europe/Warsaw
Pariquera-Açu	BR	America/Sao_Paulo
Manatí	CO	America/Bogota
Kampong Kadok	MY	Asia/Kuala_Lumpur
Pisz	PL	Europe/Warsaw
Kuala Kedah	MY	Asia/Kuala_Lumpur
Novoanninskiy	RU	Europe/Volgograd
Broadview Heights	US	America/New_York
Upper Saint Clair	US	America/New_York
Vendôme	FR	Europe/Paris
Strășeni	MD	Europe/Chisinau
Chhaprauli	IN	Asia/Kolkata
Degema Hulk	NG	Africa/Lagos
Bückeburg	DE	Europe/Berlin
Louviers	FR	Europe/Paris
Haslett	US	America/Detroit
Sardulgarh	IN	Asia/Kolkata
Akureyri	IS	Atlantic/Reykjavik
West Elsdon	US	America/Chicago
Herent	BE	Europe/Brussels
Baytokay	CN	Asia/Urumqi
Khonj	IR	Asia/Tehran
Agidel’	RU	Asia/Yekaterinburg
Reinach	CH	Europe/Zurich
Gauting	DE	Europe/Berlin
Kabūdarāhang	IR	Asia/Tehran
Newton	US	America/Chicago
Glassboro	US	America/New_York
Burscheid	DE	Europe/Berlin
Santa Ana	VE	America/Caracas
Altus	US	America/Chicago
Bandar-e Kong	IR	Asia/Tehran
Rodas	CU	America/Havana
Kalabahi	ID	Asia/Makassar
Gombe	AO	Africa/Luanda
Schifferstadt	DE	Europe/Berlin
Jämsä	FI	Europe/Helsinki
Kuala Ketil	MY	Asia/Kuala_Lumpur
Goderich	SL	Africa/Freetown
Hoopstad	ZA	Africa/Johannesburg
Maduraivayal	IN	Asia/Kolkata
Sondrio	IT	Europe/Rome
Blythe	US	America/Los_Angeles
Laur	PH	Asia/Manila
Lumphat	KH	Asia/Phnom_Penh
Jiangluo	CN	Asia/Shanghai
Ottobrunn bei München	DE	Europe/Berlin
Silverdale	US	America/Los_Angeles
The Peak	HK	Asia/Hong_Kong
Budadiri	UG	Africa/Kampala
Schneverdingen	DE	Europe/Berlin
Popasna	UA	Europe/Kyiv
Shchigry	RU	Europe/Moscow
Izalco	SV	America/El_Salvador
Covington	US	America/Los_Angeles
Seven Hills	AU	Australia/Sydney
Ipil	PH	Asia/Manila
Matteson	US	America/Chicago
Beaconsfield	CA	America/Toronto
Great Wyrley	GB	Europe/London
El Viso del Alcor	ES	Europe/Madrid
Hirekerūr	IN	Asia/Kolkata
Gomīshān	IR	Asia/Tehran
Linguère	SN	Africa/Dakar
's-Gravenzande	NL	Europe/Amsterdam
Tumwater	US	America/Los_Angeles
Manzanares	ES	Europe/Madrid
Giovinazzo	IT	Europe/Rome
Nesterovskaya	RU	Europe/Moscow
Joaquín V. González	AR	America/Argentina/Salta
Manshīyat al Qanāţir	EG	Africa/Cairo
Asagaya-minami	JP	Asia/Tokyo
Laela	TZ	Africa/Dar_es_Salaam
Gujan-Mestras	FR	Europe/Paris
Yarm	GB	Europe/London
Old Jamestown	US	America/Chicago
Aleg	MR	Africa/Nouakchott
Corinto	NI	America/Managua
Kōttayam	IN	Asia/Kolkata
Gallipoli	IT	Europe/Rome
Tonggu	CN	Asia/Shanghai
Shoreham-by-Sea	GB	Europe/London
Shehera	IN	Asia/Kolkata
Weirton	US	America/New_York
Shaoyun	CN	Asia/Shanghai
Mene de Mauroa	VE	America/Caracas
Kurovskoye	RU	Europe/Moscow
Misilmeri	IT	Europe/Rome
Jaicós	BR	America/Fortaleza
Mezőtúr	HU	Europe/Budapest
Tomar	PT	Europe/Lisbon
Chopinzinho	BR	America/Sao_Paulo
White Oak	US	America/New_York
Sanary-sur-Mer	FR	Europe/Paris
Koropí	GR	Europe/Athens
Xochitepec	MX	America/Mexico_City
Karlebo	DK	Europe/Copenhagen
Hostivař	CZ	Europe/Prague
Parchim	DE	Europe/Berlin
Senlis	FR	Europe/Paris
Rybnoye	RU	Europe/Moscow
Burgersdorp	ZA	Africa/Johannesburg
Ogoudou	CI	Africa/Abidjan
Pinner	GB	Europe/London
Kampung Cheng	MY	Asia/Kuala_Lumpur
Kawasan Perindustrian Cheng	MY	Asia/Kuala_Lumpur
Suriānwān	IN	Asia/Kolkata
Zeerust	ZA	Africa/Johannesburg
Tutong	BN	Asia/Brunei
Itaobim	BR	America/Sao_Paulo
Papanduva	BR	America/Sao_Paulo
Guaranésia	BR	America/Sao_Paulo
Capanema	BR	America/Sao_Paulo
Rijokri	IN	Asia/Kolkata
Anna	RU	Europe/Moscow
Kadikkād	IN	Asia/Kolkata
Tarumizu	JP	Asia/Tokyo
Corquín	HN	America/Tegucigalpa
Biswanath Chariali	IN	Asia/Kolkata
Ringwood	AU	Australia/Melbourne
Siwāni	IN	Asia/Kolkata
Uva	RU	Europe/Samara
Metapán	SV	America/El_Salvador
Carlisle	US	America/New_York
Aalten	NL	Europe/Amsterdam
El Bauga	SD	Africa/Khartoum
Rhede	DE	Europe/Berlin
Acaponeta	MX	America/Mazatlan
Mineola	US	America/New_York
Alfeld	DE	Europe/Berlin
Arese	IT	Europe/Rome
Pidhorodnye	UA	Europe/Kyiv
Gaj	PL	Europe/Warsaw
Baijia	CN	Asia/Shanghai
Shelbyville	US	America/Indiana/Indianapolis
Longjing	CN	Asia/Shanghai
Wiset Chaichan	TH	Asia/Bangkok
Contenda	BR	America/Sao_Paulo
Abadia de Goiás	BR	America/Sao_Paulo
Tullahoma	US	America/Chicago
Qabāţīyah	PS	Asia/Hebron
Pirané	AR	America/Argentina/Cordoba
Lagawe	PH	Asia/Manila
Ashkez̄ar	IR	Asia/Tehran
Ozark	US	America/Chicago
Benavente	ES	Europe/Madrid
Khai Gala	PK	Asia/Karachi
Eeklo	BE	Europe/Brussels
Tha Ruea	TH	Asia/Bangkok
Albertville	FR	Europe/Paris
Gröbenzell	DE	Europe/Berlin
Mandiana	GN	Africa/Conakry
Honnavar	IN	Asia/Kolkata
Wollongong city centre	AU	Australia/Sydney
Ashibetsu	JP	Asia/Tokyo
Encruzilhada	BR	America/Bahia
Caiapônia	BR	America/Sao_Paulo
Nallıhan	TR	Europe/Istanbul
Mossendjo	CG	Africa/Brazzaville
Limeil-Brévannes	FR	Europe/Paris
Secaucus	US	America/New_York
Jacksonville	US	America/Chicago
Fairwood	US	America/Los_Angeles
Villa Ocampo	AR	America/Argentina/Cordoba
Sedeh Lanjān	IR	Asia/Tehran
Torūr	IN	Asia/Kolkata
Jalladiampet	IN	Asia/Kolkata
Talitsa	RU	Asia/Yekaterinburg
Madison	US	America/New_York
Mir Pur Turk	IN	Asia/Kolkata
Cole Harbour	CA	America/Halifax
Bhitarwār	IN	Asia/Kolkata
Mārupe	LV	Europe/Riga
Camp Springs	US	America/New_York
San Rafael Oriente	SV	America/El_Salvador
Redbank Plains	AU	Australia/Brisbane
Kallukuttam	IN	Asia/Kolkata
Pulai	MY	Asia/Kuala_Lumpur
Villa Paula de Sarmiento	AR	America/Argentina/San_Juan
Guápiles	CR	America/Costa_Rica
Chautāpal	IN	Asia/Kolkata
Marina di Massa	IT	Europe/Rome
José Cardel	MX	America/Mexico_City
Tshitereke	ZA	Africa/Johannesburg
Arang	IN	Asia/Kolkata
Rioblanco	CO	America/Bogota
Kyurdarmir	AZ	Asia/Baku
Paillaco	CL	America/Santiago
Jouy-le-Moutier	FR	Europe/Paris
Bashanet	TZ	Africa/Dar_es_Salaam
Magomeni	TZ	Africa/Dar_es_Salaam
Prestatyn	GB	Europe/London
Barcelos	PT	Europe/Lisbon
Brezina	DZ	Africa/Algiers
Jiaogong	CN	Asia/Shanghai
Balatçık	TR	Europe/Istanbul
Kihangara	TZ	Africa/Dar_es_Salaam
Ronkonkoma	US	America/New_York
Ōtsuka	JP	Asia/Tokyo
Sokółka	PL	Europe/Warsaw
Sung Wong Toi	HK	Asia/Hong_Kong
Menzel Abderhaman	TN	Africa/Tunis
Saco	US	America/New_York
Maple Shade	US	America/New_York
Eselsberg	DE	Europe/Berlin
Bronte	IT	Europe/Rome
Puerto El Triunfo	SV	America/El_Salvador
Hawthorne	US	America/New_York
Gangjia	CN	Asia/Shanghai
Cosquín	AR	America/Argentina/Cordoba
Itatinga	BR	America/Sao_Paulo
Marmande	FR	Europe/Paris
Fresno	US	America/Chicago
East Massapequa	US	America/New_York
Jirkov	CZ	Europe/Prague
Amherst Center	US	America/New_York
Montrose	US	America/Denver
Värnamo	SE	Europe/Stockholm
Peterhead	GB	Europe/London
Malanday	PH	Asia/Manila
Dharmkot	IN	Asia/Kolkata
General Belgrano	AR	America/Argentina/Buenos_Aires
Kampar	MY	Asia/Kuala_Lumpur
Point Fortin	TT	America/Port_of_Spain
Kirandul	IN	Asia/Kolkata
Gerlingen	DE	Europe/Berlin
Guaratinga	BR	America/Bahia
Cesário Lange	BR	America/Sao_Paulo
Osiedle Kosmonautów	PL	Europe/Warsaw
Kui Buri	TH	Asia/Bangkok
Kothakota	IN	Asia/Kolkata
Katangi	IN	Asia/Kolkata
Mtwango	TZ	Africa/Dar_es_Salaam
Pułtusk	PL	Europe/Warsaw
Āmlāgora	IN	Asia/Kolkata
Vynnyky	UA	Europe/Kyiv
El Goloso	ES	Europe/Madrid
Marion Oaks	US	America/New_York
Villabate	IT	Europe/Rome
Brownwood	US	America/Chicago
Southbridge	US	America/New_York
Monte Llano	DO	America/Santo_Domingo
Rémire-Montjoly	GF	America/Cayenne
Samho-rodongjagu	KP	Asia/Pyongyang
Zeewolde	NL	Europe/Amsterdam
Karthikappally	IN	Asia/Kolkata
Mukamira	RW	Africa/Kigali
Andritz	AT	Europe/Vienna
Nootdorp	NL	Europe/Amsterdam
Yatağan	TR	Europe/Istanbul
Deerfield	US	America/Chicago
Puçol	ES	Europe/Madrid
Kafr Qari‘	IL	Asia/Jerusalem
Pyskowice	PL	Europe/Warsaw
Royan	FR	Europe/Paris
Castaic	US	America/Los_Angeles
Moaña	ES	Europe/Madrid
Aizu-misato Machi	JP	Asia/Tokyo
Oulmes	MA	Africa/Casablanca
Amargaḍhi̇̄	NP	Asia/Kathmandu
Ghanzi	BW	Africa/Gaborone
Laupheim	DE	Europe/Berlin
Heusenstamm	DE	Europe/Berlin
Arita	JP	Asia/Tokyo
Aoulouz	MA	Africa/Casablanca
Al Ghānim	QA	Asia/Qatar
Friedrichshagen	DE	Europe/Berlin
Maurepas	FR	Europe/Paris
Saratok	MY	Asia/Kuching
Conceição	BR	America/Fortaleza
Ennis	US	America/Chicago
Fanipol	BY	Europe/Minsk
Thornbury	AU	Australia/Melbourne
Ellensburg	US	America/Los_Angeles
Lumbala	AO	Africa/Luanda
Anshing	IN	Asia/Kolkata
Porta Palazzo	IT	Europe/Rome
São Tiago de Custoias	PT	Europe/Lisbon
Hässelby Villastad	SE	Europe/Stockholm
Likisá	TL	Asia/Dili
Columbia City	US	America/Los_Angeles
Leposaviq	XK	Europe/Belgrade
Claremore	US	America/Chicago
Maatmeur	TN	Africa/Tunis
Zubia	ES	Europe/Madrid
Filiaşi	RO	Europe/Bucharest
Yahotyn	UA	Europe/Kyiv
Pruzhany	BY	Europe/Minsk
Morales	GT	America/Guatemala
Yoichi	JP	Asia/Tokyo
Kruisfontein	ZA	Africa/Johannesburg
Lauchhammer	DE	Europe/Berlin
Parīchhatgarh	IN	Asia/Kolkata
Waukee	US	America/Chicago
Enugu-Ezike	NG	Africa/Lagos
Jasmine Estates	US	America/New_York
Clayton	AU	Australia/Melbourne
Digne-les-Bains	FR	Europe/Paris
Tiruvattār	IN	Asia/Kolkata
Melville	US	America/New_York
Barão de Grajaú	BR	America/Fortaleza
Žatec	CZ	Europe/Prague
Kesariyā	IN	Asia/Kolkata
Petworth	US	America/New_York
Kew Gardens	US	America/New_York
Bhor	IN	Asia/Kolkata
Jaguaripe	BR	America/Bahia
São Raimundo das Mangabeiras	BR	America/Fortaleza
Dorval	CA	America/Toronto
Silla	ES	Europe/Madrid
Kadachira	IN	Asia/Kolkata
Gorgonzola	IT	Europe/Rome
Middleton	US	America/Chicago
Abuko	GM	Africa/Banjul
Şemdinli	TR	Europe/Istanbul
Kulpahār	IN	Asia/Kolkata
Gostynin	PL	Europe/Warsaw
Mougins	FR	Europe/Paris
Hook	GB	Europe/London
Or Akiva	IL	Asia/Jerusalem
Bartow	US	America/New_York
Punjai Puliyampatti	IN	Asia/Kolkata
Khariar Road	IN	Asia/Kolkata
Kunnimangalam	IN	Asia/Kolkata
Iijima	JP	Asia/Tokyo
Sylvania	US	America/New_York
Nghèn	VN	Asia/Bangkok
Baoxing	CN	Asia/Shanghai
Pedroso	PT	Europe/Lisbon
Mengman	CN	Asia/Shanghai
Rio Rico	US	America/Phoenix
Sanxi	CN	Asia/Shanghai
Parnamirim	BR	America/Recife
Benthuizen	NL	Europe/Amsterdam
Ala Moana - Kakaʻako	US	Pacific/Honolulu
So Uk	HK	Asia/Hong_Kong
Murray	US	America/Chicago
Den’enchōfu	JP	Asia/Tokyo
Tatsuno	JP	Asia/Tokyo
Riosucio	CO	America/Bogota
Antonina	BR	America/Sao_Paulo
Arlington	US	America/Los_Angeles
Challans	FR	Europe/Paris
North Druid Hills	US	America/New_York
Vorgashor	RU	Europe/Moscow
Matías Romero Avendaño	MX	America/Mexico_City
Vilar de Andorinho	PT	Europe/Lisbon
Brookfield	US	America/Chicago
North Bay Shore	US	America/New_York
Sélestat	FR	Europe/Paris
Kharsia	IN	Asia/Kolkata
Stonegate	US	America/Los_Angeles
Nahorkatiya	IN	Asia/Kolkata
Sarayköy	TR	Europe/Istanbul
Dīzīcheh	IR	Asia/Tehran
Burlata	ES	Europe/Madrid
Torhout	BE	Europe/Brussels
Mont-Royal	CA	America/Toronto
Alzenau in Unterfranken	DE	Europe/Berlin
Avon	US	America/New_York
Harmanli	BG	Europe/Sofia
Milledgeville	US	America/New_York
Garches	FR	Europe/Paris
Matiari	PK	Asia/Karachi
Mulgund	IN	Asia/Kolkata
Khilchipur	IN	Asia/Kolkata
Beloeil	CA	America/Toronto
Cesenatico	IT	Europe/Rome
São João da Talha	PT	Europe/Lisbon
Stillwater	US	America/Chicago
Al Khawr	QA	Asia/Qatar
Finsterwalde	DE	Europe/Berlin
Židenice	CZ	Europe/Prague
Terra Santa	BR	America/Santarem
Ayacucho	AR	America/Argentina/Buenos_Aires
Al Fuḩayş	JO	Asia/Amman
Āb Pakhsh	IR	Asia/Tehran
Cabaceiras do Paraguaçu	BR	America/Bahia
Balboa	CO	America/Bogota
Kansāpur	IN	Asia/Kolkata
Japaratuba	BR	America/Maceio
Shimokizukuri	JP	Asia/Tokyo
Cortland	US	America/New_York
Yāfā	IL	Asia/Jerusalem
Lagoa Formosa	BR	America/Sao_Paulo
Cusano	IT	Europe/Rome
Plunge	LT	Europe/Vilnius
Eyl	SO	Africa/Mogadishu
Shirati	TZ	Africa/Dar_es_Salaam
Si Mahosot	TH	Asia/Bangkok
Sabie	ZA	Africa/Johannesburg
Chavuma	ZM	Africa/Lusaka
Suhe	CN	Asia/Shanghai
Gavar	AM	Asia/Yerevan
Montanha	BR	America/Sao_Paulo
Fakfak	ID	Asia/Jayapura
Tal’menka	RU	Asia/Barnaul
Beshkent	UZ	Asia/Samarkand
Augusta	US	America/New_York
Kampung Baru Ulu Melaka	MY	Asia/Kuala_Lumpur
Tonantins	BR	America/Manaus
Pietrasanta	IT	Europe/Rome
Skhodnya	RU	Europe/Moscow
Somandepalle	IN	Asia/Kolkata
Baumschulenweg	DE	Europe/Berlin
Pancas	BR	America/Sao_Paulo
Qiemo	CN	Asia/Urumqi
Sriramnagar	IN	Asia/Kolkata
Gummidipundi	IN	Asia/Kolkata
Nether Edge	GB	Europe/London
Koāth	IN	Asia/Kolkata
Martūru	IN	Asia/Kolkata
Manismata	ID	Asia/Pontianak
Manga	BR	America/Sao_Paulo
Jiaping	CN	Asia/Shanghai
Boiro	ES	Europe/Madrid
Byford	AU	Australia/Perth
Azeitão	PT	Europe/Lisbon
Laukaa	FI	Europe/Helsinki
Manchar	IN	Asia/Kolkata
Konstantinovsk	RU	Europe/Moscow
Korsimoro	BF	Africa/Ouagadougou
Shāhpur	IN	Asia/Kolkata
Bang Krathum	TH	Asia/Bangkok
Berea	US	America/New_York
Capitol Riverfront	US	America/New_York
Mārahra	IN	Asia/Kolkata
Changloon	MY	Asia/Kuala_Lumpur
Twinsburg	US	America/New_York
Wantagh	US	America/New_York
Chilly-Mazarin	FR	Europe/Paris
Bourg-la-Reine	FR	Europe/Paris
Ilembula	TZ	Africa/Dar_es_Salaam
Krasyliv	UA	Europe/Kyiv
Jojutla	MX	America/Mexico_City
Mundgod	IN	Asia/Kolkata
Mo i Rana	NO	Europe/Oslo
Sierpc	PL	Europe/Warsaw
Chicholi	IN	Asia/Kolkata
Bhati	IN	Asia/Kolkata
Otegen Batyra	KZ	Asia/Almaty
Dongobesh	TZ	Africa/Dar_es_Salaam
Langen	DE	Europe/Berlin
Équeurdreville-Hainneville	FR	Europe/Paris
West Hempstead	US	America/New_York
Oschersleben	DE	Europe/Berlin
Sant'Antonio Abate	IT	Europe/Rome
Mālvan	IN	Asia/Kolkata
Mangnai Zhen	CN	Asia/Shanghai
Guazacapán	GT	America/Guatemala
Capoeiras	BR	America/Recife
Humberstone	GB	Europe/London
Pahāsu	IN	Asia/Kolkata
Ansonia	US	America/New_York
Troy	US	America/Chicago
Jocotepec	MX	America/Mexico_City
Kowloon Tong	HK	Asia/Hong_Kong
Cournon-d'Auvergne	FR	Europe/Paris
Eltham	AU	Australia/Melbourne
Maliuzui	CN	Asia/Shanghai
Kimbe	PG	Pacific/Port_Moresby
Urrao	CO	America/Bogota
Dashun	CN	Asia/Shanghai
Lateri	IN	Asia/Kolkata
Kampung Kupang	MY	Asia/Kuala_Lumpur
Valencia	EC	America/Guayaquil
Varzelândia	BR	America/Sao_Paulo
Mayfield Heights	US	America/New_York
Tādikombu	IN	Asia/Kolkata
Chhipa Barod	IN	Asia/Kolkata
Nakhl-e Taqī	IR	Asia/Tehran
Laurel	US	America/Chicago
South Elmsall	GB	Europe/London
Akbarpur	IN	Asia/Kolkata
Cuautepec	MX	America/Mexico_City
Adelfas	ES	Europe/Madrid
Lagoa da Canoa	BR	America/Maceio
Maithon	IN	Asia/Kolkata
Dzüünharaa	MN	Asia/Ulaanbaatar
Matiri	TZ	Africa/Dar_es_Salaam
Chhiri	IN	Asia/Kolkata
Syosset	US	America/New_York
Juan de Acosta	CO	America/Bogota
Trzebinia	PL	Europe/Warsaw
Nunungan	PH	Asia/Manila
Miyako	JP	Asia/Tokyo
Porto Acre	BR	America/Rio_Branco
Itapororoca	BR	America/Fortaleza
Rānīpur	IN	Asia/Kolkata
Mallasamudram	IN	Asia/Kolkata
Zhendong	CN	Asia/Shanghai
Golders Green	GB	Europe/London
Karow	DE	Europe/Berlin
Ishikawa	JP	Asia/Tokyo
Las Rosas	MX	America/Mexico_City
Manturovo	RU	Europe/Moscow
Al Bada'a	AE	Asia/Dubai
Ascención de Guarayos	BO	America/La_Paz
Kari	NG	Africa/Lagos
Alliston	CA	America/Toronto
Slyudyanka	RU	Asia/Irkutsk
Brook Park	US	America/New_York
Cocos	BR	America/Bahia
Borna	DE	Europe/Berlin
Ystad	SE	Europe/Stockholm
Dingolfing	DE	Europe/Berlin
Komárom	HU	Europe/Budapest
Union Hill-Novelty Hill	US	America/Los_Angeles
Malacky	SK	Europe/Bratislava
Siu Sai Wan Estate	HK	Asia/Hong_Kong
Aalter	BE	Europe/Brussels
Pastos Bons	BR	America/Fortaleza
Frankston South	AU	Australia/Melbourne
Thorold	CA	America/Toronto
Gadhra	IN	Asia/Kolkata
Tuohula	CN	Asia/Urumqi
Mirfield	GB	Europe/London
Horizon Hills	MY	Asia/Kuala_Lumpur
Moyo	UG	Africa/Kampala
Butemba	UG	Africa/Kampala
Erlanger	US	America/New_York
Solsumba	IN	Asia/Kolkata
Park View	US	America/New_York
Rossville	US	America/New_York
San José de Colinas	HN	America/Tegucigalpa
South Burlington	US	America/New_York
Fredonia	CO	America/Bogota
São Gabriel	BR	America/Bahia
Tamazula de Gordiano	MX	America/Mexico_City
Bailén	ES	Europe/Madrid
Staroshcherbinovskaya	RU	Europe/Moscow
Jwaneng	BW	Africa/Gaborone
Mount Greenwood	US	America/Chicago
Chāndūr Bāzār	IN	Asia/Kolkata
El Paraíso	HN	America/Tegucigalpa
Santa María Totoltepec	MX	America/Mexico_City
Sompeta	IN	Asia/Kolkata
Emsworth	GB	Europe/London
Gangāpur	IN	Asia/Kolkata
Chanod	IN	Asia/Kolkata
Banūr	IN	Asia/Kolkata
Fossano	IT	Europe/Rome
Niquero	CU	America/Havana
Sai Wan Ho	HK	Asia/Hong_Kong
Gürgentepe	TR	Europe/Istanbul
Henderson	NZ	Pacific/Auckland
Shushenskoye	RU	Asia/Krasnoyarsk
Gioia Tauro	IT	Europe/Rome
Quispamsis	CA	America/Moncton
Zaprešić	HR	Europe/Zagreb
Takenotsuka	JP	Asia/Tokyo
Montignies-sur-Sambre	BE	Europe/Brussels
Presidente Olegário	BR	America/Sao_Paulo
Serrita	BR	America/Recife
Saint-Roch	FR	Europe/Paris
Casa de Oro-Mount Helix	US	America/Los_Angeles
Villa Rica	CO	America/Bogota
Embi	KZ	Asia/Aqtobe
Paranda	IN	Asia/Kolkata
Sunchales	AR	America/Argentina/Cordoba
Epitaciolândia	BR	America/Rio_Branco
Ciudad Nueva	DO	America/Santo_Domingo
Shādīpur Julāna	IN	Asia/Kolkata
Relau	MY	Asia/Kuala_Lumpur
Langley Park	US	America/New_York
Maqanshy	KZ	Asia/Almaty
Vura	SB	Pacific/Guadalcanal
Magole	TZ	Africa/Dar_es_Salaam
Sumag	PH	Asia/Manila
Brigham City	US	America/Denver
Kaqun	CN	Asia/Urumqi
Lahnstein	DE	Europe/Berlin
Aberystwyth	GB	Europe/London
Rakkiyapālaiyam	IN	Asia/Kolkata
So Uk Estate	HK	Asia/Hong_Kong
Latri Sabiji	GM	Africa/Banjul
Torgau	DE	Europe/Berlin
Vyselki	RU	Europe/Moscow
Kammivapettai	IN	Asia/Kolkata
Marechal Floriano	BR	America/Sao_Paulo
Oswestry	GB	Europe/London
Altônia	BR	America/Sao_Paulo
Amod	IN	Asia/Kolkata
Thomasville	US	America/New_York
Cruz Machado	BR	America/Sao_Paulo
Groesbeek	NL	Europe/Amsterdam
Rangāpāra	IN	Asia/Kolkata
Nanauta	IN	Asia/Kolkata
Raybag	IN	Asia/Kolkata
Chaville	FR	Europe/Paris
Mount Eliza	AU	Australia/Melbourne
Dillingen an der Donau	DE	Europe/Berlin
Fairmont	US	America/New_York
Shekou	CN	Asia/Shanghai
Fairhope	US	America/Chicago
Calella	ES	Europe/Madrid
Dongjia	CN	Asia/Shanghai
Compostela	PH	Asia/Manila
Huby	PL	Europe/Warsaw
Idhnā	PS	Asia/Hebron
Bad Münder am Deister	DE	Europe/Berlin
Kundgol	IN	Asia/Kolkata
Neuilly-Plaisance	FR	Europe/Paris
Murbād	IN	Asia/Kolkata
Warah	PK	Asia/Karachi
Bonneuil-sur-Marne	FR	Europe/Paris
Tiruvankod	IN	Asia/Kolkata
Lonand	IN	Asia/Kolkata
Koga	JP	Asia/Tokyo
Pedra Preta	BR	America/Cuiaba
Una	IN	Asia/Kolkata
Mission Hill	US	America/New_York
Fukura	JP	Asia/Tokyo
San Marcelino	PH	Asia/Manila
Chuhar Jamali	PK	Asia/Karachi
Picuí	BR	America/Fortaleza
Tak Long Estate	HK	Asia/Hong_Kong
Greater Upper Marlboro	US	America/New_York
Frederickson	US	America/Los_Angeles
Sarstedt	DE	Europe/Berlin
Guadix	ES	Europe/Madrid
Mátészalka	HU	Europe/Budapest
São Benedito do Rio Preto	BR	America/Fortaleza
Sinda	ZM	Africa/Lusaka
Dewdney East	CA	America/Regina
Lerdo de Tejada	MX	America/Mexico_City
Belém de São Francisco	BR	America/Recife
Lobakuya	CI	Africa/Abidjan
Mohács	HU	Europe/Budapest
Evanston	CA	America/Edmonton
Pocinhos	BR	America/Fortaleza
Schwalbach	DE	Europe/Berlin
Phan Thong	TH	Asia/Bangkok
Keng Hau	HK	Asia/Hong_Kong
Aroeiras	BR	America/Fortaleza
Comalapa	MX	America/Merida
Choghādak	IR	Asia/Tehran
Varnāmkhvāst	IR	Asia/Tehran
Cariús	BR	America/Fortaleza
Villanueva	CO	America/Bogota
Utazu	JP	Asia/Tokyo
Zastron	ZA	Africa/Johannesburg
Bur Dubai	AE	Asia/Dubai
Bad Dürkheim	DE	Europe/Berlin
Kungsbacka	SE	Europe/Stockholm
Pālda	IN	Asia/Kolkata
Horwich	GB	Europe/London
Lezhë	AL	Europe/Tirane
Pijnacker	NL	Europe/Amsterdam
Iselin	US	America/New_York
Samraong	KH	Asia/Phnom_Penh
Suwanee	US	America/New_York
Whitehall	US	America/New_York
Lancing	GB	Europe/London
Varto	TR	Europe/Istanbul
Rutherford	US	America/New_York
Islip	US	America/New_York
Andéranboukan	ML	Africa/Bamako
Haldaur	IN	Asia/Kolkata
Arcelia	MX	America/Mexico_City
Kalininsk	RU	Europe/Saratov
Radeberg	DE	Europe/Berlin
Cantá	BR	America/Boa_Vista
Srirāmpur	IN	Asia/Kolkata
Montevarchi	IT	Europe/Rome
Monselice	IT	Europe/Rome
Sorgues	FR	Europe/Paris
Morales	CO	America/Bogota
Wieliczka	PL	Europe/Warsaw
Peshtera	BG	Europe/Sofia
Forest Park	US	America/New_York
O'Connor-Parkview	CA	America/Toronto
Asni	MA	Africa/Casablanca
Neiba	DO	America/Santo_Domingo
Un Chau Estate	HK	Asia/Hong_Kong
Westminster	US	America/New_York
Gulu	CN	Asia/Shanghai
Weiwu'eryuqiwen	CN	Asia/Urumqi
Édessa	GR	Europe/Athens
Māndvi	IN	Asia/Kolkata
Sinmak	KP	Asia/Pyongyang
Międzyrzecz	PL	Europe/Warsaw
Vence	FR	Europe/Paris
San Mariano	PH	Asia/Manila
Lam Tin	HK	Asia/Hong_Kong
New Glasgow	CA	America/Halifax
Valabhīpur	IN	Asia/Kolkata
Casavatore	IT	Europe/Rome
Kardhān	IN	Asia/Kolkata
Glugor	MY	Asia/Kuala_Lumpur
Neftçala	AZ	Asia/Baku
Kalāyat	IN	Asia/Kolkata
Tongle	CN	Asia/Shanghai
Kirkdale	GB	Europe/London
Saint-Barthélémy	FR	Europe/Paris
Bacuri	BR	America/Fortaleza
Frankfort	US	America/Chicago
Xico	MX	America/Mexico_City
Niles	US	America/New_York
Balaklava	UA	Europe/Simferopol
Shuanglong	CN	Asia/Shanghai
Bronnitsy	RU	Europe/Moscow
Calafat	RO	Europe/Bucharest
Juan Aldama	MX	America/Chihuahua
Kurumathur	IN	Asia/Kolkata
Kim	IN	Asia/Kolkata
Sugamo	JP	Asia/Tokyo
Cuiyun	CN	Asia/Shanghai
Stroitel	RU	Europe/Moscow
Mamsapuram	IN	Asia/Kolkata
Beroroha	MG	Indian/Antananarivo
Merlimau	MY	Asia/Kuala_Lumpur
Las Varillas	AR	America/Argentina/Cordoba
Oshima	JP	Asia/Tokyo
Ribeirão Branco	BR	America/Sao_Paulo
Mangattidam	IN	Asia/Kolkata
Huanta	PE	America/Lima
Sanharó	BR	America/Recife
Ārt Khwājah	AF	Asia/Kabul
Vellmar	DE	Europe/Berlin
Silvāni	IN	Asia/Kolkata
Ballincollig	IE	Europe/Dublin
Seara	BR	America/Sao_Paulo
Marshfield	US	America/Chicago
Le Plessis-Trévise	FR	Europe/Paris
Vanino	RU	Asia/Vladivostok
Carlos Chagas	BR	America/Sao_Paulo
Tillsonburg	CA	America/Toronto
North St.James Town	CA	America/Toronto
Myenigon	MM	Asia/Yangon
Rokugō	JP	Asia/Tokyo
Eastwood	GB	Europe/London
Lorton	US	America/New_York
Panlong	CN	Asia/Shanghai
Guará	BR	America/Sao_Paulo
Tyāgadurgam	IN	Asia/Kolkata
Seputeh	MY	Asia/Kuala_Lumpur
Hrubieszów	PL	Europe/Warsaw
Néa Erythraía	GR	Europe/Athens
Dourbali	TD	Africa/Ndjamena
Mairi	BR	America/Bahia
Whakatane	NZ	Pacific/Auckland
Talitsa	RU	Asia/Yekaterinburg
Freudenberg	DE	Europe/Berlin
Agryz	RU	Europe/Moscow
Saylac	SO	Africa/Mogadishu
Rwiimi	UG	Africa/Kampala
Toshloq	UZ	Asia/Tashkent
Khārupatia	IN	Asia/Kolkata
Bredasdorp	ZA	Africa/Johannesburg
Apengjiang	CN	Asia/Shanghai
Befandriana	MG	Indian/Antananarivo
Khon Buri	TH	Asia/Bangkok
Bar-le-Duc	FR	Europe/Paris
Nangwa	TZ	Africa/Dar_es_Salaam
Sachsenheim	DE	Europe/Berlin
Galich	RU	Europe/Moscow
Morristown	US	America/New_York
Lom	BG	Europe/Sofia
Eslöv	SE	Europe/Stockholm
La Paragua	VE	America/Caracas
Tonggu	CN	Asia/Shanghai
Bormujos	ES	Europe/Madrid
Seynod	FR	Europe/Paris
Hinche	HT	America/Port-au-Prince
Palappallam	IN	Asia/Kolkata
Cherrybrook	AU	Australia/Sydney
Eringate-Centennial-West Deane	CA	America/Toronto
Szamotuły	PL	Europe/Warsaw
Rivière-du-Loup	CA	America/Toronto
Haji Shah	PK	Asia/Karachi
Mugina	RW	Africa/Kigali
Tutume	BW	Africa/Gaborone
Kokyar	CN	Asia/Urumqi
San Miguel	PH	Asia/Manila
Csongrád	HU	Europe/Budapest
Peacehaven	GB	Europe/London
Łask	PL	Europe/Warsaw
Pālaiyampatti	IN	Asia/Kolkata
Lei Tung Estate	HK	Asia/Hong_Kong
Rodeo del Medio	AR	America/Argentina/Mendoza
Yinping	CN	Asia/Shanghai
Palencia	GT	America/Guatemala
Pitt Meadows	CA	America/Vancouver
Santa Iria da Azóia	PT	Europe/Lisbon
Marquard	ZA	Africa/Johannesburg
İncirliova	TR	Europe/Istanbul
Gautier	US	America/Chicago
Serasa	BN	Asia/Brunei
Kaset Wisai	TH	Asia/Bangkok
Bourbonnais	US	America/Chicago
Goodings Grove	US	America/Chicago
Oyama	JP	Asia/Tokyo
Tarko-Sale	RU	Asia/Yekaterinburg
Nadim Tiruvuru	IN	Asia/Kolkata
Schramberg	DE	Europe/Berlin
Catamayo	EC	America/Guayaquil
West Molesey	GB	Europe/London
East Molesey	GB	Europe/London
Ischia	IT	Europe/Rome
Longchang	CN	Asia/Shanghai
Jadugora	IN	Asia/Kolkata
Mitry-Mory	FR	Europe/Paris
Pizarro	CO	America/Bogota
Carvin	FR	Europe/Paris
Durgāpur	IN	Asia/Kolkata
Bhoom	IN	Asia/Kolkata
Bhadaur	IN	Asia/Kolkata
Limay	FR	Europe/Paris
Kristinehamn	SE	Europe/Stockholm
Palmi	IT	Europe/Rome
Aung San	MM	Asia/Yangon
Turinsk	RU	Asia/Yekaterinburg
Morros	BR	America/Fortaleza
Aue	DE	Europe/Berlin
Driebergen-Rijsenburg	NL	Europe/Amsterdam
Zākīyah	SY	Asia/Damascus
Sunshine West	AU	Australia/Melbourne
Matipó	BR	America/Sao_Paulo
Chandili	IN	Asia/Kolkata
Half Way Tree	JM	America/Jamaica
Ciyun	CN	Asia/Shanghai
Mennzel Bou Zelfa	TN	Africa/Tunis
Douar Tindja	TN	Africa/Tunis
Valday	RU	Europe/Moscow
Barysh	RU	Europe/Ulyanovsk
Macomb	US	America/Chicago
Garuva	BR	America/Sao_Paulo
Phalauda	IN	Asia/Kolkata
Una	BR	America/Bahia
Konz	DE	Europe/Berlin
Starodub	RU	Europe/Moscow
Chigiri	RU	Asia/Yakutsk
Morro da Fumaça	BR	America/Sao_Paulo
Hudiyuzi	CN	Asia/Urumqi
Lachi	PK	Asia/Karachi
La Flèche	FR	Europe/Paris
Torquay	AU	Australia/Melbourne
Bānk	IN	Asia/Kolkata
San Diego	CO	America/Bogota
Ebilassokro	CI	Africa/Abidjan
Castiglione delle Stiviere	IT	Europe/Rome
Reni	UA	Europe/Kyiv
Nuofu	CN	Asia/Shanghai
Harpālpur	IN	Asia/Kolkata
Galappo	TZ	Africa/Dar_es_Salaam
Daimiel	ES	Europe/Madrid
Csepel-Csillagtelep	HU	Europe/Budapest
Pueblo Nuevo	VE	America/Caracas
Hoogstraten	BE	Europe/Brussels
Point Pleasant	US	America/New_York
San Mauro Torinese	IT	Europe/Rome
El Pao	VE	America/Caracas
Bellaire	US	America/Chicago
San Bartolomé	ES	Atlantic/Canary
El Reno	US	America/Chicago
East Mount Airy	US	America/New_York
Kelaat Mgouna	MA	Africa/Casablanca
Southsea	GB	Europe/London
Ban Bang Bamru	TH	Asia/Bangkok
Cafarnaum	BR	America/Bahia
Ciudad Jardín	ES	Europe/Madrid
Qaţanā	SY	Asia/Damascus
Balta	UA	Europe/Kyiv
Taftan	PK	Asia/Karachi
Chowchilla	US	America/Los_Angeles
Mead Valley	US	America/Los_Angeles
Santa Rosa Jáuregui	MX	America/Mexico_City
Winschoten	NL	Europe/Amsterdam
Khao Yoi	TH	Asia/Bangkok
Puerto Natales	CL	America/Punta_Arenas
Marktoberdorf	DE	Europe/Berlin
La Bordeta	ES	Europe/Madrid
Officer	AU	Australia/Melbourne
Anicuns	BR	America/Sao_Paulo
Goroka	PG	Pacific/Port_Moresby
Cernavodă	RO	Europe/Bucharest
Qianhu	CN	Asia/Shanghai
Plaisance-du-Touch	FR	Europe/Paris
Hyattsville	US	America/New_York
Jorat	AZ	Asia/Baku
Isle of Lewis	GB	Europe/London
Wealdstone	GB	Europe/London
Buikwe	UG	Africa/Kampala
Hoang Cau	VN	Asia/Bangkok
Shumikha	RU	Asia/Yekaterinburg
Rawmarsh	GB	Europe/London
Driekoppies	ZA	Africa/Johannesburg
Meise	BE	Europe/Brussels
Potirendaba	BR	America/Sao_Paulo
Janūb as Surrah	KW	Asia/Kuwait
Rāmpura	IN	Asia/Kolkata
Jogipet	IN	Asia/Kolkata
Cayey	PR	America/Puerto_Rico
FELDA Chini	MY	Asia/Kuala_Lumpur
Happy Valley	US	America/Los_Angeles
Brera	IT	Europe/Rome
Kalynivka	UA	Europe/Kyiv
Quaregnon	BE	Europe/Brussels
Myo Thit Ka	MM	Asia/Yangon
Illingen	DE	Europe/Berlin
Karasuyama	JP	Asia/Tokyo
Szczepin	PL	Europe/Warsaw
Schkeuditz	DE	Europe/Berlin
Colina	BR	America/Sao_Paulo
Central Lonsdale	CA	America/Vancouver
Colomoncagua	HN	America/Tegucigalpa
Trudovoye	RU	Asia/Vladivostok
La Chapelle-sur-Erdre	FR	Europe/Paris
Alang	IN	Asia/Kolkata
Altona Meadows	AU	Australia/Melbourne
Badīyah	OM	Asia/Muscat
Downtown Eastside	CA	America/Vancouver
Kherāmeh	IR	Asia/Tehran
Kalabo	ZM	Africa/Lusaka
Kolkhozobod	TJ	Asia/Dushanbe
Barkā Kānā	IN	Asia/Kolkata
Mirangaba	BR	America/Bahia
Volochysk	UA	Europe/Kyiv
Qaşr-e Shīrīn	IR	Asia/Tehran
Lālī	IR	Asia/Tehran
Malgrat de Mar	ES	Europe/Madrid
Haibara-akanedai	JP	Asia/Tokyo
Hemmingen	DE	Europe/Berlin
Avion	FR	Europe/Paris
Bedlington	GB	Europe/London
Ūttangarai	IN	Asia/Kolkata
Deshnoke	IN	Asia/Kolkata
Mölln	DE	Europe/Berlin
Mukandgarh	IN	Asia/Kolkata
Chicholi	IN	Asia/Kolkata
Onalaska	US	America/Chicago
Alcântara	BR	America/Fortaleza
Sāvli	IN	Asia/Kolkata
Hostomel	UA	Europe/Kyiv
Tondi	IN	Asia/Kolkata
Wadgassen	DE	Europe/Berlin
Taft	IR	Asia/Tehran
Sant Quirze del Vallès	ES	Europe/Madrid
Comodoro	BR	America/Cuiaba
Round Lake	US	America/Chicago
Ballajura	AU	Australia/Perth
Kannapuram	IN	Asia/Kolkata
Oskū	IR	Asia/Tehran
Itá	PY	America/Asuncion
Thoen	TH	Asia/Bangkok
Stafford	US	America/Chicago
Cafelândia	BR	America/Sao_Paulo
Pilar	AR	America/Argentina/Cordoba
Pottanūr	IN	Asia/Kolkata
Padampur	IN	Asia/Kolkata
Uckfield	GB	Europe/London
Ovar	PT	Europe/Lisbon
Cubal do Lumbo	AO	Africa/Luanda
Quezon	PH	Asia/Manila
Yorkville	US	America/Chicago
Pastavy	BY	Europe/Minsk
Águas Formosas	BR	America/Sao_Paulo
Gubbi	IN	Asia/Kolkata
Winchester	US	America/New_York
North Ogden	US	America/Denver
Hespeler	CA	America/Toronto
Babor	DZ	Africa/Algiers
Narlıca	TR	Europe/Istanbul
Unchahra	IN	Asia/Kolkata
Bensenville	US	America/Chicago
Orzesze	PL	Europe/Warsaw
Baroda	IN	Asia/Kolkata
Astrea	CO	America/Bogota
Khali Kachigam	IN	Asia/Kolkata
Nāmrup	IN	Asia/Kolkata
Kyakhta	RU	Asia/Irkutsk
Katerero	TZ	Africa/Dar_es_Salaam
Neral	IN	Asia/Kolkata
Erémankono	CI	Africa/Abidjan
Sirgittī	IN	Asia/Kolkata
Nyakabindi	TZ	Africa/Dar_es_Salaam
Mandapam	IN	Asia/Kolkata
Along	IN	Asia/Kolkata
Annonay	FR	Europe/Paris
Traunstein	DE	Europe/Berlin
Larne	GB	Europe/London
Noto	IT	Europe/Rome
Turar Ryskulov	KZ	Asia/Almaty
Hillegom	NL	Europe/Amsterdam
Forney	US	America/Chicago
Darazo	NG	Africa/Lagos
Beni Amrane	DZ	Africa/Algiers
Sulejówek	PL	Europe/Warsaw
Kamogatachō-kamogata	JP	Asia/Tokyo
Nezlobnaya	RU	Europe/Moscow
Monsey	US	America/New_York
Governador Edison Lobão	BR	America/Fortaleza
Santa Elena	AR	America/Argentina/Cordoba
Saint Andrews	GB	Europe/London
Kitagata	JP	Asia/Tokyo
Méchouar-Kasba	MA	Africa/Casablanca
El Alia	TN	Africa/Tunis
Fern Creek	US	America/Kentucky/Louisville
Guisa	CU	America/Havana
Al Ḩammām	EG	Africa/Cairo
San José de los Olvera	MX	America/Mexico_City
Carey	CA	America/Vancouver
Kotā	IN	Asia/Kolkata
San Ferdinando	IT	Europe/Rome
Santa Cruz del Norte	CU	America/Havana
Wushipai	CN	Asia/Shanghai
Formoso do Araguaia	BR	America/Araguaina
Aburi	GH	Africa/Accra
Malakhovka	RU	Europe/Moscow
Non Sung	TH	Asia/Bangkok
Shenandoah	US	America/Chicago
Quitandinha	BR	America/Sao_Paulo
Honjō	JP	Asia/Tokyo
Złotów	PL	Europe/Warsaw
Buhuşi	RO	Europe/Bucharest
Kaitang	CN	Asia/Shanghai
Myyrmäki	FI	Europe/Helsinki
General Mamerto Natividad	PH	Asia/Manila
Kinel’-Cherkassy	RU	Europe/Samara
Inhapi	BR	America/Maceio
Highton	AU	Australia/Melbourne
Hasune	JP	Asia/Tokyo
El Dorado	US	America/Chicago
Reriutaba	BR	America/Fortaleza
Saint Ives	AU	Australia/Sydney
Ban Tak	TH	Asia/Bangkok
Minakami	JP	Asia/Tokyo
Casamassima	IT	Europe/Rome
Trenton	US	America/Detroit
Curacaví	CL	America/Santiago
Aydūn	JO	Asia/Amman
Santa Rosa	CO	America/Bogota
Gálvez	AR	America/Argentina/Cordoba
Löbau	DE	Europe/Berlin
Jussara	BR	America/Sao_Paulo
Moram	IN	Asia/Kolkata
Tsukawaki	JP	Asia/Tokyo
Gazipaşa	TR	Europe/Istanbul
Ashtabula	US	America/New_York
Pirapora do Bom Jesus	BR	America/Sao_Paulo
Avtury	RU	Europe/Moscow
Cluain Meala	IE	Europe/Dublin
Kādīpur	IN	Asia/Kolkata
Baependi	BR	America/Sao_Paulo
Natchitoches	US	America/Chicago
Donauwörth	DE	Europe/Berlin
Mitake	JP	Asia/Tokyo
Olten	CH	Europe/Zurich
Rufino	AR	America/Argentina/Cordoba
Chhoti Sādri	IN	Asia/Kolkata
Vāzhakulam	IN	Asia/Kolkata
Solonópole	BR	America/Fortaleza
Clydesdale	ZA	Africa/Johannesburg
Braniewo	PL	Europe/Warsaw
Vila Franca de Xira	PT	Europe/Lisbon
Köping	SE	Europe/Stockholm
Borikhan	LA	Asia/Vientiane
Cudahy	US	America/Chicago
Montecristi	EC	America/Guayaquil
Fort Gloster	IN	Asia/Kolkata
Seppa	IN	Asia/Kolkata
Betroka	MG	Indian/Antananarivo
Saladas	AR	America/Argentina/Cordoba
Majhiāon Kalān	IN	Asia/Kolkata
Thākurganj	IN	Asia/Kolkata
Alblasserdam	NL	Europe/Amsterdam
Cotoca	BO	America/La_Paz
Barus	ID	Asia/Jakarta
Dover	US	America/New_York
Weißenburg in Bayern	DE	Europe/Berlin
Maroochydore	AU	Australia/Brisbane
Ottawa	US	America/Chicago
Naldurg	IN	Asia/Kolkata
Outram Park	SG	Asia/Singapore
Batalha	BR	America/Maceio
Thāsra	IN	Asia/Kolkata
Niapidou	CI	Africa/Abidjan
Lingquan	CN	Asia/Shanghai
Shafter	US	America/Los_Angeles
Amaraji	BR	America/Recife
Bada Malhera	IN	Asia/Kolkata
Fujioka	JP	Asia/Tokyo
Konstantynów Łódzki	PL	Europe/Warsaw
Crocetta	IT	Europe/Rome
Tlaquiltenango	MX	America/Mexico_City
Say	NE	Africa/Niamey
Kākori	IN	Asia/Kolkata
Ronchin	FR	Europe/Paris
Mansfield Woodhouse	GB	Europe/London
Kanaishima	JP	Asia/Tokyo
Shaoyu	CN	Asia/Shanghai
Guchang	CN	Asia/Shanghai
San Pascual	ES	Europe/Madrid
Cheranmahadevi	IN	Asia/Kolkata
Alangāyam	IN	Asia/Kolkata
Labrador	AU	Australia/Brisbane
Peraía	GR	Europe/Athens
Chetput	IN	Asia/Kolkata
Emali	KE	Africa/Nairobi
Dabakala	CI	Africa/Abidjan
Bangor	GB	Europe/London
Mouyondzi	CG	Africa/Brazzaville
Al Qiţena	SD	Africa/Khartoum
Mauguio	FR	Europe/Paris
Bonnyrigg	GB	Europe/London
Drunen	NL	Europe/Amsterdam
Apatin	RS	Europe/Belgrade
Midlothian	US	America/New_York
Ibipeba	BR	America/Bahia
Danzi	CN	Asia/Shanghai
Rāmjībanpur	IN	Asia/Kolkata
Aguaytía	PE	America/Lima
Mount Isa	AU	Australia/Brisbane
Dārchulā	NP	Asia/Kathmandu
Jiuchao	CN	Asia/Shanghai
Wenquan	CN	Asia/Shanghai
Santa Brígida	ES	Atlantic/Canary
Laudio / Llodio	ES	Europe/Madrid
Chennevières-sur-Marne	FR	Europe/Paris
Riachão do Dantas	BR	America/Maceio
Maasin	PH	Asia/Manila
Ardon	RU	Europe/Moscow
Amesbury	US	America/New_York
Parque Industrial Ciudad Mitras	MX	America/Monterrey
Franklin Park	US	America/Chicago
Meadowbrook	US	America/New_York
Esperantinópolis	BR	America/Fortaleza
Taió	BR	America/Sao_Paulo
Pirita	EE	Europe/Tallinn
McAlester	US	America/Chicago
Quankou	CN	Asia/Shanghai
Hutagalli	IN	Asia/Kolkata
Port Colborne	CA	America/Toronto
Mori	JP	Asia/Tokyo
Punta Gorda Isles	US	America/New_York
Nehbandān	IR	Asia/Tehran
El Chorrillo	PA	America/Panama
Martigny-Ville	CH	Europe/Zurich
Howli	IN	Asia/Kolkata
Alpinópolis	BR	America/Sao_Paulo
Hadleigh	GB	Europe/London
Vanchiglietta	IT	Europe/Rome
Priozërsk	RU	Europe/Moscow
Kotel’niki	RU	Europe/Moscow
Kisinga	UG	Africa/Kampala
Do’stlik Shahri	UZ	Asia/Samarkand
Daboh	IN	Asia/Kolkata
Talod	IN	Asia/Kolkata
Beloozyorskiy	RU	Europe/Moscow
Crespo	AR	America/Argentina/Cordoba
Taku	JP	Asia/Tokyo
Firmat	AR	America/Argentina/Cordoba
Lilienthal	DE	Europe/Berlin
Tromsdalen	NO	Europe/Oslo
Sapucaia	BR	America/Sao_Paulo
Dianshui	CN	Asia/Shanghai
Palestine	US	America/Chicago
Oskarshamn	SE	Europe/Stockholm
Ouardenine	TN	Africa/Tunis
Sherrelwood	US	America/Denver
Autun	FR	Europe/Paris
Sagua de Tánamo	CU	America/Havana
Saint-Avold	FR	Europe/Paris
Yongping	CN	Asia/Shanghai
Yono	JP	Asia/Tokyo
Pélézi	CI	Africa/Abidjan
Ribat Al Khayr	MA	Africa/Casablanca
Palugal	IN	Asia/Kolkata
Creve Coeur	US	America/Chicago
Los Vilos	CL	America/Santiago
Krapkowice	PL	Europe/Warsaw
Paraibano	BR	America/Fortaleza
Umm as Summāq	JO	Asia/Amman
Milpa Alta	MX	America/Mexico_City
Ballenger Creek	US	America/New_York
Cinco Ranch	US	America/Chicago
Tourlaville	FR	Europe/Paris
Crimmitschau	DE	Europe/Berlin
Oytograk	CN	Asia/Urumqi
Felanitx	ES	Europe/Madrid
Buerarema	BR	America/Bahia
Pfullingen	DE	Europe/Berlin
Shimoigusa	JP	Asia/Tokyo
Łańcut	PL	Europe/Warsaw
Kinross	ZA	Africa/Johannesburg
Helena	US	America/Chicago
Burghausen	DE	Europe/Berlin
Rikuzen-Takata	JP	Asia/Tokyo
Maraã	BR	America/Manaus
Marlow	GB	Europe/London
Palmer	US	America/New_York
Erong	CN	Asia/Shanghai
Nagasaki	JP	Asia/Tokyo
Inam Maniyachi	IN	Asia/Kolkata
Ghogardīha	IN	Asia/Kolkata
San Martín de la Vega	ES	Europe/Madrid
Fond Parisien	HT	America/Port-au-Prince
Neufahrn bei Freising	DE	Europe/Berlin
Kriel	ZA	Africa/Johannesburg
Ansfelden	AT	Europe/Vienna
Belle Glade	US	America/New_York
Saint-Omer	FR	Europe/Paris
Rhoon	NL	Europe/Amsterdam
Zwijndrecht	BE	Europe/Brussels
Xintian	CN	Asia/Shanghai
Kronach	DE	Europe/Berlin
Makakilo	US	Pacific/Honolulu
Mitras Poniente	MX	America/Monterrey
Águas de Lindóia	BR	America/Sao_Paulo
Franconia	US	America/New_York
Vengikkal	IN	Asia/Kolkata
Xapuri	BR	America/Rio_Branco
Kalocsa	HU	Europe/Budapest
Nidda	DE	Europe/Berlin
Alzey	DE	Europe/Berlin
Santiago Ixcuintla	MX	America/Mazatlan
Sokołów Podlaski	PL	Europe/Warsaw
Al Ḩazm	YE	Asia/Aden
Carrigaline	IE	Europe/Dublin
Goudomp	SN	Africa/Dakar
Gandiaye	SN	Africa/Dakar
Udaipura	IN	Asia/Kolkata
Lunas	MY	Asia/Kuala_Lumpur
Hong’an	CN	Asia/Shanghai
Morlanwelz-Mariemont	BE	Europe/Brussels
Fulwood	GB	Europe/London
Tulum	MX	America/Cancun
Eastlake	US	America/New_York
Siquirres	CR	America/Costa_Rica
Argentan	FR	Europe/Paris
Wewak	PG	Pacific/Port_Moresby
Thala	TN	Africa/Tunis
Manchester	US	America/Chicago
Nookat	KG	Asia/Bishkek
Cameron Park	US	America/Los_Angeles
Júlio de Castilhos	BR	America/Sao_Paulo
Buchen in Odenwald	DE	Europe/Berlin
Villa del Prado 2da Sección	MX	America/Tijuana
Galaat el Andeless	TN	Africa/Tunis
Burwood	AU	Australia/Sydney
Abano Terme	IT	Europe/Rome
Behat	IN	Asia/Kolkata
Kharabali	RU	Europe/Astrakhan
Lelydorp	SR	America/Paramaribo
Baixa Grande	BR	America/Bahia
Kurakhove	UA	Europe/Kyiv
Justicia	ES	Europe/Madrid
Studeničani	MK	Europe/Skopje
Steubenville	US	America/New_York
Vinica	MK	Europe/Skopje
Farias Brito	BR	America/Fortaleza
Nazaré Paulista	BR	America/Sao_Paulo
Altepexi	MX	America/Mexico_City
Springboro	US	America/New_York
Trikarpūr North	IN	Asia/Kolkata
Khetri	IN	Asia/Kolkata
Afipskiy	RU	Europe/Moscow
Wallingford Center	US	America/New_York
Chivolo	CO	America/Bogota
Palanga	LT	Europe/Vilnius
Chapel Allerton	GB	Europe/London
São Francisco de Assis	BR	America/Sao_Paulo
Marktredwitz	DE	Europe/Berlin
Archena	ES	Europe/Madrid
Rio Maria	BR	America/Belem
Vitryani Hory	UA	Europe/Kyiv
Katoke	UG	Africa/Kampala
San Po Kong	HK	Asia/Hong_Kong
Givors	FR	Europe/Paris
Tavernes de la Valldigna	ES	Europe/Madrid
Kheri Nāngal	IN	Asia/Kolkata
Abū Ţisht	EG	Africa/Cairo
Pasthal	IN	Asia/Kolkata
Ischia Porto	IT	Europe/Rome
Ōgushi	JP	Asia/Tokyo
Wettingen	CH	Europe/Zurich
Kariapatti	IN	Asia/Kolkata
Sestu	IT	Europe/Rome
Cento	IT	Europe/Rome
Kisvárda	HU	Europe/Budapest
Baruun-Urt	MN	Asia/Ulaanbaatar
Lanham-Seabrook	US	America/New_York
Allschwil	CH	Europe/Zurich
Tiquisate	GT	America/Guatemala
Kierspe	DE	Europe/Berlin
Villa Yapacaní	BO	America/La_Paz
Sarvestān	IR	Asia/Tehran
‘Anbarābād	IR	Asia/Tehran
Eersel	NL	Europe/Amsterdam
Krasnovishersk	RU	Asia/Yekaterinburg
Clark-Fulton	US	America/New_York
Tezu	IN	Asia/Kolkata
Gairtganj	IN	Asia/Kolkata
Großenhain	DE	Europe/Berlin
Pushkino	AZ	Asia/Baku
Agouraï	MA	Africa/Casablanca
Montagu	ZA	Africa/Johannesburg
San Benito Abad	CO	America/Bogota
Bergeijk	NL	Europe/Amsterdam
Farmington	US	America/Chicago
Wîhkwêntôwin	CA	America/Edmonton
Rubino	CI	Africa/Abidjan
Mignouré	CI	Africa/Abidjan
Al Mahbūlah	KW	Asia/Kuwait
Jalālī	IN	Asia/Kolkata
Pampa	US	America/Chicago
Zacoalco de Torres	MX	America/Mexico_City
Diyadin	TR	Europe/Istanbul
Pascoe Vale	AU	Australia/Melbourne
Gaolou	CN	Asia/Shanghai
Szarvas	HU	Europe/Budapest
Jand	PK	Asia/Karachi
Tarifa	ES	Europe/Madrid
Barreiro do Jaíba	BR	America/Sao_Paulo
Sel’tso	RU	Europe/Moscow
Pozzallo	IT	Europe/Rome
Gaurela	IN	Asia/Kolkata
Somerset	US	America/New_York
Florida Ridge	US	America/New_York
‘Abasān al Kabīrah	PS	Asia/Gaza
Sulaco	HN	America/Tegucigalpa
Five Corners	US	America/Los_Angeles
Zinvié	BJ	Africa/Porto-Novo
Coalcomán de Vázquez Pallares	MX	America/Mexico_City
Boone	US	America/New_York
Joinville-le-Pont	FR	Europe/Paris
Muniz Freire	BR	America/Sao_Paulo
São Luís Gonzaga do Maranhão	BR	America/Fortaleza
Seminole	US	America/New_York
Souzas	BR	America/Sao_Paulo
Monte Azul Paulista	BR	America/Sao_Paulo
Jianlong	CN	Asia/Shanghai
Ndevana	ZA	Africa/Johannesburg
Punta Gorda	US	America/New_York
Rosamond	US	America/Los_Angeles
Indiaroba	BR	America/Maceio
Campo do Brito	BR	America/Maceio
Heckmondwike	GB	Europe/London
Longlin	CN	Asia/Shanghai
Gämi	TM	Asia/Ashgabat
Jaguaretama	BR	America/Fortaleza
Lavāsān	IR	Asia/Tehran
Artik	AM	Asia/Yerevan
Deer Park	AU	Australia/Melbourne
Grottaferrata	IT	Europe/Rome
Singampunari	IN	Asia/Kolkata
Wilten	AT	Europe/Vienna
Moonak	IN	Asia/Kolkata
Palayad	IN	Asia/Kolkata
Alice	ZA	Africa/Johannesburg
Pyatykhatky	UA	Europe/Kyiv
Tettnang	DE	Europe/Berlin
Croatá	BR	America/Fortaleza
Puzi	CN	Asia/Shanghai
Andalucía	CO	America/Bogota
Shōbudahama	JP	Asia/Tokyo
Qiryat Tiv‘on	IL	Asia/Jerusalem
São Caetano de Odivelas	BR	America/Belem
Baiguan	CN	Asia/Shanghai
Vettaikkaranpudur	IN	Asia/Kolkata
Escuque	VE	America/Caracas
Lop	CN	Asia/Urumqi
Pichor	IN	Asia/Kolkata
Bejucal	CU	America/Havana
Charāmaddi	BD	Asia/Dhaka
Veresegyház	HU	Europe/Budapest
Bakarwāla	IN	Asia/Kolkata
Norak	TJ	Asia/Dushanbe
Bibo	CN	Asia/Shanghai
Koipādi	IN	Asia/Kolkata
Kafr Sa‘d	EG	Africa/Cairo
Dera Bugti	PK	Asia/Karachi
Terra Roxa	BR	America/Sao_Paulo
Koungou	YT	Indian/Mayotte
Cutler	US	America/New_York
Reda	PL	Europe/Warsaw
Kreminna	UA	Europe/Kyiv
Wildeshausen	DE	Europe/Berlin
Néa Mákri	GR	Europe/Athens
Veruela	PH	Asia/Manila
Mattoon	US	America/Chicago
Baohe	CN	Asia/Shanghai
Brymbo	GB	Europe/London
Polohy	UA	Europe/Kyiv
Fermo	IT	Europe/Rome
Campos Belos	BR	America/Sao_Paulo
El Astillero	ES	Europe/Madrid
Arroyo Grande	US	America/Los_Angeles
Matelândia	BR	America/Sao_Paulo
Varjota	BR	America/Fortaleza
Labo	PH	Asia/Manila
Gatumba	BI	Africa/Bujumbura
Anacortes	US	America/Los_Angeles
Bishan	CN	Asia/Shanghai
East Barnet	GB	Europe/London
Lypky	UA	Europe/Kyiv
Kikube	UG	Africa/Kampala
Cobourg	CA	America/Toronto
Heiligensee	DE	Europe/Berlin
Xiaochuan	CN	Asia/Shanghai
Äußere Neustadt	DE	Europe/Berlin
Humanes de Madrid	ES	Europe/Madrid
Jālq	IR	Asia/Tehran
Müllheim	DE	Europe/Berlin
Ishitsuka	JP	Asia/Tokyo
Mucajaí	BR	America/Boa_Vista
Abaza	RU	Asia/Krasnoyarsk
Long Diền	VN	Asia/Ho_Chi_Minh
Hok Yuen	HK	Asia/Hong_Kong
Laguna Verde	HK	Asia/Hong_Kong
Auburn Bay	CA	America/Edmonton
Boali	CF	Africa/Bangui
Monroe	US	America/Los_Angeles
Baoro	CF	Africa/Bangui
Kadaň	CZ	Europe/Prague
Dikodougou	CI	Africa/Abidjan
Eslam Qaleh	AF	Asia/Kabul
Boconoito	VE	America/Caracas
Rancho Mirage	US	America/Los_Angeles
Areia Branca	BR	America/Maceio
Korntal	DE	Europe/Berlin
Eppelborn	DE	Europe/Berlin
Shek Kip Mei	HK	Asia/Hong_Kong
Mādavān	IR	Asia/Tehran
Baihe	CN	Asia/Shanghai
Keta	GH	Africa/Accra
Koersel	BE	Europe/Brussels
Salamina	CO	America/Bogota
Templeogue	IE	Europe/Dublin
Debar	MK	Europe/Skopje
Limerick	US	America/New_York
Māchai	IN	Asia/Kolkata
Ban Chalong	TH	Asia/Bangkok
Mililani Mauka / Launani Valley	US	Pacific/Honolulu
Namminikara	IN	Asia/Kolkata
Eruvādi	IN	Asia/Kolkata
Blundell	CA	America/Vancouver
Diósgyőr	HU	Europe/Budapest
Wilton	US	America/New_York
Louny	CZ	Europe/Prague
Rhenen	NL	Europe/Amsterdam
Thara	IN	Asia/Kolkata
Bīdestān	IR	Asia/Tehran
Tamallalt	MA	Africa/Casablanca
Jhalidā	IN	Asia/Kolkata
Santa Rosa	PE	America/Lima
Carquefou	FR	Europe/Paris
Benicàssim	ES	Europe/Madrid
Sulechów	PL	Europe/Warsaw
Sátoraljaújhely	HU	Europe/Budapest
San Vicente	CO	America/Bogota
Fatehgarh Chūriān	IN	Asia/Kolkata
Aurangabad Cantonment	IN	Asia/Kolkata
L'Eliana	ES	Europe/Madrid
Mendes	BR	America/Sao_Paulo
Memuro-minami	JP	Asia/Tokyo
Tepa	GH	Africa/Accra
Huntington	US	America/New_York
Pārsiān	IR	Asia/Tehran
Tolosa	ES	Europe/Madrid
Abū Hayl	AE	Asia/Dubai
Nar'yan-Mar	RU	Europe/Moscow
Carmelo	UY	America/Montevideo
Bingley	GB	Europe/London
Umutara	RW	Africa/Kigali
Bad Wildungen	DE	Europe/Berlin
La Baie	CA	America/Toronto
Cestas	FR	Europe/Paris
Bel Air Rivière Sèche	MU	Indian/Mauritius
Ojus	US	America/New_York
Hajdúnánás	HU	Europe/Budapest
Kunnummal	IN	Asia/Kolkata
Melzo	IT	Europe/Rome
Eupen	BE	Europe/Brussels
Cristinápolis	BR	America/Maceio
Carnide	PT	Europe/Lisbon
São João do Rio do Peixe	BR	America/Fortaleza
Santa Fe Springs	US	America/Los_Angeles
Visaginas	LT	Europe/Vilnius
Laja	BO	America/La_Paz
Yasnogorsk	RU	Europe/Moscow
Nigrán	ES	Europe/Madrid
Camocim de São Félix	BR	America/Recife
Futog	RS	Europe/Belgrade
Kattur	IN	Asia/Kolkata
Pitäjänmäki	FI	Europe/Helsinki
Oak Bay	CA	America/Vancouver
Vadamadurai	IN	Asia/Kolkata
Fundão	BR	America/Sao_Paulo
Tirumala	IN	Asia/Kolkata
Dudelange	LU	Europe/Luxembourg
Balmazújváros	HU	Europe/Budapest
Vincennes	US	America/Chicago
Campina Verde	BR	America/Sao_Paulo
Castelnau-le-Lez	FR	Europe/Paris
Izazi	TZ	Africa/Dar_es_Salaam
Fuki	JP	Asia/Tokyo
Bhogpur	IN	Asia/Kolkata
Patiriyat	IN	Asia/Kolkata
Amsterdam	US	America/New_York
Groot-Brakrivier	ZA	Africa/Johannesburg
Durango	US	America/Denver
San Andrés Cuexcontitlán	MX	America/Mexico_City
Povorino	RU	Europe/Moscow
Carmópolis de Minas	BR	America/Sao_Paulo
Kanamachi	JP	Asia/Tokyo
Capalaba	AU	Australia/Brisbane
Guangpu	CN	Asia/Shanghai
Satyāmangala	IN	Asia/Kolkata
Bhattiprolu	IN	Asia/Kolkata
Sakchu-ŭp	KP	Asia/Pyongyang
Dumont	US	America/New_York
Al Jurf	AE	Asia/Dubai
Nharêa	AO	Africa/Luanda
Tubize	BE	Europe/Brussels
Blankenberge	BE	Europe/Brussels
Kahandhale	ET	Africa/Addis_Ababa
Budva	ME	Europe/Podgorica
Chichén-Itzá	MX	America/Merida
Musa Banda/Musa khan kallay	PK	Asia/Karachi
Otradnoye	RU	Europe/Moscow
Chegem	RU	Europe/Moscow
Izluchinsk	RU	Asia/Yekaterinburg
Lubata	TZ	Africa/Dar_es_Salaam
Tarakea	TZ	Africa/Dar_es_Salaam
Madizini	TZ	Africa/Dar_es_Salaam
Klov	UA	Europe/Kyiv
Barjala	IN	Asia/Kolkata
Amvrosiyivka	UA	Europe/Kyiv
Batié	BF	Africa/Ouagadougou
Changuinola	PA	America/Panama
Belaya Glina	RU	Europe/Moscow
Hanahan	US	America/New_York
Serra Preta	BR	America/Bahia
Leça da Palmeira	PT	Europe/Lisbon
Central Point	US	America/Los_Angeles
Stony Plain	CA	America/Edmonton
Son Rapinya	ES	Europe/Madrid
Weston	CA	America/Toronto
Sint-Genesius-Rode	BE	Europe/Brussels
Nalloor	IN	Asia/Kolkata
Carlos A. Carrillo	MX	America/Mexico_City
Highland	US	America/Denver
Sir Muttra	IN	Asia/Kolkata
Mahīshādal	IN	Asia/Kolkata
Elizabeth City	US	America/New_York
Azaguié	CI	Africa/Abidjan
Dalserf	GB	Europe/London
Ptuj	SI	Europe/Ljubljana
Itaberá	BR	America/Sao_Paulo
Dongchuan	CN	Asia/Shanghai
Newburyport	US	America/New_York
Rockland	US	America/New_York
Lagoa do Carro	BR	America/Recife
Regeneração	BR	America/Fortaleza
Cartagena	CL	America/Santiago
Hedge End	GB	Europe/London
Yegorlykskaya	RU	Europe/Moscow
Westbrook	US	America/New_York
Sandbach	GB	Europe/London
La Cabima	PA	America/Panama
Kirsanov	RU	Europe/Moscow
Kızılcahamam	TR	Europe/Istanbul
Palazzolo sull'Oglio	IT	Europe/Rome
Gamla Uppsala	SE	Europe/Stockholm
Delta del Tigre	UY	America/Montevideo
Dumjor	IN	Asia/Kolkata
Teloi Kanan	MY	Asia/Kuala_Lumpur
Rano	NG	Africa/Lagos
Tsuha	JP	Asia/Tokyo
Kishaba	JP	Asia/Tokyo
New Mills	GB	Europe/London
St. Marys	US	America/New_York
Rangiro	RW	Africa/Kigali
Tres de Mayo	MX	America/Mexico_City
Konaklı	TR	Europe/Istanbul
Cary	US	America/Chicago
Lackawanna	US	America/New_York
Santo Anastácio	BR	America/Sao_Paulo
Heng Fa Chuen	HK	Asia/Hong_Kong
Kegalle	LK	Asia/Colombo
Ourém	BR	America/Belem
Aljaraque	ES	Europe/Madrid
Jadcherla	IN	Asia/Kolkata
Noāmundi	IN	Asia/Kolkata
Montecatini-Terme	IT	Europe/Rome
Hedehusene	DK	Europe/Copenhagen
Barwala	IN	Asia/Kolkata
Rio Claro	BR	America/Sao_Paulo
Breaza	RO	Europe/Bucharest
Kawage	JP	Asia/Tokyo
Kabala	SL	Africa/Freetown
Kireka	UG	Africa/Kampala
Warrenton	ZA	Africa/Johannesburg
Kensington-Chinatown	CA	America/Toronto
Narauli	IN	Asia/Kolkata
Dehāqān	IR	Asia/Tehran
Guéssabo	CI	Africa/Abidjan
Arukutti	IN	Asia/Kolkata
Arix	CN	Asia/Urumqi
Arele	CN	Asia/Urumqi
Kolbermoor	DE	Europe/Berlin
Tiquisio	CO	America/Bogota
Nīlokheri	IN	Asia/Kolkata
Murudeshwara	IN	Asia/Kolkata
Querência	BR	America/Cuiaba
Miracema do Tocantins	BR	America/Araguaina
Kurtamysh	RU	Asia/Yekaterinburg
Westerly	US	America/New_York
Primero de Enero	CU	America/Havana
Fairfield	AU	Australia/Sydney
Anori	BR	America/Manaus
Mapastepec	MX	America/Mexico_City
Hang Dong	TH	Asia/Bangkok
Maumelle	US	America/Chicago
Nāteputa	IN	Asia/Kolkata
Loulé	PT	Europe/Lisbon
Goulmima	MA	Africa/Casablanca
Honnāli	IN	Asia/Kolkata
Wangyao	CN	Asia/Shanghai
Aldrich Bay	HK	Asia/Hong_Kong
Callosa de Segura	ES	Europe/Madrid
Leland	US	America/New_York
Lívingston	GT	America/Guatemala
Zürich (Kreis 11) / Oerlikon	CH	Europe/Zurich
Altstadt Nord	DE	Europe/Berlin
Bentleigh	AU	Australia/Melbourne
Uetersen	DE	Europe/Berlin
Karlsfeld	DE	Europe/Berlin
Titabor Town	IN	Asia/Kolkata
Olho d’Água das Cunhãs	BR	America/Fortaleza
Amos	CA	America/Toronto
Jocotenango	GT	America/Guatemala
Samdari	IN	Asia/Kolkata
Oborniki	PL	Europe/Warsaw
Skadovsk	UA	Europe/Kyiv
Ituaçu	BR	America/Bahia
Saiyad-ul-ajaib	IN	Asia/Kolkata
Bang Len	TH	Asia/Bangkok
Bad Saulgau	DE	Europe/Berlin
Kasli	RU	Asia/Yekaterinburg
Hranice	CZ	Europe/Prague
Montigny-lès-Cormeilles	FR	Europe/Paris
Józefów	PL	Europe/Warsaw
Carnegie	AU	Australia/Melbourne
Taiping	CN	Asia/Shanghai
Yagoona	AU	Australia/Sydney
Cartaya	ES	Europe/Madrid
La Crau	FR	Europe/Paris
Changtan	CN	Asia/Shanghai
Khasab	OM	Asia/Muscat
Cármenes	ES	Europe/Madrid
Firminy	FR	Europe/Paris
Dobrush	BY	Europe/Minsk
Māsāl	IR	Asia/Tehran
Maganja	MZ	Africa/Maputo
Ascot	GB	Europe/London
Não-Me-Toque	BR	America/Sao_Paulo
Palamós	ES	Europe/Madrid
Filadélfia	BR	America/Bahia
Wisconsin Rapids	US	America/Chicago
Fátima	BR	America/Bahia
Sanniquellie	LR	Africa/Monrovia
Outat Oulad Al Haj	MA	Africa/Casablanca
Kleinmachnow	DE	Europe/Berlin
Pudunagaram	IN	Asia/Kolkata
Visoko	BA	Europe/Sarajevo
Barrhead	GB	Europe/London
San Lorenzo de El Escorial	ES	Europe/Madrid
Ranzan	JP	Asia/Tokyo
Uerdingen	DE	Europe/Berlin
Lenoir	US	America/New_York
Wittlich	DE	Europe/Berlin
Zhirnovsk	RU	Europe/Volgograd
Bayad	IN	Asia/Kolkata
North Massapequa	US	America/New_York
Remígio	BR	America/Fortaleza
Scarsdale	US	America/New_York
Nanuet	US	America/New_York
Vadlapūdi	IN	Asia/Kolkata
Kanjari	IN	Asia/Kolkata
Sinzig	DE	Europe/Berlin
Gretna	US	America/Chicago
Grumo Nevano	IT	Europe/Rome
Pradolongo	ES	Europe/Madrid
Bhindār	IN	Asia/Kolkata
Fushë-Krujë	AL	Europe/Tirane
Pelahiivka	UA	Europe/Kyiv
Luz	BR	America/Sao_Paulo
la Nucia	ES	Europe/Madrid
Piranvādi	IN	Asia/Kolkata
Sheridan	US	America/Denver
Tizi Rached	DZ	Africa/Algiers
Del Remedio	PH	Asia/Manila
Zuhres	UA	Europe/Kyiv
Sovetsk	RU	Europe/Kirov
Vordingborg	DK	Europe/Copenhagen
V.S.K.Valasai (Dindigul-Dist.)	IN	Asia/Kolkata
Privolzhsk	RU	Europe/Moscow
Chortiátis	GR	Europe/Athens
North Amityville	US	America/New_York
Manchester City Centre	GB	Europe/London
Handiā	IN	Asia/Kolkata
Msowero	TZ	Africa/Dar_es_Salaam
Pontalina	BR	America/Sao_Paulo
Bondo	CD	Africa/Lubumbashi
Avalēpalli	IN	Asia/Kolkata
Narasimhanaickenpalayam	IN	Asia/Kolkata
Shibetsu	JP	Asia/Tokyo
Rozdilna	UA	Europe/Kyiv
Tarabya	TR	Europe/Istanbul
Zürich (Kreis 11) / Seebach	CH	Europe/Zurich
Osuna	ES	Europe/Madrid
Adiyanuthu	IN	Asia/Kolkata
Dormentes	BR	America/Recife
Pailin	KH	Asia/Phnom_Penh
Sarāi Mīr	IN	Asia/Kolkata
Thị Trấn Trùng Khánh	VN	Asia/Ho_Chi_Minh
Curionópolis	BR	America/Belem
Tacony	US	America/New_York
Tekwane	ZA	Africa/Johannesburg
Wao	PH	Asia/Manila
Trāl	IN	Asia/Kolkata
Arcata	US	America/Los_Angeles
Sunnybank Hills	AU	Australia/Brisbane
Oria	ES	Europe/Madrid
Amorebieta	ES	Europe/Madrid
Reinheim	DE	Europe/Berlin
Akalkuva	IN	Asia/Kolkata
Anamizu	JP	Asia/Tokyo
Belterra	BR	America/Santarem
Hannibal	US	America/Chicago
Kurayyimah	JO	Asia/Amman
Kosaya Gora	RU	Europe/Moscow
Westmead	AU	Australia/Sydney
Major Isidoro	BR	America/Maceio
Libiąż	PL	Europe/Warsaw
Cerro Azul	BR	America/Sao_Paulo
Porciúncula	BR	America/Sao_Paulo
Nishinoomote	JP	Asia/Tokyo
Nevel’	RU	Europe/Moscow
Bastia umbra	IT	Europe/Rome
Pilar	PH	Asia/Manila
São José dos Quatro Marcos	BR	America/Cuiaba
Zemio	CF	Africa/Bangui
Acqui Terme	IT	Europe/Rome
Leer	SS	Africa/Juba
Salaspils	LV	Europe/Riga
Glossop	GB	Europe/London
Bhīkhi	IN	Asia/Kolkata
Sīlappādi	IN	Asia/Kolkata
Holzwickede	DE	Europe/Berlin
Cercola	IT	Europe/Rome
Wahiawā	US	Pacific/Honolulu
Nima	CN	Asia/Shanghai
Colonial Heights	US	America/New_York
Arheilgen	DE	Europe/Berlin
Kulattuppālaiyam	IN	Asia/Kolkata
Bambous	MU	Indian/Mauritius
Bohodukhiv	UA	Europe/Kyiv
Orsay	FR	Europe/Paris
Choi Hung Estate	HK	Asia/Hong_Kong
Itanhém	BR	America/Bahia
St. Andrew-Windfields	CA	America/Toronto
Okpo	MM	Asia/Yangon
Didam	NL	Europe/Amsterdam
Raduzhnyy	RU	Europe/Moscow
Rāmachettipālaiyam	IN	Asia/Kolkata
Brakel	DE	Europe/Berlin
Saint-Amand-les-Eaux	FR	Europe/Paris
Hlybokaye	BY	Europe/Minsk
Teo	ES	Europe/Madrid
Jobabo	CU	America/Havana
Seyah Cheshmeh	IR	Asia/Tehran
Marion	US	America/Chicago
Weesp	NL	Europe/Amsterdam
Çerkeş	TR	Europe/Istanbul
Vobkent Shahri	UZ	Asia/Samarkand
Qo’shko’pir	UZ	Asia/Samarkand
Tshiame	ZA	Africa/Johannesburg
Moita	PT	Europe/Lisbon
Colonia	US	America/New_York
Jucurutu	BR	America/Fortaleza
Bexbach	DE	Europe/Berlin
Logansport	US	America/Indiana/Indianapolis
Eastwood	AU	Australia/Sydney
Bilgi	IN	Asia/Kolkata
Taufkirchen	DE	Europe/Berlin
Middelkerke	BE	Europe/Brussels
Zapolyarnyy	RU	Europe/Moscow
Aporá	BR	America/Bahia
La Pomme	FR	Europe/Paris
Aïn Beni Mathar	MA	Africa/Casablanca
Oswego	US	America/New_York
Capistrano	BR	America/Fortaleza
Le Pré-Saint-Gervais	FR	Europe/Paris
Santa Rosa	AR	America/Argentina/Salta
Santa María Ajoloapan	MX	America/Mexico_City
Lasarte	ES	Europe/Madrid
Mendefera	ER	Africa/Asmara
Lucé	FR	Europe/Paris
Otahuhu	NZ	Pacific/Auckland
Aprelevka	RU	Europe/Moscow
Domodossola	IT	Europe/Rome
Maïné Soroa	NE	Africa/Niamey
Kostrzyn nad Odrą	PL	Europe/Warsaw
Monthey	CH	Europe/Zurich
Braník	CZ	Europe/Prague
Les Clayes-sous-Bois	FR	Europe/Paris
Nāgamangala	IN	Asia/Kolkata
El Doncello	CO	America/Bogota
La Baule-Escoublac	FR	Europe/Paris
Dastgerd	IR	Asia/Tehran
Dęblin	PL	Europe/Warsaw
Sa‘īr	PS	Asia/Hebron
Ipinda	TZ	Africa/Dar_es_Salaam
Kortenberg	BE	Europe/Brussels
San Pa Tong	TH	Asia/Bangkok
Linda	US	America/Los_Angeles
Tinton Falls	US	America/New_York
Rawa Mazowiecka	PL	Europe/Warsaw
Tartarugalzinho	BR	America/Belem
Shāhpur	IN	Asia/Kolkata
Spennymoor	GB	Europe/London
Dāmnagar	IN	Asia/Kolkata
Kasterlee	BE	Europe/Brussels
Laguilayan	PH	Asia/Manila
Youchou	CN	Asia/Shanghai
Arroyo de la Miel	ES	Europe/Madrid
Yae	JP	Asia/Tokyo
Korsun-Shevchenkivskyi	UA	Europe/Kyiv
Seydi	TM	Asia/Ashgabat
Saýat	TM	Asia/Ashgabat
Cairu	BR	America/Bahia
Arpino	IT	Europe/Rome
Shiraoi	JP	Asia/Tokyo
Godfrey	US	America/Chicago
Tunapuna	TT	America/Port_of_Spain
Brookhaven-Amesbury	CA	America/Toronto
Manalur	IN	Asia/Kolkata
Markova	RU	Asia/Irkutsk
Portsmouth	US	America/New_York
Māḩiş	JO	Asia/Amman
Mto wa Mbu	TZ	Africa/Dar_es_Salaam
Ambaji	IN	Asia/Kolkata
Naaldwijk	NL	Europe/Amsterdam
Los Toldos	AR	America/Argentina/Buenos_Aires
Kedrovka	RU	Asia/Novokuznetsk
Times Square	US	America/New_York
Dorking	GB	Europe/London
Munster	DE	Europe/Berlin
Heinola	FI	Europe/Helsinki
Lugu	TW	Asia/Taipei
Gartenstadt	DE	Europe/Berlin
Kannod	IN	Asia/Kolkata
Uchiza	PE	America/Lima
Usevia	TZ	Africa/Dar_es_Salaam
West Garfield Park	US	America/Chicago
Toba	JP	Asia/Tokyo
Carmo	BR	America/Sao_Paulo
Jagiroad	IN	Asia/Kolkata
Labattoir	YT	Indian/Mayotte
La Unión	ES	Europe/Madrid
Willimantic	US	America/New_York
Piazza Armerina	IT	Europe/Rome
Don Antonio	MX	America/Mexico_City
Dniprorudne	UA	Europe/Kyiv
Kampung Jeli	MY	Asia/Kuala_Lumpur
Quipapá	BR	America/Recife
Liulin	CN	Asia/Shanghai
Kronberg	DE	Europe/Berlin
Chaguaramas	VE	America/Caracas
Patdi	IN	Asia/Kolkata
Calverton	US	America/New_York
Santuario	CO	America/Bogota
Mahudha	IN	Asia/Kolkata
Oxon Hill	US	America/New_York
Formosa da Serra Negra	BR	America/Fortaleza
Amersham on the Hill	GB	Europe/London
Nässjö	SE	Europe/Stockholm
Sacavém	PT	Europe/Lisbon
Vrouo	CI	Africa/Abidjan
Pirapemas	BR	America/Fortaleza
Takoma Park	US	America/New_York
Santana do Cariri	BR	America/Fortaleza
Baoutifla	CI	Africa/Abidjan
Wallingford	US	America/New_York
Sycamore	US	America/Chicago
Makinsk	KZ	Asia/Almaty
Cocoa	US	America/New_York
Centre de Flacq	MU	Indian/Mauritius
Salpêtrière	FR	Europe/Paris
Arsanjān	IR	Asia/Tehran
Belém	BR	America/Fortaleza
Jiuchi	CN	Asia/Shanghai
Kiyawa	NG	Africa/Lagos
Bolotnoye	RU	Asia/Novosibirsk
Cronulla	AU	Australia/Sydney
Mezőkövesd	HU	Europe/Budapest
Chettināyakkanpatti	IN	Asia/Kolkata
Abbey Wood	GB	Europe/London
Gotan	IN	Asia/Kolkata
Volgorechensk	RU	Europe/Moscow
Ngora	UG	Africa/Kampala
Kisoro	UG	Africa/Kampala
Martinsburg	US	America/New_York
Diepenbeek	BE	Europe/Brussels
Elias Fausto	BR	America/Sao_Paulo
Gbabam	CI	Africa/Abidjan
Mangalam	IN	Asia/Kolkata
La Concepción	PA	America/Panama
Tharu Shah	PK	Asia/Karachi
Espoonlahti	FI	Europe/Helsinki
Berezhany	UA	Europe/Kyiv
Babenhausen	DE	Europe/Berlin
Akitsu	JP	Asia/Tokyo
Quisqueya	DO	America/Santo_Domingo
La Breita	PE	America/Lima
Ingá	BR	America/Fortaleza
Marco Island	US	America/New_York
Lessines	BE	Europe/Brussels
Tiffin	US	America/New_York
Flórina	GR	Europe/Athens
Myślenice	PL	Europe/Warsaw
Banté	BJ	Africa/Porto-Novo
Sin-le-Noble	FR	Europe/Paris
Azamino	JP	Asia/Tokyo
Hunting Park	US	America/New_York
Toul	FR	Europe/Paris
Killarney	BS	America/Nassau
Peddanāyakkanpālaiyam	IN	Asia/Kolkata
Zimovniki	RU	Europe/Moscow
Utebo	ES	Europe/Madrid
Rutigliano	IT	Europe/Rome
Albert Lea	US	America/Chicago
Golden Triangle	US	America/New_York
Reftinskiy	RU	Asia/Yekaterinburg
Bad Aibling	DE	Europe/Berlin
Deba	NG	Africa/Lagos
Moreton	GB	Europe/London
Pozoblanco	ES	Europe/Madrid
Biddulph	GB	Europe/London
San José del Quince	MX	America/Mexico_City
Velp	NL	Europe/Amsterdam
Fresno	CO	America/Bogota
Baybay	PH	Asia/Manila
Paraibuna	BR	America/Sao_Paulo
Bishopstoke	GB	Europe/London
Kongsberg	NO	Europe/Oslo
Bairnsdale	AU	Australia/Melbourne
Harvestehude	DE	Europe/Berlin
Igbor	NG	Africa/Lagos
Bhuwāna	IN	Asia/Kolkata
Enem	RU	Europe/Moscow
Ribera	IT	Europe/Rome
Eshowe	ZA	Africa/Johannesburg
Güimar	ES	Atlantic/Canary
Kothanallur	IN	Asia/Kolkata
Svobody	RU	Europe/Moscow
Correntes	BR	America/Recife
Dolný Kubín	SK	Europe/Bratislava
Wakimachi	JP	Asia/Tokyo
Kobyłka	PL	Europe/Warsaw
Sint-Gillis-Waas	BE	Europe/Brussels
Alto Araguaia	BR	America/Cuiaba
Garching	DE	Europe/Berlin
Esquimalt	CA	America/Vancouver
Jona	CH	Europe/Zurich
Yumurtalık	TR	Europe/Istanbul
‘Eyn-e Do	IR	Asia/Tehran
Wahroonga	AU	Australia/Sydney
Terenos	BR	America/Campo_Grande
South Hadley	US	America/New_York
Goražde	BA	Europe/Sarajevo
Halver	DE	Europe/Berlin
Ferndown	GB	Europe/London
Atima	HN	America/Tegucigalpa
Estreito	BR	America/Fortaleza
Tai Shui Hang	HK	Asia/Hong_Kong
Huercal-Overa	ES	Europe/Madrid
Bālugān	IN	Asia/Kolkata
Juniata Park	US	America/New_York
Hazorasp	UZ	Asia/Samarkand
Yachi	JP	Asia/Tokyo
‘Ar‘ara BaNegev	IL	Asia/Jerusalem
Ixtapan de la Sal	MX	America/Mexico_City
Pleszew	PL	Europe/Warsaw
São Miguel do Tapuio	BR	America/Fortaleza
Shaw	US	America/New_York
El Carmen de Chucurí	CO	America/Bogota
Ebino	JP	Asia/Tokyo
Ocean Springs	US	America/Chicago
Frankenberg	DE	Europe/Berlin
Bellaria-Igea Marina	IT	Europe/Rome
Yongcheng	CN	Asia/Shanghai
Templin	DE	Europe/Berlin
Kherli	IN	Asia/Kolkata
‘Anjarah	JO	Asia/Amman
Port Melbourne	AU	Australia/Melbourne
Rahimatpur	IN	Asia/Kolkata
Cariré	BR	America/Fortaleza
Parets del Vallès	ES	Europe/Madrid
Naushahro Firoz	PK	Asia/Karachi
Candelaria	PR	America/Puerto_Rico
Taradale	CA	America/Edmonton
Marseille 16	FR	Europe/Paris
Nangavaram	IN	Asia/Kolkata
Hinsdale	US	America/Chicago
Padmapur	IN	Asia/Kolkata
Yangjiaying	CN	Asia/Shanghai
Brightwood	US	America/New_York
Ciénaga de Oro	CO	America/Bogota
Pipili	IN	Asia/Kolkata
Kotsyubynske	UA	Europe/Kyiv
Mühldorf	DE	Europe/Berlin
Sigatoka	FJ	Pacific/Fiji
Santiago Momoxpan	MX	America/Mexico_City
Tijucas do Sul	BR	America/Sao_Paulo
New Castle	US	America/Indiana/Indianapolis
Colbún	CL	America/Santiago
Vittal	IN	Asia/Kolkata
Koratti	IN	Asia/Kolkata
Winthrop	US	America/New_York
San Vito dei Normanni	IT	Europe/Rome
Altai	MN	Asia/Hovd
Babana	NG	Africa/Lagos
Nova Bavariya	UA	Europe/Kyiv
Äänekoski	FI	Europe/Helsinki
Pio IX	BR	America/Fortaleza
Lindenwold	US	America/New_York
Jiayi	CN	Asia/Urumqi
Egbe	NG	Africa/Lagos
Negotin	RS	Europe/Belgrade
Restrepo	CO	America/Bogota
Shirhatti	IN	Asia/Kolkata
Covilhã	PT	Europe/Lisbon
Scarborough	AU	Australia/Perth
Iati	BR	America/Recife
Devgarh	IN	Asia/Kolkata
Stowbtsy	BY	Europe/Minsk
Akasaka	JP	Asia/Tokyo
Muroto-misakicho	JP	Asia/Tokyo
Kenwood	US	America/Chicago
Ashtarak	AM	Asia/Yerevan
Gobu	AZ	Asia/Baku
Zaysan	KZ	Asia/Almaty
Istiqlol	TJ	Asia/Dushanbe
Darnytsya Car Repair Plant Microdistrict	UA	Europe/Kyiv
Butunduzi	UG	Africa/Kampala
Abejorral	CO	America/Bogota
Dārzciems	LV	Europe/Riga
Ararat	AM	Asia/Yerevan
Boqueirão	BR	America/Fortaleza
Tapolca	HU	Europe/Budapest
Bay City	US	America/Chicago
Yondó	CO	America/Bogota
Ubaitaba	BR	America/Bahia
Schmelz	DE	Europe/Berlin
Gjøvik	NO	Europe/Oslo
Goris	AM	Asia/Yerevan
Earlwood	AU	Australia/Sydney
Alumínio	BR	America/Sao_Paulo
Baoding	CN	Asia/Shanghai
Hopkins	US	America/Chicago
Bethnal Green	GB	Europe/London
Bargi	IN	Asia/Kolkata
Aci Castello	IT	Europe/Rome
Ad Dasmah	KW	Asia/Kuwait
Gameleira	BR	America/Recife
Dunbage	CN	Asia/Urumqi
Mölnlycke	SE	Europe/Stockholm
Allendale	US	America/Detroit
Maharda	SY	Asia/Damascus
University City	US	America/New_York
Paipu	CN	Asia/Shanghai
Ovrīn	IR	Asia/Tehran
Back Bay	US	America/New_York
Fiddlesticks	CA	America/Toronto
Ware	GB	Europe/London
Jarwal	IN	Asia/Kolkata
Villeneuve-le-Roi	FR	Europe/Paris
Água Branca	BR	America/Fortaleza
Compostela	MX	America/Mazatlan
Wo Che	HK	Asia/Hong_Kong
Menasha	US	America/Chicago
Sagrada Familia	CL	America/Santiago
Nichlaul	IN	Asia/Kolkata
Słubice	PL	Europe/Warsaw
Chon Daen	TH	Asia/Bangkok
Százhalombatta	HU	Europe/Budapest
Alipur	PK	Asia/Karachi
Palos Hills	US	America/Chicago
Zeralda	DZ	Africa/Algiers
Bianouan	CI	Africa/Abidjan
Salonta	RO	Europe/Bucharest
Haar	DE	Europe/Berlin
Kānke	IN	Asia/Kolkata
Prunedale	US	America/Los_Angeles
Vazhapadi	IN	Asia/Kolkata
Arroio Grande	BR	America/Sao_Paulo
Chinde	MZ	Africa/Maputo
Culpeper	US	America/New_York
Stevenson Ranch	US	America/Los_Angeles
Achhībal	IN	Asia/Kolkata
Baffa	PK	Asia/Karachi
La Paz	HN	America/Tegucigalpa
Middelharnis	NL	Europe/Amsterdam
Kronberg Tal	DE	Europe/Berlin
Romano di Lombardia	IT	Europe/Rome
Papanasam	IN	Asia/Kolkata
Tai Mei Tuk	HK	Asia/Hong_Kong
Pangtara	MM	Asia/Yangon
South Houston	US	America/Chicago
Heroica Ciudad de Tlaxiaco	MX	America/Mexico_City
Gadani	PK	Asia/Karachi
Tebela	ET	Africa/Addis_Ababa
Kobuleti	GE	Asia/Tbilisi
Miramichi	CA	America/Moncton
Raipur	IN	Asia/Kolkata
Kodoli	IN	Asia/Kolkata
Komagome	JP	Asia/Tokyo
Ramada	PT	Europe/Lisbon
Chaves	PT	Europe/Lisbon
Palo	PH	Asia/Manila
Esperanza	PH	Asia/Manila
Dursunbey	TR	Europe/Istanbul
Tājpur	IN	Asia/Kolkata
Kampung Simpang Renggam	MY	Asia/Kuala_Lumpur
Mazargues	FR	Europe/Paris
Anadia	BR	America/Maceio
Kadogawa	JP	Asia/Tokyo
Nyborg	DK	Europe/Copenhagen
Saint-Jean-de-la-Ruelle	FR	Europe/Paris
Bānki	IN	Asia/Kolkata
Settiyārpatti	IN	Asia/Kolkata
Kirksville	US	America/Chicago
Batemans Bay	AU	Australia/Sydney
Apicum-Açu	BR	America/Fortaleza
Hopa	TR	Europe/Istanbul
Negotino	MK	Europe/Skopje
Zielonka	PL	Europe/Warsaw
Malacacheta	BR	America/Sao_Paulo
Morlaix	FR	Europe/Paris
North Guwāhāti	IN	Asia/Kolkata
Vredefort	ZA	Africa/Johannesburg
Maltby	GB	Europe/London
Ivanovka	KG	Asia/Bishkek
Tallmadge	US	America/New_York
Presidente Sarney	BR	America/Fortaleza
Niagara-on-the-Lake	CA	America/Toronto
Victoria Village	CA	America/Toronto
Madhuban	IN	Asia/Kolkata
North Babylon	US	America/New_York
Adriano	IT	Europe/Rome
Axochiapan	MX	America/Mexico_City
Lat Yao	TH	Asia/Bangkok
McKenzie Towne	CA	America/Edmonton
Liuyin	CN	Asia/Shanghai
Bağlar Mahallesi	TR	Europe/Istanbul
Piratini	BR	America/Sao_Paulo
Sigli	ID	Asia/Jakarta
Boujniba	MA	Africa/Casablanca
Thị Trấn Ba Chẽ	VN	Asia/Bangkok
Kamigotō	JP	Asia/Tokyo
Montemurlo	IT	Europe/Rome
Walcourt	BE	Europe/Brussels
Bayswater	GB	Europe/London
Laflèche	CA	America/Toronto
Jatāra	IN	Asia/Kolkata
Bānapur	IN	Asia/Kolkata
Al Mizhar First	AE	Asia/Dubai
Villa del Rosario	AR	America/Argentina/Cordoba
Brasnorte	BR	America/Cuiaba
Aginskoye	RU	Asia/Chita
Mesquite	US	America/Los_Angeles
Bendorf	DE	Europe/Berlin
Carigara	PH	Asia/Manila
Denizciler	TR	Europe/Istanbul
Kholmskiy	RU	Europe/Moscow
Palera	IN	Asia/Kolkata
Baymak	RU	Asia/Yekaterinburg
Puerto Rico	AR	America/Argentina/Cordoba
Ilām	NP	Asia/Kathmandu
Taşköprü	TR	Europe/Istanbul
Warminster	GB	Europe/London
Indri	IN	Asia/Kolkata
Ariccia	IT	Europe/Rome
Xiaba	CN	Asia/Shanghai
Progreso de Obregón	MX	America/Mexico_City
Gwadabawa	NG	Africa/Lagos
Kalmthout	BE	Europe/Brussels
Quillón	CL	America/Santiago
Karukh	AF	Asia/Kabul
Tuantian	CN	Asia/Shanghai
New Philadelphia	US	America/New_York
Villa Sarmiento	AR	America/Argentina/Buenos_Aires
Arbatache	DZ	Africa/Algiers
Bodrī	IN	Asia/Kolkata
Pennāgaram	IN	Asia/Kolkata
Kallūr Tekkumuri	IN	Asia/Kolkata
Urucuia	BR	America/Sao_Paulo
Radlin	PL	Europe/Warsaw
Sylvan Lake	CA	America/Edmonton
Arta	DJ	Africa/Djibouti
Dharmapuram	IN	Asia/Kolkata
Porriño	ES	Europe/Madrid
Ciudad de Huitzuco	MX	America/Mexico_City
Bu’aale	SO	Africa/Mogadishu
Depālpur	IN	Asia/Kolkata
Nizhnyaya Salda	RU	Asia/Yekaterinburg
Saint Matthews	US	America/Kentucky/Louisville
Valdebernardo	ES	Europe/Madrid
Miharu	JP	Asia/Tokyo
Yovon	TJ	Asia/Dushanbe
Nueva Granada	CO	America/Bogota
Al-Minyā al-Jadīdah	EG	Africa/Cairo
Portogruaro	IT	Europe/Rome
Nanganga	TZ	Africa/Dar_es_Salaam
Beli	NG	Africa/Lagos
Vysočany	CZ	Europe/Prague
Mūndwa	IN	Asia/Kolkata
Tembedgha	MR	Africa/Nouakchott
Wijk bij Duurstede	NL	Europe/Amsterdam
Saint-Lin-Laurentides	CA	America/Toronto
Maitland	US	America/New_York
Auhammadpur Mājri	IN	Asia/Kolkata
Tādigadapa	IN	Asia/Kolkata
Cruz do Espírito Santo	BR	America/Fortaleza
Illela	NG	Africa/Lagos
Vovchansk	UA	Europe/Kyiv
Walton-on-the-Naze	GB	Europe/London
Montargis	FR	Europe/Paris
Tzaneen	ZA	Africa/Johannesburg
Broken Hill	AU	Australia/Broken_Hill
Atuntaqui	EC	America/Guayaquil
North Aurora	US	America/Chicago
Morningside	CA	America/Toronto
Al ‘Ayzarīyah	PS	Asia/Hebron
Safety Harbor	US	America/New_York
Fīrūzkūh	IR	Asia/Tehran
Skvyra	UA	Europe/Kyiv
Valley East	CA	America/Toronto
Maliu	CN	Asia/Shanghai
Murcia	PH	Asia/Manila
Yorosso	ML	Africa/Bamako
Peçanha	BR	America/Sao_Paulo
Calangute	IN	Asia/Kolkata
Akhaltsikhe	GE	Asia/Tbilisi
Panórama	GR	Europe/Athens
Andahuaylas	PE	America/Lima
Rio Pomba	BR	America/Sao_Paulo
Sarāi Ākil	IN	Asia/Kolkata
Garba Tula	KE	Africa/Nairobi
Renningen	DE	Europe/Berlin
Tanji	GM	Africa/Banjul
Parit Raja	MY	Asia/Kuala_Lumpur
North Canton	US	America/New_York
Rosana	BR	America/Sao_Paulo
Nalerigu	GH	Africa/Accra
Obispos	VE	America/Caracas
Ciriè	IT	Europe/Rome
Nova Era	BR	America/Sao_Paulo
Nīsang	IN	Asia/Kolkata
Panoor	IN	Asia/Kolkata
Soisy-sous-Montmorency	FR	Europe/Paris
Bad Tölz	DE	Europe/Berlin
Bischheim	FR	Europe/Paris
Amet	IN	Asia/Kolkata
Matões do Norte	BR	America/Fortaleza
Bareta	IN	Asia/Kolkata
Le Roux	ZA	Africa/Johannesburg
Flers	FR	Europe/Paris
Puthūr	IN	Asia/Kolkata
Kavisuryanagar	IN	Asia/Kolkata
San Pedro	BZ	America/Belize
Nordstadt	DE	Europe/Berlin
Nümbrecht	DE	Europe/Berlin
Pedregal	PA	America/Panama
Kadoorie	HK	Asia/Hong_Kong
Aoi	JP	Asia/Tokyo
Hāt Piplia	IN	Asia/Kolkata
East Hemet	US	America/Los_Angeles
Delcevo	MK	Europe/Skopje
Viradouro	BR	America/Sao_Paulo
Ban Phe	TH	Asia/Bangkok
Saraktash	RU	Asia/Yekaterinburg
Ban Selaphum	TH	Asia/Bangkok
Bhundsi	IN	Asia/Kolkata
Sapeaçu	BR	America/Bahia
Hongguang Qidui	CN	Asia/Shanghai
Viljandi	EE	Europe/Tallinn
Oi Man Estate	HK	Asia/Hong_Kong
Zaïbo	CI	Africa/Abidjan
Ranst	BE	Europe/Brussels
Borda da Mata	BR	America/Sao_Paulo
Marly-le-Roi	FR	Europe/Paris
Oerlinghausen	DE	Europe/Berlin
Naregal	IN	Asia/Kolkata
White Oak	US	America/New_York
Radford	US	America/New_York
Deux-Montagnes	CA	America/Toronto
San Rafael de Onoto	VE	America/Caracas
Bermo	IN	Asia/Kolkata
Shioiri	JP	Asia/Tokyo
Lyepyel’	BY	Europe/Minsk
Khongapani	IN	Asia/Kolkata
Rakivka	UA	Europe/Kyiv
Huilango	MX	America/Mexico_City
Lansdowne	ZA	Africa/Johannesburg
Arele	CN	Asia/Urumqi
Tillmans Corner	US	America/Chicago
Les Coteaux	CA	America/Toronto
Pādegān-e Manjīl	IR	Asia/Tehran
Ducos	MQ	America/Martinique
Maganoy	PH	Asia/Manila
São Domingos do Prata	BR	America/Sao_Paulo
Abelardo Luz	BR	America/Sao_Paulo
Bukit Rambai	MY	Asia/Kuala_Lumpur
Lattes	FR	Europe/Paris
Rejas	ES	Europe/Madrid
El Asintal	GT	America/Guatemala
Joaquim Gomes	BR	America/Maceio
Central Saanich	CA	America/Vancouver
Mareth	TN	Africa/Tunis
Vila Bela da Santíssima Trindade	BR	America/Cuiaba
Louth	GB	Europe/London
Nicetown-Tioga	US	America/New_York
Detroit-Shoreway	US	America/New_York
Mirandola	IT	Europe/Rome
Bukit Gemuroh	MY	Asia/Kuala_Lumpur
Chudovo	RU	Europe/Moscow
Gelligaer	GB	Europe/London
Wamba	CD	Africa/Lubumbashi
Kralupy nad Vltavou	CZ	Europe/Prague
Lebbeke	BE	Europe/Brussels
Bagdogra	IN	Asia/Kolkata
Indergarh	IN	Asia/Kolkata
Boksitogorsk	RU	Europe/Moscow
Hummelsbüttel	DE	Europe/Berlin
Enkhuizen	NL	Europe/Amsterdam
Moosburg	DE	Europe/Berlin
Kantyshevo	RU	Europe/Moscow
Wittstock	DE	Europe/Berlin
Wilton	US	America/New_York
Lāsalgaon	IN	Asia/Kolkata
Pari	BR	America/Sao_Paulo
Sleaford	GB	Europe/London
Yasnyy	RU	Asia/Yekaterinburg
Houba	CN	Asia/Shanghai
San Giovanni in Fiore	IT	Europe/Rome
Kommunar	RU	Europe/Moscow
Periyakottai	IN	Asia/Kolkata
Aileu	TL	Asia/Dili
Pombal	PT	Europe/Lisbon
Mers El Kheir	MA	Africa/Casablanca
Huoshilafu	CN	Asia/Urumqi
Gavrilov-Yam	RU	Europe/Moscow
Coventry Hills	CA	America/Edmonton
Qarqūzah	LY	Africa/Tripoli
Anoka	US	America/Chicago
Lilydale	AU	Australia/Melbourne
Bulgan	MN	Asia/Ulaanbaatar
Ezzouhour	TN	Africa/Tunis
San Bonifacio	IT	Europe/Rome
Mehtar Lām	AF	Asia/Kabul
Al Hilāliyya	SD	Africa/Khartoum
East Cleveland	US	America/New_York
Sudbury	US	America/New_York
Ilongero	TZ	Africa/Dar_es_Salaam
Bhopalwala	PK	Asia/Karachi
Wervik	BE	Europe/Brussels
Tonj	SS	Africa/Juba
Solrød Strand	DK	Europe/Copenhagen
Saint-Cyr-sur-Loire	FR	Europe/Paris
Sanhe	CN	Asia/Shanghai
Phirangipuram	IN	Asia/Kolkata
Edakkazhiyūr	IN	Asia/Kolkata
Agropoli	IT	Europe/Rome
Padre Paraíso	BR	America/Sao_Paulo
Jianshan	CN	Asia/Shanghai
Munkkiniemi	FI	Europe/Helsinki
Fontarrón	ES	Europe/Madrid
Haydock	GB	Europe/London
Rathfarnham	IE	Europe/Dublin
Polyarnyy	RU	Europe/Moscow
Hillside	AU	Australia/Melbourne
Ejea de los Caballeros	ES	Europe/Madrid
Riva del Garda	IT	Europe/Rome
Nārsala	IN	Asia/Kolkata
Paolo VI	IT	Europe/Rome
Plainville	US	America/New_York
Keezhkulam	IN	Asia/Kolkata
Germasógeia	CY	Asia/Nicosia
Meerane	DE	Europe/Berlin
Discovery Park	HK	Asia/Hong_Kong
Jalalpore	IN	Asia/Kolkata
Sidi Allal El Bahraoui	MA	Africa/Casablanca
San Pietro a Patierno	IT	Europe/Rome
Kawasaki	JP	Asia/Tokyo
Media Legua	ES	Europe/Madrid
Chhala	IN	Asia/Kolkata
Poptún	GT	America/Guatemala
Eman	CN	Asia/Shanghai
Fos-sur-Mer	FR	Europe/Paris
Mae Ramat	TH	Asia/Bangkok
Castelfranco Emilia	IT	Europe/Rome
Říčany	CZ	Europe/Prague
Cham	DE	Europe/Berlin
Otacílio Costa	BR	America/Sao_Paulo
La Cruz	CL	America/Santiago
Lom Sak	TH	Asia/Bangkok
Arcueil	FR	Europe/Paris
Oberasbach	DE	Europe/Berlin
Sivagirippatti	IN	Asia/Kolkata
Vilaseca	ES	Europe/Madrid
La Pineda	ES	Europe/Madrid
Valenza	IT	Europe/Rome
Āthagarh	IN	Asia/Kolkata
Huimin	CN	Asia/Shanghai
Ada	US	America/Chicago
Middletown	US	America/New_York
Onex	CH	Europe/Zurich
Lakhnādon	IN	Asia/Kolkata
Hokmali	AZ	Asia/Baku
Kemer	TR	Europe/Istanbul
Namavundu	UG	Africa/Kampala
Tres Valles	MX	America/Mexico_City
Haukipudas	FI	Europe/Helsinki
Mountsorrel	GB	Europe/London
Lewes	GB	Europe/London
Erlang	CN	Asia/Shanghai
Thorne	GB	Europe/London
Tiszaújváros	HU	Europe/Budapest
Glassmanor	US	America/New_York
South Orange	US	America/New_York
Stabroek	BE	Europe/Brussels
Loikaw	MM	Asia/Yangon
Fuyong	CN	Asia/Shanghai
Fomboni	KM	Indian/Comoro
Cap-Rouge	CA	America/Toronto
Zolder	BE	Europe/Brussels
Idylwood	US	America/New_York
Yabuki	JP	Asia/Tokyo
Seabrook	US	America/New_York
Kouka	BF	Africa/Ouagadougou
Calceta	EC	America/Guayaquil
Durant	US	America/Chicago
Santo Antônio do Amparo	BR	America/Sao_Paulo
Talwandi Bhai	IN	Asia/Kolkata
Takhatgarh	IN	Asia/Kolkata
Benoy	TD	Africa/Ndjamena
Lingolsheim	FR	Europe/Paris
Igusa	JP	Asia/Tokyo
Préveza	GR	Europe/Athens
Adam	OM	Asia/Muscat
Killingly Center	US	America/New_York
Kings Park	US	America/New_York
Saint-Augustin-de-Desmaures	CA	America/Toronto
Moïssala	TD	Africa/Ndjamena
Michelstadt	DE	Europe/Berlin
Haslemere	GB	Europe/London
Fornacelle	IT	Europe/Rome
Dadhar	PK	Asia/Karachi
Calne	GB	Europe/London
Mūlki	IN	Asia/Kolkata
Arinos	BR	America/Sao_Paulo
Wörth am Rhein	DE	Europe/Berlin
Kāttatturai	IN	Asia/Kolkata
Canby	US	America/Los_Angeles
Chiquinquirá	VE	America/Caracas
San Cristobal	ES	Europe/Madrid
Bhānpurī	IN	Asia/Kolkata
Evington	GB	Europe/London
Kulasegaram	IN	Asia/Kolkata
Khabarābād	IR	Asia/Tehran
Cassano d'Adda	IT	Europe/Rome
Vitré	FR	Europe/Paris
Poplar Bluff	US	America/Chicago
Deori	IN	Asia/Kolkata
Nilagiri	IN	Asia/Kolkata
Nhà Bè	VN	Asia/Ho_Chi_Minh
Belem	GW	Africa/Bissau
San Salvador El Seco	MX	America/Mexico_City
Tui	ES	Europe/Madrid
Casa Blanca	MX	America/Mexico_City
Mannarai	IN	Asia/Kolkata
Suvorovskaya	RU	Europe/Moscow
Schlüchtern	DE	Europe/Berlin
Pollença	ES	Europe/Madrid
Glanerbrug	NL	Europe/Amsterdam
Mala	PE	America/Lima
Ouaké	BJ	Africa/Porto-Novo
Maynooth	IE	Europe/Dublin
Jagalūr	IN	Asia/Kolkata
Ajara	IN	Asia/Kolkata
Bhikshāndārkovil	IN	Asia/Kolkata
Moraga	US	America/Los_Angeles
Quelfes	PT	Europe/Lisbon
Venturosa	BR	America/Recife
Vitry-le-François	FR	Europe/Paris
Friern Barnet	GB	Europe/London
Sonobe	JP	Asia/Tokyo
Kretinga	LT	Europe/Vilnius
Gongtan	CN	Asia/Shanghai
Palangarai	IN	Asia/Kolkata
Chenini Nahal	TN	Africa/Tunis
Slaný	CZ	Europe/Prague
Virajpet	IN	Asia/Kolkata
Pieksämäki	FI	Europe/Helsinki
Arsk	RU	Europe/Moscow
Əhmədbəyli	AZ	Asia/Baku
Nārnaund	IN	Asia/Kolkata
Redland	US	America/New_York
Zürich (Kreis 11) / Affoltern	CH	Europe/Zurich
Tak Bai	TH	Asia/Bangkok
Cocal do Sul	BR	America/Sao_Paulo
Pudūr	IN	Asia/Kolkata
Krommenie	NL	Europe/Amsterdam
Te Atatu South	NZ	Pacific/Auckland
Lincoln	NZ	Pacific/Auckland
Fada	TD	Africa/Ndjamena
Otrokovice	CZ	Europe/Prague
Rožnov pod Radhoštěm	CZ	Europe/Prague
Bālugaon	IN	Asia/Kolkata
Ílhavo	PT	Europe/Lisbon
Torvaianica	IT	Europe/Rome
Amarante	BR	America/Fortaleza
Munder Buiten	SR	America/Paramaribo
Kangaba	ML	Africa/Bamako
Massapequa Park	US	America/New_York
Puerto Triunfo	CO	America/Bogota
Elbeuf	FR	Europe/Paris
Irivēri	IN	Asia/Kolkata
Cipó	BR	America/Bahia
Heilbad Heiligenstadt	DE	Europe/Berlin
Navalmoral de la Mata	ES	Europe/Madrid
Bilthra	IN	Asia/Kolkata
Alnāvar	IN	Asia/Kolkata
Resplendor	BR	America/Sao_Paulo
Nantwich	GB	Europe/London
Tekkeköy	TR	Europe/Istanbul
Kuna	US	America/Boise
Khowa	ZA	Africa/Johannesburg
Lima Duarte	BR	America/Sao_Paulo
Tuchang	CN	Asia/Shanghai
Passagem Franca	BR	America/Fortaleza
Iyesi	NG	Africa/Lagos
Gribanovskiy	RU	Europe/Moscow
Foley	US	America/Chicago
Lalla Mimouna	MA	Africa/Casablanca
Bahé-Blaon	CI	Africa/Abidjan
Promyshlennaya	RU	Asia/Novokuznetsk
Seaford	AU	Australia/Melbourne
Palmarito Tochapan	MX	America/Mexico_City
Cambundi Catembo	AO	Africa/Luanda
Cambundi	AO	Africa/Luanda
Cambundi	AO	Africa/Luanda
Sanxenxo	ES	Europe/Madrid
Parede	PT	Europe/Lisbon
Kibara	TZ	Africa/Dar_es_Salaam
Carnaubal	BR	America/Fortaleza
Buritama	BR	America/Sao_Paulo
Itacarambi	BR	America/Sao_Paulo
Anaimalai	IN	Asia/Kolkata
Ruskin	US	America/New_York
Sīmīn Shahr	IR	Asia/Tehran
Santa-Luzia	GW	Africa/Bissau
Jamay	MX	America/Mexico_City
Bossembélé	CF	Africa/Bangui
Hermiston	US	America/Los_Angeles
Nehram	AZ	Asia/Baku
Terra Boa	BR	America/Sao_Paulo
Siwei	CN	Asia/Shanghai
Sitangkai	PH	Asia/Manila
Laem Ngop	TH	Asia/Bangkok
Lérida	CO	America/Bogota
Nederland	US	America/Chicago
Banabuiú	BR	America/Fortaleza
Bramhall	GB	Europe/London
Guru Har Sahāi	IN	Asia/Kolkata
Wolfratshausen	DE	Europe/Berlin
Wudong	CN	Asia/Shanghai
Araruna	BR	America/Fortaleza
Glen Parva	GB	Europe/London
Tsuiki	JP	Asia/Tokyo
Breyten	ZA	Africa/Johannesburg
Petawawa	CA	America/Toronto
Lospalos	TL	Asia/Dili
Beekhuizen	SR	America/Paramaribo
Greenfield	US	America/Los_Angeles
Blomberg	DE	Europe/Berlin
Tangla	IN	Asia/Kolkata
Ngerengere	TZ	Africa/Dar_es_Salaam
Danforth East York	CA	America/Toronto
Heishui	CN	Asia/Shanghai
Cacimba de Dentro	BR	America/Fortaleza
Condeúba	BR	America/Bahia
Kochkor-Ata	KG	Asia/Bishkek
Korsholm	FI	Europe/Helsinki
Ashwaubenon	US	America/Chicago
Dolores	UY	America/Montevideo
Tena	EC	America/Guayaquil
Santa Bárbara	GT	America/Guatemala
Yirkā	IL	Asia/Jerusalem
Falköping	SE	Europe/Stockholm
Barrett Town	JM	America/Jamaica
Serinhisar	TR	Europe/Istanbul
Chisasa	ZM	Africa/Lusaka
Pebane	MZ	Africa/Maputo
Radzionków	PL	Europe/Warsaw
Châtelineau	BE	Europe/Brussels
Zaslawye	BY	Europe/Minsk
Mendarda	IN	Asia/Kolkata
Luduş	RO	Europe/Bucharest
Traiguén	CL	America/Santiago
Longshe	CN	Asia/Shanghai
Ermitagaña	ES	Europe/Madrid
Massaranduba	BR	America/Sao_Paulo
Harlesden	GB	Europe/London
Poção de Pedras	BR	America/Fortaleza
Romsey	GB	Europe/London
Primrose Place	GB	Europe/London
Berga	ES	Europe/Madrid
Kanifing	GM	Africa/Banjul
Tanque Novo	BR	America/Bahia
Playa del Ingles	ES	Atlantic/Canary
Międzyrzec Podlaski	PL	Europe/Warsaw
Live Oak	US	America/Los_Angeles
Altinópolis	BR	America/Sao_Paulo
Brockley	GB	Europe/London
Cássia	BR	America/Sao_Paulo
Tejuçuoca	BR	America/Fortaleza
Juquiá	BR	America/Sao_Paulo
Tradate	IT	Europe/Rome
São Paulo de Frades	PT	Europe/Lisbon
Eiras	PT	Europe/Lisbon
Morocelí	HN	America/Tegucigalpa
Devínska Nová Ves	SK	Europe/Bratislava
Toay	AR	America/Argentina/Salta
Perdizes	BR	America/Sao_Paulo
Bom Sucesso	BR	America/Sao_Paulo
Sake	CD	Africa/Lubumbashi
Castilleja de la Cuesta	ES	Europe/Madrid
Monsenhor Tabosa	BR	America/Fortaleza
Taleigao	IN	Asia/Kolkata
Albadéria	GN	Africa/Conakry
Balāţah	PS	Asia/Hebron
Veracruz	PA	America/Panama
Mahayag	PH	Asia/Manila
Itaquitinga	BR	America/Recife
Engadine	AU	Australia/Sydney
Wanshui	CN	Asia/Shanghai
Bristol	US	America/New_York
Pallasovka	RU	Europe/Volgograd
Novoul’yanovsk	RU	Europe/Ulyanovsk
Derhachi	UA	Europe/Kyiv
Zossen	DE	Europe/Berlin
Terzigno	IT	Europe/Rome
Steenwijk	NL	Europe/Amsterdam
Ipaba	BR	America/Sao_Paulo
Frankford	US	America/New_York
Okolona	US	America/Kentucky/Louisville
Selb	DE	Europe/Berlin
Mboursou Léré	TD	Africa/Ndjamena
Bayside	US	America/Los_Angeles
Footscray	AU	Australia/Melbourne
Sa‘ādat Shahr	IR	Asia/Tehran
Kepala Batas	MY	Asia/Kuala_Lumpur
Haaltert	BE	Europe/Brussels
Jāwad	IN	Asia/Kolkata
Kamiōi	JP	Asia/Tokyo
Dutse	NG	Africa/Lagos
Adustina	BR	America/Bahia
San Salvador Atenco	MX	America/Mexico_City
Tirebolu	TR	Europe/Istanbul
Wyckoff	US	America/New_York
Pouso Redondo	BR	America/Sao_Paulo
Kennedy Park	CA	America/Toronto
Uttarkāshi	IN	Asia/Kolkata
Basukinath	IN	Asia/Kolkata
San Salvo	IT	Europe/Rome
Gualaceo	EC	America/Guayaquil
Al-'Alūaṣ	LY	Africa/Tripoli
Rožňava	SK	Europe/Bratislava
Phu Khiao	TH	Asia/Bangkok
Woodmere	US	America/New_York
Wenjī	ET	Africa/Addis_Ababa
Ciudad Guadalupe Victoria	MX	America/Tijuana
Kampung Bertam Ulu	MY	Asia/Kuala_Lumpur
Bom Jesus do Tocantins	BR	America/Belem
Gubadag	TM	Asia/Ashgabat
Corbélia	BR	America/Sao_Paulo
Zürich (Kreis 10) / Höngg	CH	Europe/Zurich
Gescher	DE	Europe/Berlin
Naarden	NL	Europe/Amsterdam
Rotherbaum	DE	Europe/Berlin
Rājgarh	IN	Asia/Kolkata
Ipueiras	BR	America/Fortaleza
La Azulita	VE	America/Caracas
Belo Campo	BR	America/Bahia
Albenga	IT	Europe/Rome
Caconde	BR	America/Sao_Paulo
Sashiōgi	JP	Asia/Tokyo
Ayyalur	IN	Asia/Kolkata
Hexing	CN	Asia/Shanghai
Elmschenhagen	DE	Europe/Berlin
Kolaccheri	IN	Asia/Kolkata
Busko-Zdrój	PL	Europe/Warsaw
Huntington	US	America/Indiana/Indianapolis
Imperial	US	America/Los_Angeles
Nāranammālpuram	IN	Asia/Kolkata
Sakassou	CI	Africa/Abidjan
Shajing Residential District	CN	Asia/Shanghai
Puma	TZ	Africa/Dar_es_Salaam
Boumia	MA	Africa/Casablanca
Mata Roma	BR	America/Fortaleza
San Esteban	CL	America/Santiago
Blantyre	GB	Europe/London
Albolote	ES	Europe/Madrid
Chālakilakākara	IN	Asia/Kolkata
Shaktinagar	IN	Asia/Kolkata
Piquet Carneiro	BR	America/Fortaleza
Pokachi	RU	Asia/Yekaterinburg
Tensta	SE	Europe/Stockholm
Amroli	IN	Asia/Kolkata
Chalāla	IN	Asia/Kolkata
Wayne	US	America/Detroit
Ibititá	BR	America/Bahia
Banaz	TR	Europe/Istanbul
Pradópolis	BR	America/Sao_Paulo
Ardea	IT	Europe/Rome
Condeixa-a-Nova	PT	Europe/Lisbon
White Settlement	US	America/Chicago
Jenipapo dos Vieiras	BR	America/Fortaleza
Samālka	IN	Asia/Kolkata
Kozienice	PL	Europe/Warsaw
Sítio Novo	BR	America/Fortaleza
Vimodrone	IT	Europe/Rome
Guapiara	BR	America/Sao_Paulo
Cidreira	BR	America/Sao_Paulo
Xiulin	TW	Asia/Taipei
Svalyava	UA	Europe/Kyiv
Pedra Branca do Amapari	BR	America/Belem
Ramsbottom	GB	Europe/London
Mēppādam	IN	Asia/Kolkata
Horasan	TR	Europe/Istanbul
Serra Dourada	BR	America/Bahia
Crixás	BR	America/Sao_Paulo
Tangfang	CN	Asia/Shanghai
Minaminagareyama	JP	Asia/Tokyo
Mariakerke	BE	Europe/Brussels
Indiara	BR	America/Sao_Paulo
Mémót	KH	Asia/Phnom_Penh
Lutuhyne	UA	Europe/Kyiv
Takanini	NZ	Pacific/Auckland
Kaouéni	YT	Indian/Mayotte
Grand Gosier	HT	America/Port-au-Prince
Eloy	US	America/Phoenix
Madambakkam	IN	Asia/Kolkata
Paulino Neves	BR	America/Fortaleza
Trentola-Ducenta	IT	Europe/Rome
Beckley	US	America/New_York
Nongpoh	IN	Asia/Kolkata
Visé	BE	Europe/Brussels
Conglin	CN	Asia/Shanghai
Mahiari	IN	Asia/Kolkata
Porteiras	BR	America/Fortaleza
Souto Soares	BR	America/Bahia
Plast	RU	Asia/Yekaterinburg
Naraina	IN	Asia/Kolkata
Kokōtamangalam South	IN	Asia/Kolkata
Mentana	IT	Europe/Rome
Ilhota	BR	America/Sao_Paulo
Castilla	ES	Europe/Madrid
Alfragide	PT	Europe/Lisbon
Ouinhi	BJ	Africa/Porto-Novo
Gossau	CH	Europe/Zurich
Monzón	ES	Europe/Madrid
Mahébourg	MU	Indian/Mauritius
Broad Ripple	US	America/Indiana/Indianapolis
Bredbury	GB	Europe/London
Teonthar	IN	Asia/Kolkata
Kiruna	SE	Europe/Stockholm
El Segundo	US	America/Los_Angeles
Jigani	IN	Asia/Kolkata
Ribeirópolis	BR	America/Maceio
Wakaf Baharu	MY	Asia/Kuala_Lumpur
Sumé	BR	America/Fortaleza
Solânea	BR	America/Fortaleza
Nayāgarh	IN	Asia/Kolkata
Nerviano	IT	Europe/Rome
Kusum Pur	IN	Asia/Kolkata
Hochheim am Main	DE	Europe/Berlin
Benešov	CZ	Europe/Prague
Mwingi	KE	Africa/Nairobi
São Sepé	BR	America/Sao_Paulo
Den Chai	TH	Asia/Bangkok
Piranga	BR	America/Sao_Paulo
Poio	ES	Europe/Madrid
Chisec	GT	America/Guatemala
Takatsukadai	JP	Asia/Tokyo
Río Blanco	NI	America/Managua
Heysham	GB	Europe/London
Eravattūr	IN	Asia/Kolkata
Holden	US	America/New_York
Tapauá	BR	America/Manaus
Taxkowrük	CN	Asia/Urumqi
Nawābganj	IN	Asia/Kolkata
Karratha	AU	Australia/Perth
Villaquilambre	ES	Europe/Madrid
Maghar	IN	Asia/Kolkata
São Pedro da Cova	PT	Europe/Lisbon
Avenel	US	America/New_York
Manaquiri	BR	America/Manaus
Ting Kau	HK	Asia/Hong_Kong
Maféré	CI	Africa/Abidjan
Varam	IN	Asia/Kolkata
Ryl’sk	RU	Europe/Moscow
East Setauket	US	America/New_York
Dulsberg	DE	Europe/Berlin
San Fernando de Monte Cristi	DO	America/Santo_Domingo
Vila Real	PT	Europe/Lisbon
Nong Kung Si	TH	Asia/Bangkok
Londuimbali	AO	Africa/Luanda
Parvomay	BG	Europe/Sofia
Kalodzishchy	BY	Europe/Minsk
Vanier	CA	America/Toronto
Tadó	CO	America/Bogota
Duayaw-Nkwanta	GH	Africa/Accra
Bechem	GH	Africa/Accra
Nīkshahr	IR	Asia/Tehran
Banlung	KH	Asia/Phnom_Penh
Sadabe	MG	Indian/Antananarivo
Ambohitrolomahitsy	MG	Indian/Antananarivo
Amboanjo	MG	Indian/Antananarivo
Kudepsta	RU	Europe/Moscow
Nevel’sk	RU	Asia/Sakhalin
Scarborough	TT	America/Port_of_Spain
Rakove	UA	Europe/Kyiv
Nyzhnya Telychka	UA	Europe/Kyiv
Kasanda	UG	Africa/Kampala
Yangirabot	UZ	Asia/Samarkand
Bến Thủy	VN	Asia/Bangkok
Zvečan	XK	Europe/Belgrade
Ongallur-I	IN	Asia/Kolkata
Trung Phụng	VN	Asia/Bangkok
Pamiers	FR	Europe/Paris
Kaset Sombun	TH	Asia/Bangkok
Púchov	SK	Europe/Bratislava
Goodlettsville	US	America/Chicago
Montereau-Fault-Yonne	FR	Europe/Paris
Umm Lakhbā	QA	Asia/Qatar
San Diego	CR	America/Costa_Rica
Hilvan	TR	Europe/Istanbul
Fayetteville	US	America/New_York
Stekene	BE	Europe/Brussels
Itajobi	BR	America/Sao_Paulo
Westbury	GB	Europe/London
Chuk Yuen North Estate	HK	Asia/Hong_Kong
Miyazu	JP	Asia/Tokyo
Elmwood	US	America/New_York
Bicholim	IN	Asia/Kolkata
Ermenek	TR	Europe/Istanbul
Colchester	US	America/New_York
Horsham	AU	Australia/Melbourne
Hukumpeta	IN	Asia/Kolkata
Piatã	BR	America/Bahia
Eutin	DE	Europe/Berlin
Altoona	US	America/Chicago
Polo Nord	IT	Europe/Rome
Mabubas	AO	Africa/Luanda
Piñas	EC	America/Guayaquil
Terrell	US	America/Chicago
Ubrique	ES	Europe/Madrid
Guisborough	GB	Europe/London
Point Breeze	US	America/New_York
Coronda	AR	America/Argentina/Cordoba
Arai	JP	Asia/Tokyo
Tapiramutá	BR	America/Bahia
Saint-Joseph	MQ	America/Martinique
Ayer Itam	MY	Asia/Kuala_Lumpur
Dunaharaszti	HU	Europe/Budapest
Palaú	MX	America/Monterrey
Denderleeuw	BE	Europe/Brussels
Tulle	FR	Europe/Paris
Bārah	SD	Africa/Khartoum
L'Isle-sur-la-Sorgue	FR	Europe/Paris
El Quisco	CL	America/Santiago
San Antonio Oeste	AR	America/Argentina/Salta
Templestowe	AU	Australia/Melbourne
Bacabeira	BR	America/Fortaleza
Valvachatottam	IN	Asia/Kolkata
Wath upon Dearne	GB	Europe/London
Bijaipur	IN	Asia/Kolkata
Sestri Levante	IT	Europe/Rome
Este	IT	Europe/Rome
Serafina Corrêa	BR	America/Sao_Paulo
Dukku	NG	Africa/Lagos
Bhan	PK	Asia/Karachi
Artesia	US	America/Los_Angeles
Svilengrad	BG	Europe/Sofia
Iwai	JP	Asia/Tokyo
Garhshankar	IN	Asia/Kolkata
Torremaggiore	IT	Europe/Rome
Žiar nad Hronom	SK	Europe/Bratislava
South Ogden	US	America/Denver
Dzuunmod	MN	Asia/Ulaanbaatar
Zuunmod	MN	Asia/Ulaanbaatar
Kushk	AF	Asia/Kabul
Dirba	IN	Asia/Kolkata
Huwei	CN	Asia/Shanghai
Bage'awati	CN	Asia/Urumqi
Octeville	FR	Europe/Paris
Realeza	BR	America/Sao_Paulo
Katerynivka	UA	Europe/Kyiv
Isernia	IT	Europe/Rome
Kavalerovo	RU	Asia/Vladivostok
Mostyska	UA	Europe/Kyiv
Rānpur	IN	Asia/Kolkata
Mula	ES	Europe/Madrid
Frinton-on-Sea	GB	Europe/London
Dukli	IN	Asia/Kolkata
Medvedovskaya	RU	Europe/Moscow
Manjhanpur	IN	Asia/Kolkata
Bato	PH	Asia/Manila
Carmópolis	BR	America/Maceio
Guajará	BR	America/Eirunepe
La Sierpe	CU	America/Havana
Bermeo	ES	Europe/Madrid
Willowdale West	CA	America/Toronto
Puerto Aysén	CL	America/Coyhaique
Wang Tau Hom	HK	Asia/Hong_Kong
Mihona	IN	Asia/Kolkata
Hillcrest Village	CA	America/Toronto
Palmela	PT	Europe/Lisbon
Gothara	IN	Asia/Kolkata
Tezoyuca	MX	America/Mexico_City
Novouzensk	RU	Europe/Saratov
Sint-Oedenrode	NL	Europe/Amsterdam
Teboulbou	TN	Africa/Tunis
Tibau do Sul	BR	America/Fortaleza
Olari	FI	Europe/Helsinki
Long’e	CN	Asia/Shanghai
Buulobarde	SO	Africa/Mogadishu
Calamvale	AU	Australia/Brisbane
Muttenz	CH	Europe/Zurich
Dalain Hob	CN	Asia/Shanghai
Hausbruch	DE	Europe/Berlin
Katsuura	JP	Asia/Tokyo
Terra Rica	BR	America/Sao_Paulo
Barbastro	ES	Europe/Madrid
Mākum	IN	Asia/Kolkata
Okromodou	CI	Africa/Abidjan
Lakemba	AU	Australia/Sydney
Shenzhenwan	CN	Asia/Shanghai
La Vista	US	America/Chicago
University Endowment Lands	CA	America/Vancouver
Tassin-la-Demi-Lune	FR	Europe/Paris
Paya Lebar	SG	Asia/Singapore
Castellana	ES	Europe/Madrid
Kamenz	DE	Europe/Berlin
Kalghatgi	IN	Asia/Kolkata
Dahlem	DE	Europe/Berlin
Gemerek	TR	Europe/Istanbul
Malampaka	TZ	Africa/Dar_es_Salaam
Governador Celso Ramos	BR	America/Sao_Paulo
Glace Bay	CA	America/Glace_Bay
Ntungamo	UG	Africa/Kampala
Trzcianka	PL	Europe/Warsaw
Tobré	BJ	Africa/Porto-Novo
Samobor	HR	Europe/Zagreb
Bad Reichenhall	DE	Europe/Berlin
Owase	JP	Asia/Tokyo
Bodmin	GB	Europe/London
Zarumilla	PE	America/Lima
Al Khabrā’	SA	Asia/Riyadh
Hanover	US	America/New_York
Tanakpur	IN	Asia/Kolkata
Eruvatti	IN	Asia/Kolkata
Merta Road	IN	Asia/Kolkata
Piossasco	IT	Europe/Rome
Caulfield North	AU	Australia/Melbourne
Zé	BJ	Africa/Porto-Novo
Undera	IN	Asia/Kolkata
Lugoba	TZ	Africa/Dar_es_Salaam
Mifune	JP	Asia/Tokyo
Tanque Verde	US	America/Phoenix
San Miniato	IT	Europe/Rome
Hînceşti	MD	Europe/Chisinau
Qalansuwa	IL	Asia/Jerusalem
Glenvar Heights	US	America/New_York
Pridonskoy	RU	Europe/Moscow
Krasnoobsk	RU	Asia/Novosibirsk
Tupungato	AR	America/Argentina/Mendoza
Khed	IN	Asia/Kolkata
Eğirdir	TR	Europe/Istanbul
Ga-Malakhe	ZA	Africa/Johannesburg
Torrox	ES	Europe/Madrid
Ngara	TZ	Africa/Dar_es_Salaam
São João do Soter	BR	America/Fortaleza
Xiangshui	CN	Asia/Shanghai
Hayling Island	GB	Europe/London
Caldes de Montbui	ES	Europe/Madrid
Vinateros	ES	Europe/Madrid
Pendleton	US	America/Los_Angeles
Dorchester	GB	Europe/London
Pozo Almonte	CL	America/Santiago
Sultanpur	IN	Asia/Kolkata
Kutiyāna	IN	Asia/Kolkata
Råsunda	SE	Europe/Stockholm
Centerville	US	America/Denver
Đakovo	HR	Europe/Zagreb
Parkside	US	America/Los_Angeles
San Jorge	AR	America/Argentina/Cordoba
Boa Vista do Tupim	BR	America/Bahia
Parafield Gardens	AU	Australia/Adelaide
Bonny	NG	Africa/Lagos
Zandvoort	NL	Europe/Amsterdam
Fafe	PT	Europe/Lisbon
Požega	HR	Europe/Zagreb
Ahor	IN	Asia/Kolkata
Monkey Bay	MW	Africa/Blantyre
Brzesko	PL	Europe/Warsaw
Sirālkoppa	IN	Asia/Kolkata
Cariamanga	EC	America/Guayaquil
Ra-ngae	TH	Asia/Bangkok
Bakhmach	UA	Europe/Kyiv
Winburg	ZA	Africa/Johannesburg
Dour	BE	Europe/Brussels
Malhada	BR	America/Bahia
Sant Celoni	ES	Europe/Madrid
Sithurajapuram	IN	Asia/Kolkata
Colwood	CA	America/Vancouver
Zhouxi	CN	Asia/Shanghai
Gilching	DE	Europe/Berlin
Menzelinsk	RU	Europe/Moscow
Wels	AT	Europe/Vienna
Marche-en-Famenne	BE	Europe/Brussels
Sibanicú	CU	America/Havana
Linnei	TW	Asia/Taipei
La Libertad	SV	America/El_Salvador
Nova Ipixuna	BR	America/Belem
Bad Arolsen	DE	Europe/Berlin
Destelbergen	BE	Europe/Brussels
Janeng	BW	Africa/Gaborone
Sayville	US	America/New_York
Vandalūr	IN	Asia/Kolkata
Prosek	CZ	Europe/Prague
Frederikssund	DK	Europe/Copenhagen
Braunstone	GB	Europe/London
Bayındır	TR	Europe/Istanbul
Pendino	IT	Europe/Rome
Moreh	IN	Asia/Kolkata
Clarksdale	US	America/Chicago
Eltville	DE	Europe/Berlin
Stockach	DE	Europe/Berlin
Chelamartam	IN	Asia/Kolkata
Malafede	IT	Europe/Rome
Pak Tin Estate	HK	Asia/Hong_Kong
Balaguer	ES	Europe/Madrid
Challapalle	IN	Asia/Kolkata
Bang Rakam	TH	Asia/Bangkok
Helensvale	AU	Australia/Brisbane
Cafayate	AR	America/Argentina/Salta
Sabana Grande de Boyá	DO	America/Santo_Domingo
Devizes	GB	Europe/London
Konārka	IN	Asia/Kolkata
La Magdalena Tlaltelulco	MX	America/Mexico_City
Northallerton	GB	Europe/London
Bua Yai	TH	Asia/Bangkok
Boden	SE	Europe/Stockholm
Macatuba	BR	America/Sao_Paulo
Leaside-Bennington	CA	America/Toronto
Gandevi	IN	Asia/Kolkata
Fairview Heights	US	America/Chicago
Norwalk	US	America/New_York
Tiwi	PH	Asia/Manila
Tuchkovo	RU	Europe/Moscow
Huckarde	DE	Europe/Berlin
Sawang Daen Din	TH	Asia/Bangkok
Bouguenais	FR	Europe/Paris
San Carlos Park	US	America/New_York
Āchāripallam Vāniyakudi	IN	Asia/Kolkata
Mwandiga	TZ	Africa/Dar_es_Salaam
Peralassery	IN	Asia/Kolkata
Salinas de Hidalgo	MX	America/Mexico_City
Obrenovac	RS	Europe/Belgrade
Dongjiang	CN	Asia/Shanghai
Saint Ives	GB	Europe/London
Bara Uchāna	IN	Asia/Kolkata
Awendo	KE	Africa/Nairobi
Awendo	KE	Africa/Nairobi
Lede	BE	Europe/Brussels
Liang	BN	Asia/Brunei
Saoula	DZ	Africa/Algiers
Tin Wan	HK	Asia/Hong_Kong
Yecapixtla	MX	America/Mexico_City
Kāmākhyānagar	IN	Asia/Kolkata
Arkalgūd	IN	Asia/Kolkata
Concord	US	America/New_York
Nanaku	JP	Asia/Tokyo
Longfield	GB	Europe/London
Budhni	IN	Asia/Kolkata
Danilov	RU	Europe/Moscow
Springfield	US	America/Chicago
Årsta	SE	Europe/Stockholm
Zeramedine	TN	Africa/Tunis
Oshmyany	BY	Europe/Minsk
Villanueva de la Cañada	ES	Europe/Madrid
Pinarāyi	IN	Asia/Kolkata
Qormi	MT	Europe/Malta
New Milford	US	America/New_York
Zhuzilin	CN	Asia/Shanghai
Pailitas	CO	America/Bogota
South Ruislip	GB	Europe/London
Bet She’an	IL	Asia/Jerusalem
Savigliano	IT	Europe/Rome
Vasil’yevo	RU	Europe/Moscow
Busolwe	UG	Africa/Kampala
Nyamunuka	UG	Africa/Kampala
Druzhba	UZ	Asia/Samarkand
Ehen Hudag	CN	Asia/Shanghai
Nyon	CH	Europe/Zurich
North Attleborough Center	US	America/New_York
Mitcham	AU	Australia/Melbourne
Santo Antônio do Leverger	BR	America/Cuiaba
Kukmor	RU	Europe/Moscow
Country Club Hills	US	America/Chicago
Liangping	CN	Asia/Shanghai
Wang Tau Hom Estate	HK	Asia/Hong_Kong
Ma'rib	YE	Asia/Aden
Mocha	YE	Asia/Aden
Sasazuka	JP	Asia/Tokyo
Jędrzejów	PL	Europe/Warsaw
Saalfelden am Steinernen Meer	AT	Europe/Vienna
Sierre	CH	Europe/Zurich
Baitu	CN	Asia/Shanghai
Verneuil-sur-Seine	FR	Europe/Paris
Verrières-le-Buisson	FR	Europe/Paris
Pāchchal	IN	Asia/Kolkata
Navalpattu	IN	Asia/Kolkata
Lemont	US	America/Chicago
Sartell	US	America/Chicago
Parkwood Manor	US	America/New_York
São Paulo do Potengi	BR	America/Fortaleza
Goth Radhan	PK	Asia/Karachi
Bo Phloi	TH	Asia/Bangkok
Batuco	CL	America/Santiago
Schneeberg	DE	Europe/Berlin
Vathirairuppu	IN	Asia/Kolkata
Diepholz	DE	Europe/Berlin
Dyersburg	US	America/Chicago
Anjala	FI	Europe/Helsinki
Sivagiri	IN	Asia/Kolkata
Achkhoy-Martan	RU	Europe/Moscow
Solothurn	CH	Europe/Zurich
Bāwal	IN	Asia/Kolkata
Defiance	US	America/New_York
Mount Pleasant East	CA	America/Toronto
Shuangjiang	CN	Asia/Shanghai
Akkol’	KZ	Asia/Almaty
El Harhoura	MA	Africa/Casablanca
Belyy Yar	RU	Asia/Yekaterinburg
Beltsville	US	America/New_York
Hanumana	IN	Asia/Kolkata
Vatomandry	MG	Indian/Antananarivo
Holzkirchen	DE	Europe/Berlin
Fót	HU	Europe/Budapest
Urziceni	RO	Europe/Bucharest
Porathissery	IN	Asia/Kolkata
Kwun Tong	HK	Asia/Hong_Kong
Thaba-Tseka	LS	Africa/Maseru
Amaliáda	GR	Europe/Athens
Plavsk	RU	Europe/Moscow
Sainte-Catherine	CA	America/Toronto
Floreşti	MD	Europe/Chisinau
Vallam	IN	Asia/Kolkata
Santa Maria	PH	Asia/Manila
Brighton East	AU	Australia/Melbourne
Adelfia	IT	Europe/Rome
Young	UY	America/Montevideo
Fudong	CN	Asia/Shanghai
Lixin	CN	Asia/Shanghai
Āmta	IN	Asia/Kolkata
Serinyol	TR	Europe/Istanbul
Centralia	US	America/Los_Angeles
Pontivy	FR	Europe/Paris
Zaragoza	MX	America/Mexico_City
Caledon	ZA	Africa/Johannesburg
Pitimbu	BR	America/Fortaleza
Chalmette	US	America/Chicago
Vāda	IN	Asia/Kolkata
Puerto Deseado	AR	America/Argentina/Rio_Gallegos
Kadod	IN	Asia/Kolkata
La Providencia Siglo XXI	MX	America/Mexico_City
Shorewood	US	America/Chicago
Wādī 'Utbah	LY	Africa/Tripoli
Baia Sprie	RO	Europe/Bucharest
Ferndale	US	America/New_York
Valavanur	IN	Asia/Kolkata
Khapat	IN	Asia/Kolkata
Mount Vernon	US	America/New_York
Água Clara	BR	America/Campo_Grande
Lillerød	DK	Europe/Copenhagen
Bābai	IN	Asia/Kolkata
Le Vésinet	FR	Europe/Paris
Togoshi	JP	Asia/Tokyo
Nerang	AU	Australia/Brisbane
Rochford	GB	Europe/London
High Blantyre	GB	Europe/London
Zhaoxing	CN	Asia/Shanghai
Plumstead	GB	Europe/London
Harsūd	IN	Asia/Kolkata
Barra de Santo Antônio	BR	America/Maceio
Mizdah	LY	Africa/Tripoli
Greenfield Park	CA	America/Toronto
Korgan	TR	Europe/Istanbul
Bousso	TD	Africa/Ndjamena
Andada	IN	Asia/Kolkata
Westchester	US	America/Chicago
Shimobuchi	JP	Asia/Tokyo
Bluffton	US	America/New_York
Beri Khās	IN	Asia/Kolkata
Chelak	UZ	Asia/Samarkand
Hermsdorf	DE	Europe/Berlin
Boguszów-Gorce	PL	Europe/Warsaw
Sallanches	FR	Europe/Paris
Moussadou	GN	Africa/Conakry
Dera Māndi	IN	Asia/Kolkata
Laoang	PH	Asia/Manila
Tifton	US	America/New_York
Scarborough Village	CA	America/Toronto
Cobham	GB	Europe/London
Bytów	PL	Europe/Warsaw
Auburn	US	America/New_York
Linhe	CN	Asia/Shanghai
Gryfice	PL	Europe/Warsaw
Cham	CH	Europe/Zurich
Przasnysz	PL	Europe/Warsaw
Bad Langensalza	DE	Europe/Berlin
Vári	GR	Europe/Athens
Granville	AU	Australia/Sydney
Marienberg	DE	Europe/Berlin
Hale	GB	Europe/London
Ellinikó	GR	Europe/Athens
Mungaa	TZ	Africa/Dar_es_Salaam
Chanaje	IN	Asia/Kolkata
Nipomo	US	America/Los_Angeles
Brocklehurst	CA	America/Vancouver
Media Luna	CU	America/Havana
Laurel	US	America/New_York
Abreus	CU	America/Havana
Korrewegwijk	NL	Europe/Amsterdam
Cabeceiras de Basto	PT	Europe/Lisbon
Bản Na Hỷ	VN	Asia/Ho_Chi_Minh
Sāmbūrvadakara	IN	Asia/Kolkata
Qaşr Khiyār	LY	Africa/Tripoli
Cucuyagua	HN	America/Tegucigalpa
Melegnano	IT	Europe/Rome
Montivilliers	FR	Europe/Paris
Isogo	JP	Asia/Tokyo
Lakinsk	RU	Europe/Moscow
Saint Pierre	MU	Indian/Mauritius
Nowogard	PL	Europe/Warsaw
San Felipe	MX	America/Tijuana
Taylor	US	America/Chicago
Bracken Ridge	AU	Australia/Brisbane
Penrith	GB	Europe/London
Thorapadi	IN	Asia/Kolkata
Ozumba de Alzate	MX	America/Mexico_City
Atalaya	PE	America/Lima
Pacho	CO	America/Bogota
North Decatur	US	America/New_York
Türkmengala	TM	Asia/Ashgabat
Vilshofen	DE	Europe/Berlin
Tōbetsu	JP	Asia/Tokyo
Brixham	GB	Europe/London
Morganton	US	America/New_York
Kam Ying	HK	Asia/Hong_Kong
Karingal	IN	Asia/Kolkata
Santa Rosa Treinta	MX	America/Mexico_City
Nal Khera	IN	Asia/Kolkata
Arcore	IT	Europe/Rome
Danville	US	America/New_York
Frohnau	DE	Europe/Berlin
Az Zuwāydah	PS	Asia/Gaza
Heidenau	DE	Europe/Berlin
Buckingham	CA	America/Toronto
Piriyāpatna	IN	Asia/Kolkata
Merelbeke	BE	Europe/Brussels
Touagui	CI	Africa/Abidjan
Domont	FR	Europe/Paris
Los Reyes de Juárez	MX	America/Mexico_City
Mount Druitt	AU	Australia/Sydney
Bobingen	DE	Europe/Berlin
Nohsa	IN	Asia/Kolkata
Jask	IR	Asia/Tehran
Puerto López	CO	America/Bogota
São Vicente Férrer	BR	America/Recife
Nambingué	CI	Africa/Abidjan
Orta Nova	IT	Europe/Rome
Poronaysk	RU	Asia/Sakhalin
Phaphūnd	IN	Asia/Kolkata
Shpola	UA	Europe/Kyiv
Mulanje	MW	Africa/Blantyre
Kampung Teluk Kemang	MY	Asia/Kuala_Lumpur
Sarangpore	IN	Asia/Kolkata
Nabunturan	PH	Asia/Manila
Alvarães	BR	America/Manaus
Babrāla	IN	Asia/Kolkata
Denville	US	America/New_York
Barrington	US	America/New_York
Ilanskiy	RU	Asia/Krasnoyarsk
Ushibukamachi	JP	Asia/Tokyo
Diourouzon	CI	Africa/Abidjan
Vīrnūr	IN	Asia/Kolkata
Washington	US	America/Chicago
Kumla	SE	Europe/Stockholm
Losheim	DE	Europe/Berlin
Phoenixville	US	America/New_York
Mercedes	US	America/Chicago
Ajaigarh	IN	Asia/Kolkata
Center Point	US	America/Chicago
Cafelândia	BR	America/Sao_Paulo
San Lorenzo	CO	America/Bogota
Camoapa	NI	America/Managua
Islamgarh	PK	Asia/Karachi
Baihar	IN	Asia/Kolkata
Navarro	AR	America/Argentina/Buenos_Aires
Malīhābād	IN	Asia/Kolkata
Péruwelz	BE	Europe/Brussels
Araçagi	BR	America/Fortaleza
Scordia	IT	Europe/Rome
Lemay	US	America/Chicago
Mangueirinha	BR	America/Sao_Paulo
Jhūsi	IN	Asia/Kolkata
Gennep	NL	Europe/Amsterdam
Ürgüp	TR	Europe/Istanbul
Fartura	BR	America/Sao_Paulo
Wassenberg	DE	Europe/Berlin
Natiaboani	BF	Africa/Ouagadougou
Wolcott	US	America/New_York
Itapiranga	BR	America/Sao_Paulo
Trajpar	IN	Asia/Kolkata
Suchiapa	MX	America/Merida
Blanquefort	FR	Europe/Paris
Vammala	FI	Europe/Helsinki
Norcross	US	America/New_York
Salitre	BR	America/Fortaleza
Río Ceballos	AR	America/Argentina/Cordoba
Fortim	BR	America/Fortaleza
Troutdale	US	America/Los_Angeles
Maardu	EE	Europe/Tallinn
Santa Clara del Mar	AR	America/Argentina/Buenos_Aires
Pudusseri	IN	Asia/Kolkata
Gubin	PL	Europe/Warsaw
Oak Grove	US	America/Los_Angeles
San Tin	HK	Asia/Hong_Kong
Sun Tin Wai	HK	Asia/Hong_Kong
Anáhuac	MX	America/Matamoros
North Valley Stream	US	America/New_York
Añisoc	GQ	Africa/Malabo
Sacile	IT	Europe/Rome
Aimogasta	AR	America/Argentina/La_Rioja
Whickham	GB	Europe/London
Pattamadai	IN	Asia/Kolkata
Colle di Val d'Elsa	IT	Europe/Rome
Cuncolim	IN	Asia/Kolkata
Yajalón	MX	America/Mexico_City
Gadouan	CI	Africa/Abidjan
Mittweida	DE	Europe/Berlin
Bode Saadu	NG	Africa/Lagos
Roxas	PH	Asia/Manila
Balezino	RU	Europe/Samara
Minamichita	JP	Asia/Tokyo
Easton	US	America/New_York
Thap Than	TH	Asia/Bangkok
Kranzadougou	CI	Africa/Abidjan
Pathalgaon	IN	Asia/Kolkata
Rijau	NG	Africa/Lagos
Baliguda	IN	Asia/Kolkata
Āsind	IN	Asia/Kolkata
Easthampton	US	America/New_York
Saffron Walden	GB	Europe/London
Osimo	IT	Europe/Rome
Ifanadiana	MG	Indian/Antananarivo
Bothell West	US	America/Los_Angeles
Al Baţţālīyah	SA	Asia/Riyadh
Pacific Pines	AU	Australia/Brisbane
Changlong	CN	Asia/Shanghai
Swift Current	CA	America/Swift_Current
Vāghodia	IN	Asia/Kolkata
Getúlio Vargas	BR	America/Sao_Paulo
Venezuela	CU	America/Havana
Nauen	DE	Europe/Berlin
Kanungu	UG	Africa/Kampala
Gombe	UG	Africa/Kampala
Kiryandongo Refugee Camp	UG	Africa/Kampala
Yanqul	OM	Asia/Muscat
Alpignano	IT	Europe/Rome
Kashin	RU	Europe/Moscow
Tahlequah	US	America/Chicago
Yujing	TW	Asia/Taipei
Sudak	UA	Europe/Simferopol
Hazel Park	US	America/Detroit
Cardedeu	ES	Europe/Madrid
Ario de Rosales	MX	America/Mexico_City
Saginomiya	JP	Asia/Tokyo
San Juan Bautista	PY	America/Asuncion
Muhe	CN	Asia/Shanghai
Sigmaringen	DE	Europe/Berlin
Douglas	US	America/Phoenix
Opelousas	US	America/Chicago
Douarnenez	FR	Europe/Paris
Dabas	HU	Europe/Budapest
Rypin	PL	Europe/Warsaw
Bang Ban	TH	Asia/Bangkok
Elmalı	TR	Europe/Istanbul
Huai Yot	TH	Asia/Bangkok
Le Camas	FR	Europe/Paris
Nazareth	IN	Asia/Kolkata
Grafton	US	America/New_York
Samurou	IN	Asia/Kolkata
Sandalfoot Cove	US	America/New_York
Peqin	AL	Europe/Tirane
Edmundston	CA	America/Moncton
Madhuban	IN	Asia/Kolkata
Bergschenhoek	NL	Europe/Amsterdam
Brenham	US	America/Chicago
Tessenderlo	BE	Europe/Brussels
Īlkhchī	IR	Asia/Tehran
Porto Empedocle	IT	Europe/Rome
Pelileo	EC	America/Guayaquil
Cacahoatán	MX	America/Mexico_City
Popovo	BG	Europe/Sofia
Roseau	DM	America/Dominica
Suzzara	IT	Europe/Rome
San Felice A Cancello	IT	Europe/Rome
Severo-Zadonsk	RU	Europe/Moscow
Hille	DE	Europe/Berlin
Tadaoka-higashi	JP	Asia/Tokyo
Tanauan	PH	Asia/Manila
Opa-locka	US	America/New_York
Shintomi	JP	Asia/Tokyo
Beaver Dam	US	America/Chicago
Coalinga	US	America/Los_Angeles
Stockelsdorf	DE	Europe/Berlin
Nochistlán de Mejía	MX	America/Mexico_City
Seymour	US	America/New_York
Arfa Moussaïa	GN	Africa/Conakry
Lālpettai	IN	Asia/Kolkata
Plácido de Castro	BR	America/Rio_Branco
Kiminini	KE	Africa/Nairobi
Sālūmbar	IN	Asia/Kolkata
Kumagunnam	NG	Africa/Lagos
Trinity-Bellwoods	CA	America/Toronto
Knyahynyn	UA	Europe/Kyiv
Savanna-la-Mar	JM	America/Jamaica
Biggleswade	GB	Europe/London
Medvezh’yegorsk	RU	Europe/Moscow
Clayton Park West	CA	America/Halifax
Xigaoshan	CN	Asia/Shanghai
Malahide	IE	Europe/Dublin
Coaraci	BR	America/Bahia
Bad Säckingen	DE	Europe/Berlin
Guane	CU	America/Havana
’Aïn el Berd	DZ	Africa/Algiers
Konstancin-Jeziorna	PL	Europe/Warsaw
Bareggio	IT	Europe/Rome
Belém	PT	Europe/Lisbon
Santa María	AR	America/Argentina/Catamarca
As Sallūm	EG	Africa/Cairo
Osny	FR	Europe/Paris
Sonkach	IN	Asia/Kolkata
Herve	BE	Europe/Brussels
Filingué	NE	Africa/Niamey
Aconibe	GQ	Africa/Malabo
Hohenstein-Ernstthal	DE	Europe/Berlin
Bovisio-Masciago	IT	Europe/Rome
Hitoto	JP	Asia/Tokyo
Lidzbark Warmiński	PL	Europe/Warsaw
Eilenburg	DE	Europe/Berlin
Tàrrega	ES	Europe/Madrid
Resen	MK	Europe/Skopje
Cabayangan	PH	Asia/Manila
Roseto degli Abruzzi	IT	Europe/Rome
Madarounfa	NE	Africa/Niamey
Jenison	US	America/Detroit
Cohoes	US	America/New_York
Saluzzo	IT	Europe/Rome
Koppies	ZA	Africa/Johannesburg
Ceglie Messapica	IT	Europe/Rome
Le Pecq	FR	Europe/Paris
Manzanares	CO	America/Bogota
Las Tres Torres	ES	Europe/Madrid
Segbwema	SL	Africa/Freetown
Paralowie	AU	Australia/Adelaide
Bonito	BR	America/Belem
Zhongling	CN	Asia/Shanghai
Ijoko	NG	Africa/Lagos
Anak Bukit	MY	Asia/Kuala_Lumpur
Swansea	US	America/New_York
Hidalgo	MX	America/Monterrey
Herzele	BE	Europe/Brussels
Guérande	FR	Europe/Paris
Donna	US	America/Chicago
Illertissen	DE	Europe/Berlin
Kensington	GB	Europe/London
Jāmbai	IN	Asia/Kolkata
Mucur	TR	Europe/Istanbul
Vienna	US	America/New_York
Chicureo	CL	America/Santiago
Pinewood	US	America/New_York
Jiangjia	CN	Asia/Shanghai
San Estanislao	CO	America/Bogota
South Norwood	GB	Europe/London
L'Ancienne-Lorette	CA	America/Toronto
Vallensbæk	DK	Europe/Copenhagen
Cổ Lóa	VN	Asia/Ho_Chi_Minh
Lansdale	US	America/New_York
Maranhãozinho	BR	America/Fortaleza
Blanchardstown	IE	Europe/Dublin
San Francisco Tlalcilalcalpan	MX	America/Mexico_City
Vostryakovo	RU	Europe/Moscow
Nyamuswa	TZ	Africa/Dar_es_Salaam
Guadalupe Victoria	MX	America/Monterrey
Langru	CN	Asia/Urumqi
Kōtekāra	IN	Asia/Kolkata
Tolentino	IT	Europe/Rome
Sekimachi-minami	JP	Asia/Tokyo
Armdale	CA	America/Halifax
Cowley	GB	Europe/London
Harringay	GB	Europe/London
Desa Parkcity	MY	Asia/Kuala_Lumpur
Merenwijk	NL	Europe/Amsterdam
Harpen	DE	Europe/Berlin
Floirac	FR	Europe/Paris
Chāndāmeta	IN	Asia/Kolkata
Tafresh	IR	Asia/Tehran
Eibergen	NL	Europe/Amsterdam
Seka	TH	Asia/Bangkok
Turgutreis	TR	Europe/Istanbul
Zvenyhorodka	UA	Europe/Kyiv
Sevierville	US	America/New_York
Saint Peter Port	GG	Europe/Guernsey
Chickasha	US	America/Chicago
Kiphire	IN	Asia/Kolkata
Kingsland	US	America/New_York
Bobangui	CF	Africa/Bangui
Bánovce nad Bebravou	SK	Europe/Bratislava
Khātra	IN	Asia/Kolkata
Uthal	PK	Asia/Karachi
Lower Moyamensing	US	America/New_York
Zürich (Kreis 9) / Albisrieden	CH	Europe/Zurich
Phum Ânlŭng Vĭl	KH	Asia/Phnom_Penh
Novoukrayinka	UA	Europe/Kyiv
Gunzenhausen	DE	Europe/Berlin
Albignasego	IT	Europe/Rome
Norbury	GB	Europe/London
Uvalde	US	America/Chicago
Snuol	KH	Asia/Phnom_Penh
Clanton Park	CA	America/Toronto
Haselhorst	DE	Europe/Berlin
Enfield Lock	GB	Europe/London
El Crucero	NI	America/Managua
Hillcrest Heights	US	America/New_York
Hilchenbach	DE	Europe/Berlin
Xangri-lá	BR	America/Sao_Paulo
Yuxi	CN	Asia/Shanghai
Gorāya	IN	Asia/Kolkata
Stuart	US	America/New_York
Ersheng	CN	Asia/Shanghai
La Esperanza	GT	America/Guatemala
Bogatynia	PL	Europe/Warsaw
Loma Plata	PY	America/Asuncion
Umm Suqaym	AE	Asia/Dubai
Sundakkāmpālaiyam	IN	Asia/Kolkata
Hondarribia	ES	Europe/Madrid
Petitgoa I	CI	Africa/Abidjan
Tasbuget	KZ	Asia/Qyzylorda
Wadern	DE	Europe/Berlin
Fairhaven	US	America/New_York
Suurmetsä	FI	Europe/Helsinki
Avon	US	America/Indiana/Indianapolis
Innere Stadt	AT	Europe/Vienna
Tita	BF	Africa/Ouagadougou
Clevelândia	BR	America/Sao_Paulo
La Maná	EC	America/Guayaquil
Lukut	MY	Asia/Kuala_Lumpur
Tostado	AR	America/Argentina/Cordoba
Zachary	US	America/Chicago
Morretes	BR	America/Sao_Paulo
Wendelstein	DE	Europe/Berlin
Kochenëvo	RU	Asia/Novosibirsk
Red Wing	US	America/Chicago
Bohnice	CZ	Europe/Prague
Hofgeismar	DE	Europe/Berlin
San Antonio Acahualco	MX	America/Mexico_City
Lapai	NG	Africa/Lagos
Piancó	BR	America/Fortaleza
Proletar	TJ	Asia/Dushanbe
Santa Lucía	UY	America/Montevideo
Sikeston	US	America/Chicago
Jasaan	PH	Asia/Manila
Sindkhed Raja	IN	Asia/Kolkata
Camaná	PE	America/Lima
Łapy	PL	Europe/Warsaw
Gargždai	LT	Europe/Vilnius
Susner	IN	Asia/Kolkata
Pupiales	CO	America/Bogota
Erba	IT	Europe/Rome
Bethpage	US	America/New_York
Toyota	JP	Asia/Tokyo
Bilohirsk	UA	Europe/Simferopol
Erenhot	CN	Asia/Shanghai
Neópolis	BR	America/Maceio
Kindi	BF	Africa/Ouagadougou
Zafra	ES	Europe/Madrid
Namponkoré	BF	Africa/Ouagadougou
Sam Shing	HK	Asia/Hong_Kong
Concord	US	America/Chicago
Burgdorf	CH	Europe/Zurich
Andes	CO	America/Bogota
Königslutter am Elm	DE	Europe/Berlin
Flowing Wells	US	America/Phoenix
Kogarah	AU	Australia/Sydney
‘Ewa Beach	US	Pacific/Honolulu
Umina Beach	AU	Australia/Sydney
Sertanópolis	BR	America/Sao_Paulo
Kuoshi'airike	CN	Asia/Urumqi
Cajari	BR	America/Fortaleza
Bharwāri	IN	Asia/Kolkata
Petersberg	DE	Europe/Berlin
Bad Salzungen	DE	Europe/Berlin
Burutu	NG	Africa/Lagos
Bridgeview	US	America/Chicago
Fairview Park	US	America/New_York
Ilinden	MK	Europe/Skopje
Laguna Woods	US	America/Los_Angeles
Aveiro	BR	America/Santarem
Chendrappini	IN	Asia/Kolkata
Yemva	RU	Europe/Moscow
Ibitiara	BR	America/Bahia
Rāni Khera	IN	Asia/Kolkata
Midar	MA	Africa/Casablanca
Tønder	DK	Europe/Copenhagen
Aabenraa	DK	Europe/Copenhagen
Bituruna	BR	America/Sao_Paulo
Wu'erqi	CN	Asia/Urumqi
Nigg	GB	Europe/London
Bhainsdehi	IN	Asia/Kolkata
Bukomero	UG	Africa/Kampala
Mount Clemens	US	America/Detroit
Cañon City	US	America/Denver
Saint Michael	US	America/Chicago
South River	US	America/New_York
Dajabón	DO	America/Santo_Domingo
Kankauli	IN	Asia/Kolkata
Fort Thomas	US	America/New_York
Tlaltenango de Sánchez Román	MX	America/Mexico_City
Nampundwe	ZM	Africa/Lusaka
Santa Margarida	BR	America/Sao_Paulo
Seeheim-Jugenheim	DE	Europe/Berlin
Zvenigorod	RU	Europe/Moscow
Kampung Tanjung Karang	MY	Asia/Kuala_Lumpur
Stonebridge	CA	America/Regina
Alcañiz	ES	Europe/Madrid
Poço Fundo	BR	America/Sao_Paulo
Jutou	CN	Asia/Shanghai
Faxinal	BR	America/Sao_Paulo
Gokavaram	IN	Asia/Kolkata
Sunset	US	America/New_York
Nova Resende	BR	America/Sao_Paulo
Padampur	IN	Asia/Kolkata
Prospect Heights	US	America/Chicago
Bou Hadjar	DZ	Africa/Algiers
Curti	IN	Asia/Kolkata
Loxstedt	DE	Europe/Berlin
Kirchhain	DE	Europe/Berlin
San Ignacio de Sabaneta	DO	America/Santo_Domingo
Las Cabezas de San Juan	ES	Europe/Madrid
Nambiyūr	IN	Asia/Kolkata
Griffith	US	America/Chicago
Caridade	BR	America/Fortaleza
Lochapada	IN	Asia/Kolkata
Caronno Pertusella	IT	Europe/Rome
Estelle	US	America/Chicago
Sulzbach	DE	Europe/Berlin
Ywar Ma East	MM	Asia/Yangon
Namysłów	PL	Europe/Warsaw
Feira	PT	Europe/Lisbon
Butiama	TZ	Africa/Dar_es_Salaam
Fazakerley	GB	Europe/London
The Gap	AU	Australia/Brisbane
Kishapu	TZ	Africa/Dar_es_Salaam
Aki	JP	Asia/Tokyo
Schofield Barracks	US	Pacific/Honolulu
Hückeswagen	DE	Europe/Berlin
Las Gabias	ES	Europe/Madrid
Búzi	MZ	Africa/Maputo
Kamuhanda / Ruyenzi	RW	Africa/Kigali
Tianjia	CN	Asia/Shanghai
Kladow	DE	Europe/Berlin
Forssa	FI	Europe/Helsinki
Bargūr	IN	Asia/Kolkata
Bon Air	US	America/New_York
Saint-Cyr-l'École	FR	Europe/Paris
Yabase	JP	Asia/Tokyo
Ciudad Universitaria	ES	Europe/Madrid
Xiaojia	CN	Asia/Shanghai
Ripon	GB	Europe/London
Dharampuri	IN	Asia/Kolkata
Matsushima	JP	Asia/Tokyo
Curundú	PA	America/Panama
Kaleke Mandi	PK	Asia/Karachi
Shopian	IN	Asia/Kolkata
Oconomowoc	US	America/Chicago
Taree	AU	Australia/Sydney
Ryōtsu-minato	JP	Asia/Tokyo
Hough	US	America/New_York
Vero Beach	US	America/New_York
Oberwinterthur (Kreis 2)	CH	Europe/Zurich
Mūllānpur	IN	Asia/Kolkata
Moi‘s Bridge	KE	Africa/Nairobi
Jussara	BR	America/Bahia
Ūttukuli	IN	Asia/Kolkata
San Pedro Carchá	GT	America/Guatemala
Kandāri	IN	Asia/Kolkata
Demerval Lobão	BR	America/Fortaleza
Ghedi	IT	Europe/Rome
Khada	IN	Asia/Kolkata
Bocşa	RO	Europe/Bucharest
Central	BR	America/Bahia
Großostheim	DE	Europe/Berlin
Tapejara	BR	America/Sao_Paulo
Radviliskis	LT	Europe/Vilnius
Yorkton	CA	America/Regina
Nyangao	TZ	Africa/Dar_es_Salaam
Abony	HU	Europe/Budapest
Andé	CI	Africa/Abidjan
Kirchlengern	DE	Europe/Berlin
Kargil	IN	Asia/Kolkata
Jasidih	IN	Asia/Kolkata
Nzianouan	CI	Africa/Abidjan
Xinhua	CN	Asia/Shanghai
Lice	TR	Europe/Istanbul
Federal	AR	America/Argentina/Cordoba
Kupino	RU	Asia/Novosibirsk
Zhushan	CN	Asia/Shanghai
Toukountouna	BJ	Africa/Porto-Novo
Guardamar del Segura	ES	Europe/Madrid
Jataúba	BR	America/Recife
Sananduva	BR	America/Sao_Paulo
Shuzenji	JP	Asia/Tokyo
Kotapārh	IN	Asia/Kolkata
Sunnyside	US	America/Los_Angeles
Lebanon	US	America/Los_Angeles
Hünfeld	DE	Europe/Berlin
Laxou	FR	Europe/Paris
Ishinari	JP	Asia/Tokyo
Bayshore Gardens	US	America/New_York
Gbolouville	CI	Africa/Abidjan
Weilerswist	DE	Europe/Berlin
Alto Paraíso	BR	America/Porto_Velho
Belpasso	IT	Europe/Rome
Tamuín	MX	America/Mexico_City
Hohenems	AT	Europe/Vienna
Pantai Remis	MY	Asia/Kuala_Lumpur
Fontenay-le-Comte	FR	Europe/Paris
Wong Chuk Hang	HK	Asia/Hong_Kong
Tingi	TZ	Africa/Dar_es_Salaam
Nova Olímpia	BR	America/Cuiaba
Tikri Kalān	IN	Asia/Kolkata
Loboc	PH	Asia/Manila
Streetsboro	US	America/New_York
Lutes Mountain	CA	America/Moncton
Johi	PK	Asia/Karachi
Calhoun	US	America/New_York
Fishtown	US	America/New_York
Chākuliā	IN	Asia/Kolkata
Morton	US	America/Chicago
Schiebroek	NL	Europe/Amsterdam
Lędziny	PL	Europe/Warsaw
Menomonie	US	America/Chicago
Longxi	CN	Asia/Shanghai
Atsabe	TL	Asia/Dili
Gwarzo	NG	Africa/Lagos
Hartley	GB	Europe/London
Ōkubo	JP	Asia/Tokyo
La Algaba	ES	Europe/Madrid
Shāhgarh	IN	Asia/Kolkata
Maubara	TL	Asia/Dili
Moroto	UG	Africa/Kampala
Lyantonde	UG	Africa/Kampala
Kyarusozi	UG	Africa/Kampala
Wang Nam Yen	TH	Asia/Bangkok
Truckee	US	America/Los_Angeles
Bayota	CI	Africa/Abidjan
Fremont	US	America/New_York
Bykhov	BY	Europe/Minsk
Al Munayzilah	SA	Asia/Riyadh
Kadamakudi	IN	Asia/Kolkata
Lázaro Cárdenas	MX	America/Tijuana
Buckhall	US	America/New_York
Stockerau	AT	Europe/Vienna
Hochfeld	DE	Europe/Berlin
Gainesville	US	America/Chicago
Kloten	CH	Europe/Zurich
Yaiza	ES	Atlantic/Canary
Annāmalainagar	IN	Asia/Kolkata
São Francisco do Guaporé	BR	America/Porto_Velho
Pindaí	BR	America/Bahia
Āmbāsa	IN	Asia/Kolkata
Arumanai	IN	Asia/Kolkata
Anandpur	IN	Asia/Kolkata
Uherský Brod	CZ	Europe/Prague
Remagen	DE	Europe/Berlin
Raposos	BR	America/Sao_Paulo
Kabo	CF	Africa/Bangui
Neratovice	CZ	Europe/Prague
Omalur	IN	Asia/Kolkata
Zumarraga	PH	Asia/Manila
Hatti	IN	Asia/Kolkata
Fiorano	IT	Europe/Rome
Damiao	CN	Asia/Shanghai
Middelfart	DK	Europe/Copenhagen
Aberdeen	US	America/Los_Angeles
Puerto Santander	CO	America/Bogota
Baychester	US	America/New_York
Jifeng	CN	Asia/Shanghai
Casal Bertone	IT	Europe/Rome
Puchi	CN	Asia/Shanghai
Kyo Kone East	MM	Asia/Yangon
Straßgang	AT	Europe/Vienna
Chennimalai	IN	Asia/Kolkata
Centro Novo do Maranhão	BR	America/Fortaleza
Brvenica	MK	Europe/Skopje
Hopatcong Hills	US	America/New_York
Madukkūr	IN	Asia/Kolkata
Uliastay	MN	Asia/Hovd
Momil	CO	America/Bogota
Bahula	IN	Asia/Kolkata
Mangla	PK	Asia/Karachi
Kandıra	TR	Europe/Istanbul
Pully	CH	Europe/Zurich
Ayyampettāi	IN	Asia/Kolkata
Shizukuishi	JP	Asia/Tokyo
Dhulikhel	NP	Asia/Kathmandu
San Martín de Pangoa	PE	America/Lima
Waterville	US	America/New_York
Nūh	IN	Asia/Kolkata
Naroli	IN	Asia/Kolkata
Oroville	US	America/Los_Angeles
Moissy-Cramayel	FR	Europe/Paris
Roosevelt	US	America/New_York
Mazeras	KE	Africa/Nairobi
Baeza	ES	Europe/Madrid
Cumaru	BR	America/Recife
Ermua	ES	Europe/Madrid
Ampliación San Mateo	MX	America/Mexico_City
Penonomé	PA	America/Panama
San Pedro de Lloc	PE	America/Lima
Ustka	PL	Europe/Warsaw
Llanquihue	CL	America/Santiago
Baiersbronn	DE	Europe/Berlin
Bikou	CN	Asia/Shanghai
Thimiri	IN	Asia/Kolkata
Ransiki	ID	Asia/Jayapura
Gernika-Lumo	ES	Europe/Madrid
Ellakkudi	IN	Asia/Kolkata
Progreso	UY	America/Montevideo
Saran	FR	Europe/Paris
Kushimoto	JP	Asia/Tokyo
Teopisca	MX	America/Merida
Teolocholco	MX	America/Mexico_City
Tooting	GB	Europe/London
Sparta	GR	Europe/Athens
Viveiro	ES	Europe/Madrid
Stepney	GB	Europe/London
Montijo	ES	Europe/Madrid
Yeung Uk Tsuen	HK	Asia/Hong_Kong
Minturno	IT	Europe/Rome
Padang Besar	MY	Asia/Kuala_Lumpur
Pelhřimov	CZ	Europe/Prague
San Mateo	PH	Asia/Manila
Kumano	JP	Asia/Tokyo
Kitama	TZ	Africa/Dar_es_Salaam
Seseña	ES	Europe/Madrid
Ibicuí	BR	America/Bahia
Rijen	NL	Europe/Amsterdam
Palagonia	IT	Europe/Rome
Laconia	US	America/New_York
Bry-sur-Marne	FR	Europe/Paris
Moonee Ponds	AU	Australia/Melbourne
Cesson-Sévigné	FR	Europe/Paris
Kamalganj	IN	Asia/Kolkata
Bétou	CG	Africa/Brazzaville
Orestiáda	GR	Europe/Athens
Yunshan	CN	Asia/Shanghai
Vechelde	DE	Europe/Berlin
Leopoldshöhe	DE	Europe/Berlin
Bellmore	US	America/New_York
Bhikangaon	IN	Asia/Kolkata
Stara Pazova	RS	Europe/Belgrade
Arhavi	TR	Europe/Istanbul
Cotorra	CO	America/Bogota
Boppard	DE	Europe/Berlin
Surkhakhi	RU	Europe/Moscow
Đại Lộc	VN	Asia/Ho_Chi_Minh
Magdalena	MX	America/Mexico_City
Halstenbek	DE	Europe/Berlin
Sa‘īdābād	IR	Asia/Tehran
Sainte-Catherine	CA	America/Toronto
Kalundborg	DK	Europe/Copenhagen
Glinde	DE	Europe/Berlin
Mungia	ES	Europe/Madrid
Beerse	BE	Europe/Brussels
Pantelimon	RO	Europe/Bucharest
Nuuanu - Punchbowl	US	Pacific/Honolulu
Hibbing	US	America/Chicago
Sudley	US	America/New_York
Berezan	UA	Europe/Kyiv
Piaçabuçu	BR	America/Maceio
Brak	LY	Africa/Tripoli
Svyatopetrivske	UA	Europe/Kyiv
Chunskiy	RU	Asia/Irkutsk
Qingyang	CN	Asia/Shanghai
Neelagiri	IN	Asia/Kolkata
Dublin	US	America/New_York
Izamal	MX	America/Merida
Kuliouou - Kalani Iki	US	Pacific/Honolulu
Frischgewaagd	ZA	Africa/Johannesburg
Bassum	DE	Europe/Berlin
Zīr Āb	IR	Asia/Tehran
Kamyzyak	RU	Europe/Astrakhan
Ar Radīsīyah Qiblī	EG	Africa/Cairo
Tremedal	BR	America/Bahia
Cattolica	IT	Europe/Rome
Tocantins	BR	America/Sao_Paulo
Jalakandapuram	IN	Asia/Kolkata
Mullānwāla	IN	Asia/Kolkata
Bayt Jālā	PS	Asia/Hebron
Stadt Winterthur (Kreis 1)	CH	Europe/Zurich
Le Pontet	FR	Europe/Paris
Tukums	LV	Europe/Riga
Coos Bay	US	America/Los_Angeles
Mujia	CN	Asia/Shanghai
Thenia	DZ	Africa/Algiers
San Miguel De Abona	ES	Atlantic/Canary
Kamabi	GN	Africa/Conakry
Aurora	PH	Asia/Manila
Yeang	KH	Asia/Phnom_Penh
Banbridge	GB	Europe/London
Huarmey	PE	America/Lima
Braemar Hill	HK	Asia/Hong_Kong
Manly	AU	Australia/Sydney
Neuenhagen	DE	Europe/Berlin
Krasnogvardeyskoye	RU	Europe/Moscow
Pujilí	EC	America/Guayaquil
Medina	MX	America/Mexico_City
Shahr Sultan	PK	Asia/Karachi
Pandaria	IN	Asia/Kolkata
Lansing-Westgate	CA	America/Toronto
Montbrison	FR	Europe/Paris
Thiruvaiyaru	IN	Asia/Kolkata
Al Yāmūn	PS	Asia/Hebron
Faches-Thumesnil	FR	Europe/Paris
Hope Mills	US	America/New_York
West Pennant Hills	AU	Australia/Sydney
Iziaslav	UA	Europe/Kyiv
Bucerías	MX	America/Bahia_Banderas
Cimarron Hills	US	America/Denver
Zhongba	CN	Asia/Shanghai
Elandakuttai	IN	Asia/Kolkata
Shilovo	RU	Europe/Moscow
Katy	US	America/Chicago
Brunswick	US	America/New_York
Dazhuang	CN	Asia/Shanghai
Bačka Topola	RS	Europe/Belgrade
Kosovo Polje	XK	Europe/Belgrade
Ít Ong	VN	Asia/Bangkok
San Francisco	SV	America/El_Salvador
Clarksburg	US	America/New_York
Ginosa	IT	Europe/Rome
Jollyville	US	America/Chicago
Caldera	CL	America/Santiago
Brake (Unterweser)	DE	Europe/Berlin
Penicuik	GB	Europe/London
Sānwer	IN	Asia/Kolkata
Maaspoort	NL	Europe/Amsterdam
Highland Village	US	America/Chicago
Itirapina	BR	America/Sao_Paulo
Arsin	TR	Europe/Istanbul
Košíře	CZ	Europe/Prague
Svatove	UA	Europe/Kyiv
Schrobenhausen	DE	Europe/Berlin
Lang Suan	TH	Asia/Bangkok
Ocean Acres	US	America/New_York
Linden-Nord	DE	Europe/Berlin
Rahden	DE	Europe/Berlin
Nallavila	IN	Asia/Kolkata
Viroflay	FR	Europe/Paris
Staszów	PL	Europe/Warsaw
Kāmayakkavundanpatti	IN	Asia/Kolkata
Gryazovets	RU	Europe/Moscow
Ugie	ZA	Africa/Johannesburg
Río Colorado	AR	America/Argentina/Salta
Roehampton	GB	Europe/London
Wolf Trap	US	America/New_York
Urucará	BR	America/Manaus
Bījāpur	IN	Asia/Kolkata
Yeni Suraxanı	AZ	Asia/Baku
Lohr am Main	DE	Europe/Berlin
Madison	US	America/New_York
Kuthalam	IN	Asia/Kolkata
Nagasu	JP	Asia/Tokyo
Santa Ana Xalmimilulco	MX	America/Mexico_City
Künzell	DE	Europe/Berlin
San Francisco de los Romo	MX	America/Mexico_City
Bumpe	SL	Africa/Freetown
Neerpelt	BE	Europe/Brussels
Mariestad	SE	Europe/Stockholm
Littau	CH	Europe/Zurich
Maying	CN	Asia/Shanghai
Lindenholt	NL	Europe/Amsterdam
Grangemouth	GB	Europe/London
Harlingen	NL	Europe/Amsterdam
Al Quţayfah	SY	Asia/Damascus
Morong	PH	Asia/Manila
San Vicente	PH	Asia/Manila
Portland	US	America/Chicago
Midway	US	America/Chicago
Ambarakaraka	MG	Indian/Antananarivo
Cherukunnu	IN	Asia/Kolkata
Chengalam	IN	Asia/Kolkata
Itaeté	BR	America/Bahia
Phumĭ Âmpĭl Leu	KH	Asia/Phnom_Penh
Calatagan	PH	Asia/Manila
Scicli	IT	Europe/Rome
Kamiya	JP	Asia/Tokyo
Tarqui	CO	America/Bogota
Kuda	IN	Asia/Kolkata
Logoualé	CI	Africa/Abidjan
Strzegom	PL	Europe/Warsaw
Canudos	BR	America/Bahia
Brüggen	DE	Europe/Berlin
Les Sables-d'Olonne	FR	Europe/Paris
Shahrak-e Mohandesī-ye Zerā‘ī	IR	Asia/Tehran
Ayang-ni	KP	Asia/Pyongyang
Hualin	CN	Asia/Shanghai
Shiwan	CN	Asia/Shanghai
Leça do Bailio	PT	Europe/Lisbon
Valenzano	IT	Europe/Rome
Kilwinning	GB	Europe/London
Trubchevsk	RU	Europe/Moscow
Sukhinichi	RU	Europe/Moscow
Kybalchych	UA	Europe/Kyiv
El Dorado	VE	America/Caracas
Nkhata Bay	MW	Africa/Blantyre
Sulphur Springs	US	America/Chicago
Jacupiranga	BR	America/Sao_Paulo
Newtonbrook East	CA	America/Toronto
Driouch	MA	Africa/Casablanca
Novaliches Proper	PH	Asia/Manila
Concordia	CO	America/Bogota
Cage Mazumbo	AO	Africa/Luanda
Ryton	GB	Europe/London
Maryland City	US	America/New_York
Manatí	PR	America/Puerto_Rico
Vialonga	PT	Europe/Lisbon
Pavlovsk	RU	Europe/Moscow
Bagale	ZA	Africa/Johannesburg
Chevvoor	IN	Asia/Kolkata
Vāniyamkulam	IN	Asia/Kolkata
Tepatlaxco de Hidalgo	MX	America/Mexico_City
Saint-Loup	FR	Europe/Paris
Upper Norwood	GB	Europe/London
Erwitte	DE	Europe/Berlin
Buraca	PT	Europe/Lisbon
Hudiksvall	SE	Europe/Stockholm
Siloam Springs	US	America/Chicago
Pango Aluquém	AO	Africa/Luanda
Drochia	MD	Europe/Chisinau
Penzberg	DE	Europe/Berlin
Tevāram	IN	Asia/Kolkata
Phu Kradueng	TH	Asia/Bangkok
Santiago Tulantepec	MX	America/Mexico_City
Belidzhi	RU	Europe/Moscow
Bembla et Mnara	TN	Africa/Tunis
Kukawa	NG	Africa/Lagos
Mwansabombwe	ZM	Africa/Lusaka
Saint-Leu-la-Forêt	FR	Europe/Paris
Bhiloda	IN	Asia/Kolkata
Fraccionamiento Ciudad Olmeca	MX	America/Mexico_City
Zürich (Kreis 2) / Wollishofen	CH	Europe/Zurich
Svitavy	CZ	Europe/Prague
Aguadilla	PR	America/Puerto_Rico
Yulong	CN	Asia/Shanghai
Thị Trấn Việt Quang	VN	Asia/Bangkok
Xiaochangshan	CN	Asia/Shanghai
Hoi Lai Estate	HK	Asia/Hong_Kong
Sezze	IT	Europe/Rome
Radzyń Podlaski	PL	Europe/Warsaw
Seafair	CA	America/Vancouver
San Juan de Flores	HN	America/Tegucigalpa
Castel Maggiore	IT	Europe/Rome
São Lourenço da Serra	BR	America/Sao_Paulo
Laem Sing	TH	Asia/Bangkok
Paropo	ID	Asia/Jakarta
Shāhi	IN	Asia/Kolkata
Kasumi	JP	Asia/Tokyo
Ham Lake	US	America/Chicago
Chongoyape	PE	America/Lima
Fonte Boa	BR	America/Manaus
La Roda	ES	Europe/Madrid
West Columbia	US	America/New_York
Frankfort	US	America/Indiana/Indianapolis
Ardestān	IR	Asia/Tehran
Phanom Sarakham	TH	Asia/Bangkok
Siuna	NI	America/Managua
Golitsyno	RU	Europe/Moscow
Carlton	AU	Australia/Melbourne
Witzenhausen	DE	Europe/Berlin
Matsuzaki	JP	Asia/Tokyo
Petit Grabo	CI	Africa/Abidjan
Kedia	IN	Asia/Kolkata
Vatra Dornei	RO	Europe/Bucharest
Pohjois-Hervanta	FI	Europe/Helsinki
Saint-Fons	FR	Europe/Paris
Jičín	CZ	Europe/Prague
Bad Segeberg	DE	Europe/Berlin
Landerneau	FR	Europe/Paris
Rissen	DE	Europe/Berlin
Mount Pleasant	US	America/Chicago
Dyer	US	America/Chicago
Horodok	UA	Europe/Kyiv
Rye	US	America/New_York
Fort Hunt	US	America/New_York
Nikolayevsk	RU	Europe/Volgograd
Alexandra Hills	AU	Australia/Brisbane
Ginsheim-Gustavsburg	DE	Europe/Berlin
Hakurōmachi	JP	Asia/Tokyo
Bulolo	PG	Pacific/Port_Moresby
Leeudoringstad	ZA	Africa/Johannesburg
Agudo	BR	America/Sao_Paulo
Glenwood	AU	Australia/Sydney
Ora-dong	KR	Asia/Seoul
Weg naar Zee	SR	America/Paramaribo
Tonga	CM	Africa/Douala
Đinh Văn	VN	Asia/Ho_Chi_Minh
Świerczewo	PL	Europe/Warsaw
Ea Pốc	VN	Asia/Ho_Chi_Minh
Worcester Park	GB	Europe/London
Mount Davis	HK	Asia/Hong_Kong
Americus	US	America/New_York
Hermitage	US	America/New_York
Simga	IN	Asia/Kolkata
Tô	BF	Africa/Ouagadougou
El Grao	ES	Europe/Madrid
Ângk Tasaôm	KH	Asia/Phnom_Penh
Buffalo	US	America/Chicago
Kandamkunnu	IN	Asia/Kolkata
Cajueiro	BR	America/Maceio
Damme	DE	Europe/Berlin
Crawfordsville	US	America/Indiana/Indianapolis
Canovelles	ES	Europe/Madrid
Qusar	AZ	Asia/Baku
Petershausen-West	DE	Europe/Berlin
Juchitepec	MX	America/Mexico_City
Osowa	PL	Europe/Warsaw
Lake Mary	US	America/New_York
Viewpark	GB	Europe/London
Wardenburg	DE	Europe/Berlin
Zherdevka	RU	Europe/Moscow
Baibli	CI	Africa/Abidjan
Grefrath	DE	Europe/Berlin
Kudāl	IN	Asia/Kolkata
Giruá	BR	America/Sao_Paulo
Monte-Carlo	MC	Europe/Monaco
Duffel	BE	Europe/Brussels
Pīshīn	IR	Asia/Tehran
Bracebridge	CA	America/Toronto
Othmarschen	DE	Europe/Berlin
Sátiro Dias	BR	America/Bahia
Lembeni	TZ	Africa/Dar_es_Salaam
Monte Negro	BR	America/Porto_Velho
Saint-Avertin	FR	Europe/Paris
Longsight	GB	Europe/London
Loboville	CI	Africa/Abidjan
Châteaudun	FR	Europe/Paris
Utnūr	IN	Asia/Kolkata
Republic	US	America/Chicago
Albemarle	US	America/New_York
San Giovanni Valdarno	IT	Europe/Rome
Hindoria	IN	Asia/Kolkata
El Rosario	MX	America/Mazatlan
Patos	AL	Europe/Tirane
Muswellbrook	AU	Australia/Sydney
Sint-Kruis	BE	Europe/Brussels
Oschatz	DE	Europe/Berlin
Basford	GB	Europe/London
Tongging	ID	Asia/Jakarta
Quartiere Otto	IT	Europe/Rome
Ankazondandy	MG	Indian/Antananarivo
Alarobia	MG	Indian/Antananarivo
Kampung Machap Baru	MY	Asia/Kuala_Lumpur
Hoge Vucht	NL	Europe/Amsterdam
Karimabad	PK	Asia/Karachi
Tullinge	SE	Europe/Stockholm
Kafia Kingi	SS	Africa/Juba
Baukau	TL	Asia/Dili
Venilale	TL	Asia/Dili
Sarigerme	TR	Europe/Istanbul
Trudivskyi	UA	Europe/Kyiv
Kyazanga	UG	Africa/Kampala
Buhesi	UG	Africa/Kampala
Manafwa	UG	Africa/Kampala
Cherry Hill	US	America/New_York
Betma	IN	Asia/Kolkata
El Camino Real	US	America/Los_Angeles
Vellakkinar	IN	Asia/Kolkata
Kappiyara	IN	Asia/Kolkata
San Rafael Tlanalapan	MX	America/Mexico_City
Country Walk	US	America/New_York
Makwassie	ZA	Africa/Johannesburg
Janakkala	FI	Europe/Helsinki
Gemert	NL	Europe/Amsterdam
Fléron	BE	Europe/Brussels
Dianga	CN	Asia/Shanghai
Horodok	UA	Europe/Kyiv
Pasaia	ES	Europe/Madrid
Püspökladány	HU	Europe/Budapest
Riverdale	US	America/New_York
Australind	AU	Australia/Perth
Torodi	NE	Africa/Niamey
Brad	RO	Europe/Bucharest
Limehouse	GB	Europe/London
Mascot	AU	Australia/Sydney
Akwanga	NG	Africa/Lagos
Abington	US	America/New_York
Issoire	FR	Europe/Paris
Beckingen	DE	Europe/Berlin
Belén Gualcho	HN	America/Tegucigalpa
Phú Đô	VN	Asia/Bangkok
Duncraig	AU	Australia/Perth
Balaungi	IN	Asia/Kolkata
Vicente Guerrero	MX	America/Monterrey
Balneário Rincão	BR	America/Sao_Paulo
Dashan	CN	Asia/Shanghai
Hājo	IN	Asia/Kolkata
Sodhri	PK	Asia/Karachi
Biliri	NG	Africa/Lagos
Kalabagh	PK	Asia/Karachi
Thulamahashi	ZA	Africa/Johannesburg
Broxburn	GB	Europe/London
Tsotsin-Yurt	RU	Europe/Moscow
Forio	IT	Europe/Rome
Floral Park	US	America/New_York
Seven Sisters	GB	Europe/London
Sangre Grande	TT	America/Port_of_Spain
Shahrak	AF	Asia/Kabul
Chertsey	GB	Europe/London
Nakaiburi	JP	Asia/Tokyo
Prosper	US	America/Chicago
Gien	FR	Europe/Paris
Walnut Park	US	America/Los_Angeles
Kunda dya Baze	AO	Africa/Luanda
Coorparoo	AU	Australia/Brisbane
Kippax	GB	Europe/London
Zola Predosa	IT	Europe/Rome
Karusi	BI	Africa/Bujumbura
Māliya	IN	Asia/Kolkata
Gurun	MY	Asia/Kuala_Lumpur
Ashton	ZA	Africa/Johannesburg
Blankenburg	DE	Europe/Berlin
Bayeux	FR	Europe/Paris
Pecan Grove	US	America/Chicago
Hövelhof	DE	Europe/Berlin
Cordenons	IT	Europe/Rome
Machipanda	MZ	Africa/Maputo
Kombai	IN	Asia/Kolkata
Asāra	IN	Asia/Kolkata
Ban Mo	TH	Asia/Bangkok
Overland	US	America/Chicago
Gansbaai	ZA	Africa/Johannesburg
Ferreiros	BR	America/Recife
Corvera de Asturias	ES	Europe/Madrid
Hostafrancs	ES	Europe/Madrid
Oyamazaki	JP	Asia/Tokyo
Grandville	US	America/Detroit
Uslar	DE	Europe/Berlin
Konjic	BA	Europe/Sarajevo
Colônia Leopoldina	BR	America/Recife
Hettstedt	DE	Europe/Berlin
Candiac	CA	America/Toronto
Starobilsk	UA	Europe/Kyiv
Four Corners	US	America/Los_Angeles
Alsfeld	DE	Europe/Berlin
Ealing Common	GB	Europe/London
Puurs	BE	Europe/Brussels
Koothappar	IN	Asia/Kolkata
Sunland Park	US	America/Denver
Gentilly	FR	Europe/Paris
Mangalmé	TD	Africa/Ndjamena
Château-Thierry	FR	Europe/Paris
Barrio de Peral	ES	Europe/Madrid
Kōge	JP	Asia/Tokyo
River Atuwara	NG	Africa/Lagos
Pangkham	MM	Asia/Yangon
Campanha	BR	America/Sao_Paulo
Cliffcrest	CA	America/Toronto
Udalguri	IN	Asia/Kolkata
Iperu	NG	Africa/Lagos
Port-de-Bouc	FR	Europe/Paris
Conisbrough	GB	Europe/London
Vaso	IN	Asia/Kolkata
Merke	KZ	Asia/Almaty
Codru	MD	Europe/Chisinau
Shan Chaung	MM	Asia/Yangon
Bodaybo	RU	Asia/Irkutsk
Chānasma	IN	Asia/Kolkata
Boothapandi	IN	Asia/Kolkata
North Liberty	US	America/Chicago
Neustadt in Holstein	DE	Europe/Berlin
Johnstone	GB	Europe/London
Keflavík	IS	Atlantic/Reykjavik
Pèrèrè	BJ	Africa/Porto-Novo
Grenchen	CH	Europe/Zurich
Burlington	US	America/New_York
Västra Frölunda	SE	Europe/Stockholm
Lijia	CN	Asia/Shanghai
Ciudad de Armería	MX	America/Mexico_City
Olecko	PL	Europe/Warsaw
Bharanikāvu Tekku	IN	Asia/Kolkata
Baskil	TR	Europe/Istanbul
Parole	US	America/New_York
Vincent	US	America/Los_Angeles
Vincent	US	America/Los_Angeles
Ratekau	DE	Europe/Berlin
Southchase	US	America/New_York
Lara	AU	Australia/Melbourne
Ebersbach an der Fils	DE	Europe/Berlin
Senirkent	TR	Europe/Istanbul
Mirante do Paranapanema	BR	America/Sao_Paulo
Csepel-Királyerdő	HU	Europe/Budapest
Ukiah	US	America/Los_Angeles
Trento	PH	Asia/Manila
Dilijan	AM	Asia/Yerevan
Guadalupe	CO	America/Bogota
Garwolin	PL	Europe/Warsaw
Tecámac de Felipe Villanueva	MX	America/Mexico_City
Quixelô	BR	America/Fortaleza
Gagny	CI	Africa/Abidjan
Assa	MA	Africa/Casablanca
Pestovo	RU	Europe/Moscow
Pont-à-Celles	BE	Europe/Brussels
Freilassing	DE	Europe/Berlin
Nakanobu	JP	Asia/Tokyo
Unterkrozingen	DE	Europe/Berlin
Hayes	GB	Europe/London
Rura	IN	Asia/Kolkata
La Marque	US	America/Chicago
Messica	MZ	Africa/Maputo
L'Assomption	CA	America/Toronto
Pigüé	AR	America/Argentina/Buenos_Aires
Saint-Égrève	FR	Europe/Paris
North Arlington	US	America/New_York
La Palma	US	America/Los_Angeles
Melenki	RU	Europe/Moscow
Kozanów	PL	Europe/Warsaw
Carmen de Areco	AR	America/Argentina/Buenos_Aires
Embalse	AR	America/Argentina/Cordoba
Mário Campos	BR	America/Sao_Paulo
Kazo	UG	Africa/Kampala
Kakumiro	UG	Africa/Kampala
Villers-lès-Nancy	FR	Europe/Paris
Bunjwah	IN	Asia/Kolkata
Sava	IT	Europe/Rome
Nesvizh	BY	Europe/Minsk
Isabela	PH	Asia/Manila
Villafranca di Verona	IT	Europe/Rome
Seagoville	US	America/Chicago
Atalaia do Norte	BR	America/Eirunepe
Greater Napanee	CA	America/Toronto
Brie-Comte-Robert	FR	Europe/Paris
Lebanon	US	America/Indiana/Indianapolis
Barentu	ER	Africa/Asmara
Chandia	IN	Asia/Kolkata
Cerejeiras	BR	America/Porto_Velho
Busembatia	UG	Africa/Kampala
Vijayapuri North	IN	Asia/Kolkata
Mankayan	PH	Asia/Manila
Gentbrugge	BE	Europe/Brussels
Clayton	US	America/Chicago
Tlokoeng	ZA	Africa/Johannesburg
Cerveteri	IT	Europe/Rome
Mtsapéré	YT	Indian/Mayotte
Mahires	TN	Africa/Tunis
Boissy-Saint-Léger	FR	Europe/Paris
Khaniādhāna	IN	Asia/Kolkata
Pearl River	US	America/New_York
Thubelihle	ZA	Africa/Johannesburg
Colima	CR	America/Costa_Rica
Zinapécuaro de Figueroa	MX	America/Mexico_City
Conyers	US	America/New_York
Göd	HU	Europe/Budapest
Bathurst Manor	CA	America/Toronto
Zéaglo	CI	Africa/Abidjan
Mozarlândia	BR	America/Sao_Paulo
Rosso	MR	Africa/Nouakchott
Myrtle Grove	US	America/Chicago
Linxi	CN	Asia/Shanghai
Aldine	US	America/Chicago
Banora Point	AU	Australia/Sydney
Kannampālaiyam	IN	Asia/Kolkata
Bressanone	IT	Europe/Rome
Bar	ME	Europe/Podgorica
Narragansett	US	America/New_York
Einsiedeln	CH	Europe/Zurich
Pokrov	RU	Europe/Moscow
Petushki	RU	Europe/Moscow
Wang Noi	TH	Asia/Bangkok
Sayō	JP	Asia/Tokyo
Mezgor'e	RU	Asia/Yekaterinburg
Pipraich	IN	Asia/Kolkata
Beaufort	MY	Asia/Kuching
Tupi Paulista	BR	America/Sao_Paulo
Carmarthen	GB	Europe/London
Kaukauna	US	America/Chicago
les Escaldes	AD	Europe/Andorra
Sankt Leonhard	AT	Europe/Vienna
Guéret	FR	Europe/Paris
Inokashira	JP	Asia/Tokyo
Santiago Tlacotepec	MX	America/Mexico_City
Okrouyo	CI	Africa/Abidjan
Toma	BF	Africa/Ouagadougou
Bruckmühl	DE	Europe/Berlin
Akjoujt	MR	Africa/Nouakchott
Albufeira	PT	Europe/Lisbon
Baguim do Monte	PT	Europe/Lisbon
Binyamina-Giv‘at ‘Ada	IL	Asia/Jerusalem
Binyamina-Giv'at Ada	IL	Asia/Jerusalem
Srivaikuntam	IN	Asia/Kolkata
Abhayāpuri	IN	Asia/Kolkata
Azhatebage	CN	Asia/Urumqi
Port Washington	US	America/New_York
Bonito	BR	America/Bahia
Sanarate	GT	America/Guatemala
El Escorial	ES	Europe/Madrid
Hoyland Nether	GB	Europe/London
New Port Richey	US	America/New_York
Bédiondo	TD	Africa/Ndjamena
Sunel	IN	Asia/Kolkata
Arzgir	RU	Europe/Moscow
Aurora	US	America/New_York
Maillardville	CA	America/Vancouver
Unhel	IN	Asia/Kolkata
Sisauli	IN	Asia/Kolkata
Tadley	GB	Europe/London
Gnépasso	CI	Africa/Abidjan
Ivanovo	BY	Europe/Minsk
Sagalo	ML	Africa/Bamako
Adams Morgan	US	America/New_York
Steinbach	CA	America/Winnipeg
Surry Hills	AU	Australia/Sydney
Apostolove	UA	Europe/Kyiv
Yakumo	JP	Asia/Tokyo
Slobozhanske	UA	Europe/Kyiv
Locarno	CH	Europe/Zurich
Rutland	US	America/New_York
Balneário Arroio do Silva	BR	America/Sao_Paulo
Ulongué	MZ	Africa/Maputo
Blerick	NL	Europe/Amsterdam
Tammenga	SR	America/Paramaribo
Pleasant View	CA	America/Toronto
Asbury Park	US	America/New_York
Lake Country	CA	America/Vancouver
Pok Hong	HK	Asia/Hong_Kong
Marattakara	IN	Asia/Kolkata
Yōga	JP	Asia/Tokyo
Kutchan	JP	Asia/Tokyo
Flakièdougou	CI	Africa/Abidjan
San Nicandro Garganico	IT	Europe/Rome
San Clemente	PE	America/Lima
Makkasan	TH	Asia/Bangkok
Olsberg	DE	Europe/Berlin
Lutherville-Timonium	US	America/New_York
Sant Just Desvern	ES	Europe/Madrid
Vadakkēkkād	IN	Asia/Kolkata
Boom	BE	Europe/Brussels
Riemst	BE	Europe/Brussels
Domchānch	IN	Asia/Kolkata
Canutama	BR	America/Manaus
UC Irvine	US	America/Los_Angeles
Gwaram	NG	Africa/Lagos
Przeworsk	PL	Europe/Warsaw
Haftkel	IR	Asia/Tehran
Ashland	US	America/New_York
Swanscombe	GB	Europe/London
Hybla Valley	US	America/New_York
Saint-Henri	CA	America/Toronto
Kallar Kahar	PK	Asia/Karachi
Alcobaça	PT	Europe/Lisbon
Kyamahungu	UG	Africa/Kampala
Lianhu	CN	Asia/Shanghai
Molakālumuru	IN	Asia/Kolkata
Minamiminowa	JP	Asia/Tokyo
Nymburk	CZ	Europe/Prague
Conceição do Almeida	BR	America/Bahia
Gaoulou	CI	Africa/Abidjan
Daggakraal	ZA	Africa/Johannesburg
Chenôve	FR	Europe/Paris
Sinnai	IT	Europe/Rome
Jalda	IN	Asia/Kolkata
Bohuslav	UA	Europe/Kyiv
Žytkavičy	BY	Europe/Minsk
Jodiya Bandar	IN	Asia/Kolkata
Dera Colliery Township	IN	Asia/Kolkata
Ōarai	JP	Asia/Tokyo
Lourdes	FR	Europe/Paris
Ljungby	SE	Europe/Stockholm
Milanówek	PL	Europe/Warsaw
Longmeadow	US	America/New_York
Holalkere	IN	Asia/Kolkata
San Giovanni in Persiceto	IT	Europe/Rome
Rakovski	BG	Europe/Sofia
Salgar	CO	America/Bogota
Elkton	US	America/New_York
Royston	GB	Europe/London
Schiffweiler	DE	Europe/Berlin
Lubnjow	DE	Europe/Berlin
Dumra	IN	Asia/Kolkata
Strawberry Mansion	US	America/New_York
Benito Juárez	AR	America/Argentina/Buenos_Aires
Yoro	HN	America/Tegucigalpa
Kamiigusa	JP	Asia/Tokyo
Lagoa Real	BR	America/Bahia
Pudukkottai	IN	Asia/Kolkata
Preetz	DE	Europe/Berlin
Mennānyam	IN	Asia/Kolkata
Sonpet	IN	Asia/Kolkata
Binika	IN	Asia/Kolkata
Staphorst	NL	Europe/Amsterdam
Oderzo	IT	Europe/Rome
Vermoim	PT	Europe/Lisbon
Cala	ZA	Africa/Johannesburg
Darien	CO	America/Bogota
Wakuya	JP	Asia/Tokyo
Bahacheve	UA	Europe/Kyiv
Grosse Pointe Woods	US	America/Detroit
Dhārni	IN	Asia/Kolkata
Bāngarda	IN	Asia/Kolkata
Santa Lucía	CO	America/Bogota
Warichaphum	TH	Asia/Bangkok
Alton	US	America/Chicago
Gračanica	BA	Europe/Sarajevo
Fort William	GB	Europe/London
New Cross	GB	Europe/London
Thandla	IN	Asia/Kolkata
Salsomaggiore Terme	IT	Europe/Rome
Nobres	BR	America/Cuiaba
Pinehurst	US	America/New_York
Ké-Macina	ML	Africa/Bamako
Groves	US	America/Chicago
Khuldābād	IN	Asia/Kolkata
Wittenheim	FR	Europe/Paris
Wang Saphung	TH	Asia/Bangkok
Iporã	BR	America/Sao_Paulo
Elumalai	IN	Asia/Kolkata
Różanka-Polanka	PL	Europe/Warsaw
Herisau	CH	Europe/Zurich
Khetia	IN	Asia/Kolkata
Xinsheng	CN	Asia/Shanghai
Canteleu	FR	Europe/Paris
General Pinedo	AR	America/Argentina/Cordoba
Ujar	AZ	Asia/Baku
West University Place	US	America/Chicago
Orient Heights	US	America/New_York
Hunts Cross	GB	Europe/London
Bhudgaon	IN	Asia/Kolkata
Daigo	JP	Asia/Tokyo
Santa Juliana	BR	America/Sao_Paulo
Ōgi	JP	Asia/Tokyo
Choszczno	PL	Europe/Warsaw
Svetogorsk	RU	Europe/Moscow
Bad Essen	DE	Europe/Berlin
Bugaragara	RW	Africa/Kigali
Khusropur	IN	Asia/Kolkata
Wilkinsburg	US	America/New_York
Persianovka	RU	Europe/Moscow
Wendlingen am Neckar	DE	Europe/Berlin
Gura Humorului	RO	Europe/Bucharest
Correia Pinto	BR	America/Sao_Paulo
Yerkhera	IN	Asia/Kolkata
Manassas Park	US	America/New_York
Willow Grove	US	America/New_York
Orizona	BR	America/Sao_Paulo
Świdwin	PL	Europe/Warsaw
Wadi Halfa	SD	Africa/Khartoum
Gatesville	US	America/Chicago
Avon Center	US	America/New_York
Henry Farm	CA	America/Toronto
Kelheim	DE	Europe/Berlin
Koumpentoum	SN	Africa/Dakar
La Grange	US	America/Chicago
Şimleu Silvaniei	RO	Europe/Bucharest
İstinye	TR	Europe/Istanbul
Mont-Saint-Hilaire	CA	America/Toronto
Maruim	BR	America/Maceio
Lido	IT	Europe/Rome
Zürich (Kreis 10) / Wipkingen	CH	Europe/Zurich
Weener	DE	Europe/Berlin
Coronel João Sá	BR	America/Bahia
Great Bend	US	America/Chicago
Kolia	CI	Africa/Abidjan
Kinarut	MY	Asia/Kuching
Soba	NG	Africa/Lagos
Khatīma	IN	Asia/Kolkata
Campinápolis	BR	America/Cuiaba
Dāpoli	IN	Asia/Kolkata
Bari Sādri	IN	Asia/Kolkata
Shively	US	America/Kentucky/Louisville
Coelemu	CL	America/Santiago
Highland Springs	US	America/New_York
Baildon	GB	Europe/London
Hueytown	US	America/Chicago
Steffisburg	CH	Europe/Zurich
Eifuku	JP	Asia/Tokyo
Talladega	US	America/Chicago
New Haven	US	America/Indiana/Indianapolis
Mill Creek East	US	America/Los_Angeles
Āsmār	AF	Asia/Kabul
Osmaneli	TR	Europe/Istanbul
Marte	NG	Africa/Lagos
Dunayivtsi	UA	Europe/Kyiv
Kumārapālaiyam	IN	Asia/Kolkata
Morges	CH	Europe/Zurich
Střížkov	CZ	Europe/Prague
Estrela de Alagoas	BR	America/Maceio
Kamachumu	TZ	Africa/Dar_es_Salaam
Venëv	RU	Europe/Moscow
Divnoye	RU	Europe/Moscow
Kasambya	UG	Africa/Kampala
Kabilpor	IN	Asia/Kolkata
Galliate	IT	Europe/Rome
Kanō	JP	Asia/Tokyo
Koolauloa	US	Pacific/Honolulu
Middleburg Heights	US	America/New_York
Casula	AU	Australia/Sydney
Jalpa de Méndez	MX	America/Mexico_City
Mukingo	RW	Africa/Kigali
Haubourdin	FR	Europe/Paris
Crépy-en-Valois	FR	Europe/Paris
Handlová	SK	Europe/Bratislava
Sinanju	KP	Asia/Pyongyang
Stjørdalshalsen	NO	Europe/Oslo
Fernie	ZA	Africa/Johannesburg
Semender	RU	Europe/Moscow
Sumidouro	BR	America/Sao_Paulo
Periyapatti	IN	Asia/Kolkata
Yamjāl	IN	Asia/Kolkata
Wetzelsdorf	AT	Europe/Vienna
Ushitsu	JP	Asia/Tokyo
Amizmiz	MA	Africa/Casablanca
Ṭinṭâne	MR	Africa/Nouakchott
Taylor-Massey	CA	America/Toronto
Rakovník	CZ	Europe/Prague
Sashiki	JP	Asia/Tokyo
Carterton	GB	Europe/London
Zeulenroda-Triebes	DE	Europe/Berlin
Ezine	TR	Europe/Istanbul
Rāhon	IN	Asia/Kolkata
Berck-Plage	FR	Europe/Paris
Santa Cruz de la Palma	ES	Atlantic/Canary
Los Alcázares	ES	Europe/Madrid
Vadakāncheri	IN	Asia/Kolkata
Pacific Grove	US	America/Los_Angeles
Al Safa	AE	Asia/Dubai
Porthcawl	GB	Europe/London
Dhanot	PK	Asia/Karachi
Bagar	IN	Asia/Kolkata
Kodinsk	RU	Asia/Krasnoyarsk
Balneário Gaivota	BR	America/Sao_Paulo
Tieshan	CN	Asia/Shanghai
Aguazul	CO	America/Bogota
Harnoli	PK	Asia/Karachi
Mitchell	US	America/Chicago
Gornyak	RU	Asia/Barnaul
Stará Ľubovňa	SK	Europe/Bratislava
Manaveli	IN	Asia/Kolkata
Humble	US	America/Chicago
Les Herbiers	FR	Europe/Paris
Ponders End	GB	Europe/London
Colorado do Oeste	BR	America/Porto_Velho
Greenwood Village	US	America/Denver
Le Hochet	MU	Indian/Mauritius
Peniche	PT	Europe/Lisbon
Königstein im Taunus	DE	Europe/Berlin
Manthani	IN	Asia/Kolkata
Yumare	VE	America/Caracas
Gradačac	BA	Europe/Sarajevo
Yutz	FR	Europe/Paris
Malamulele	ZA	Africa/Johannesburg
Ouessé	BJ	Africa/Porto-Novo
Ban Kèngkok	LA	Asia/Vientiane
Hale	GB	Europe/London
La Cruz	MX	America/Mazatlan
Fu Cheong Estate	HK	Asia/Hong_Kong
Al Bawīţī	EG	Africa/Cairo
Tarancón	ES	Europe/Madrid
Siderno	IT	Europe/Rome
Igaporã	BR	America/Bahia
Mount Eden	NZ	Pacific/Auckland
Cranebrook	AU	Australia/Sydney
Outreau	FR	Europe/Paris
Żabbar	MT	Europe/Malta
Riegelsberg	DE	Europe/Berlin
To Kwa Wan	HK	Asia/Hong_Kong
Mvurwi	ZW	Africa/Harare
Bryn Mawr-Skyway	US	America/Los_Angeles
Vidyavihar	IN	Asia/Kolkata
Zelenogradsk	RU	Europe/Kaliningrad
Klingenstein	DE	Europe/Berlin
Neb Sarai	IN	Asia/Kolkata
El Tejar	GT	America/Guatemala
Ustroń	PL	Europe/Warsaw
Uzhur	RU	Asia/Krasnoyarsk
Yarraville	AU	Australia/Melbourne
Manūjān	IR	Asia/Tehran
les Roquetes	ES	Europe/Madrid
Erandique	HN	America/Tegucigalpa
Lakhipur	IN	Asia/Kolkata
San Antonio	PE	America/Lima
Abuyog	PH	Asia/Manila
Sarai Sidhu	PK	Asia/Karachi
Sim	RU	Asia/Yekaterinburg
Candelaria	CO	America/Bogota
Panangad	IN	Asia/Kolkata
Manjīl	IR	Asia/Tehran
Karabash	RU	Asia/Yekaterinburg
Gossas Village	SN	Africa/Dakar
Cunco	CL	America/Santiago
Orimattila	FI	Europe/Helsinki
Aboka	CI	Africa/Abidjan
Palmitos	BR	America/Sao_Paulo
Spenge	DE	Europe/Berlin
Elland	GB	Europe/London
Chokkanāthapuram	IN	Asia/Kolkata
Eberbach	DE	Europe/Berlin
Vohipeno	MG	Indian/Antananarivo
Dignago	CI	Africa/Abidjan
Lee On	HK	Asia/Hong_Kong
Ar Rayna	IL	Asia/Jerusalem
Rakhiv	UA	Europe/Kyiv
Kamatgi	IN	Asia/Kolkata
Carcarañá	AR	America/Argentina/Cordoba
Odenthal	DE	Europe/Berlin
Kataysk	RU	Asia/Yekaterinburg
‘Uyūn al Jiwā’	SA	Asia/Riyadh
Perry Vale	GB	Europe/London
Khūtār	IN	Asia/Kolkata
Tilst	DK	Europe/Copenhagen
Sātalkheri	IN	Asia/Kolkata
Bradley	US	America/Chicago
Kara-Kulja	KG	Asia/Bishkek
Bang Mun Nak	TH	Asia/Bangkok
Ostrov	CZ	Europe/Prague
Karabanovo	RU	Europe/Moscow
Klosterneuburg	AT	Europe/Vienna
Namwala	ZM	Africa/Lusaka
Belle Vale	GB	Europe/London
Toyoyama	JP	Asia/Tokyo
Yùmén	CN	Asia/Shanghai
Maval	IN	Asia/Kolkata
McKinley Park	US	America/Chicago
Kasāra	IN	Asia/Kolkata
Nārāyankher	IN	Asia/Kolkata
Agaram	IN	Asia/Kolkata
Baben	IN	Asia/Kolkata
Berck	FR	Europe/Paris
Salangaippālaiyam	IN	Asia/Kolkata
Füssen	DE	Europe/Berlin
Vitória do Xingu	BR	America/Santarem
Baberu	IN	Asia/Kolkata
Pa Sang	TH	Asia/Bangkok
San Javier	AR	America/Argentina/Cordoba
Terra Preta	BR	America/Sao_Paulo
Saint-Basile-le-Grand	CA	America/Toronto
Marbach am Neckar	DE	Europe/Berlin
Anadyr	RU	Asia/Anadyr
Calumpang	PH	Asia/Manila
Ikalamavony	MG	Indian/Antananarivo
Govlar	AZ	Asia/Baku
Chislehurst	GB	Europe/London
Baykal’sk	RU	Asia/Irkutsk
Bilopillia	UA	Europe/Kyiv
Beylagan	AZ	Asia/Baku
Queenstown	GB	Europe/London
Tullamore	IE	Europe/Dublin
Northam	ZA	Africa/Johannesburg
Old Swan	GB	Europe/London
Nikel	RU	Europe/Moscow
Espumoso	BR	America/Sao_Paulo
Désarmes	HT	America/Port-au-Prince
Danta	IN	Asia/Kolkata
Sakai	JP	Asia/Tokyo
Bādshāhpur	IN	Asia/Kolkata
Elkridge	US	America/New_York
Zinacatepec	MX	America/Mexico_City
Ţūbās	PS	Asia/Hebron
Haripād	IN	Asia/Kolkata
Chengala	IN	Asia/Kolkata
Gulgam	IN	Asia/Kolkata
Kbombole	SN	Africa/Dakar
Khánh Hải	VN	Asia/Ho_Chi_Minh
Tulantongo	MX	America/Mexico_City
Mayenne	FR	Europe/Paris
Shimo’ochiai	JP	Asia/Tokyo
Forest Heights	CA	America/Toronto
Malaba	KE	Africa/Nairobi
Talacogon	PH	Asia/Manila
Maullín	CL	America/Santiago
Kanegasaki	JP	Asia/Tokyo
Dan Khun Thot	TH	Asia/Bangkok
Aberdeen	US	America/New_York
Puerto Esperanza	AR	America/Argentina/Cordoba
North Myrtle Beach	US	America/New_York
São Pedro do Sul	BR	America/Sao_Paulo
Audincourt	FR	Europe/Paris
Sabanitas	PA	America/Panama
Kuchinda	IN	Asia/Kolkata
Mlalo	TZ	Africa/Dar_es_Salaam
Esparza	CR	America/Costa_Rica
Kompalli	IN	Asia/Kolkata
Husainpur	IN	Asia/Kolkata
Chamgordān	IR	Asia/Tehran
Lagoa Nova	BR	America/Fortaleza
Kalher	IN	Asia/Kolkata
Nisko	PL	Europe/Warsaw
Vallcarca	ES	Europe/Madrid
Correggio	IT	Europe/Rome
Nakanojō	JP	Asia/Tokyo
Ait Yazza	MA	Africa/Casablanca
Ben Taieb	MA	Africa/Casablanca
Fortuna	BR	America/Fortaleza
Hude	DE	Europe/Berlin
Tachiarai	JP	Asia/Tokyo
Diadi	PH	Asia/Manila
Williamstown	US	America/New_York
Saltash	GB	Europe/London
Ibeto	NG	Africa/Lagos
Złotoryja	PL	Europe/Warsaw
Prakhon Chai	TH	Asia/Bangkok
Earlsfield	GB	Europe/London
Miyota	JP	Asia/Tokyo
Leduc	CA	America/Edmonton
Malango	SB	Pacific/Guadalcanal
Amstetten	AT	Europe/Vienna
Canapi	BR	America/Maceio
Little Portugal	CA	America/Toronto
Toshām	IN	Asia/Kolkata
Porto San Giorgio	IT	Europe/Rome
Çat	TR	Europe/Istanbul
Harare Western Suburbs	ZW	Africa/Harare
Baituo	CN	Asia/Shanghai
Long Beach	US	America/Chicago
el Turó de la Peira	ES	Europe/Madrid
Ponmana	IN	Asia/Kolkata
Balma	FR	Europe/Paris
Wimborne Minster	GB	Europe/London
Pimentel	PE	America/Lima
Peer	BE	Europe/Brussels
West Ham	GB	Europe/London
Otsego	US	America/Chicago
Boulder City	US	America/Los_Angeles
Natividade	BR	America/Sao_Paulo
Magog	CA	America/Toronto
Higashigotanda	JP	Asia/Tokyo
Wujia	CN	Asia/Shanghai
Fillmore	US	America/Los_Angeles
Montalvo	EC	America/Guayaquil
Toneri	JP	Asia/Tokyo
Santa Cecília	BR	America/Sao_Paulo
Humbermede	CA	America/Toronto
Sanjan	IN	Asia/Kolkata
Fouriesburg	ZA	Africa/Johannesburg
El Torno	BO	America/La_Paz
Logoysk	BY	Europe/Minsk
Chiari	IT	Europe/Rome
Lake Wales	US	America/New_York
Hautmont	FR	Europe/Paris
Allerton	GB	Europe/London
Bukuru	NG	Africa/Lagos
Bilsanda	IN	Asia/Kolkata
Venceremos	MX	America/Mexico_City
Anchau	NG	Africa/Lagos
Bou Izakarn	MA	Africa/Casablanca
Libres	MX	America/Mexico_City
Alum Rock	US	America/Los_Angeles
Charqueada	BR	America/Sao_Paulo
Edenbridge-Humber Valley	CA	America/Toronto
Albany Creek	AU	Australia/Brisbane
Monte Plata	DO	America/Santo_Domingo
Anār	IR	Asia/Tehran
Satipo	PE	America/Lima
Mizil	RO	Europe/Bucharest
Erskine	GB	Europe/London
Çağlayancerit	TR	Europe/Istanbul
Colonia Wanda	AR	America/Argentina/Cordoba
Razumnoye	RU	Europe/Moscow
Itariri	BR	America/Sao_Paulo
Łęczyca	PL	Europe/Warsaw
Thap Khlo	TH	Asia/Bangkok
Zengfu	CN	Asia/Shanghai
Carlet	ES	Europe/Madrid
Pedregulho	BR	America/Sao_Paulo
La Solana	ES	Europe/Madrid
Gaogu	CN	Asia/Shanghai
Zürich (Kreis 8)	CH	Europe/Zurich
Lognes	FR	Europe/Paris
Leteri	IN	Asia/Kolkata
Wombwell	GB	Europe/London
Addison	US	America/Chicago
Fengling	CN	Asia/Shanghai
Makuyuni	TZ	Africa/Dar_es_Salaam
Diksmuide	BE	Europe/Brussels
Diapaga	BF	Africa/Ouagadougou
Passa Quatro	BR	America/Sao_Paulo
Campo Grande	PT	Europe/Lisbon
Usagara	TZ	Africa/Dar_es_Salaam
Ahualulco de Mercado	MX	America/Mexico_City
Kirundo	BI	Africa/Bujumbura
Sant Carles de la Ràpita	ES	Europe/Madrid
Sassenheim	NL	Europe/Amsterdam
Montornès del Vallès	ES	Europe/Madrid
Bin Jawwād	LY	Africa/Tripoli
East Riverdale	US	America/New_York
Bad Bentheim	DE	Europe/Berlin
San Pablo Oztotepec	MX	America/Mexico_City
Laurinburg	US	America/New_York
Nova Timboteua	BR	America/Belem
Vettavalam	IN	Asia/Kolkata
Morteẕá Gerd	IR	Asia/Tehran
Teodoro Schmidt	CL	America/Santiago
Furzedown	GB	Europe/London
Leixlip	IE	Europe/Dublin
Shushary	RU	Europe/Moscow
Hernando	US	America/Chicago
Hayange	FR	Europe/Paris
Kellabine	TN	Africa/Tunis
Hurricane	US	America/Denver
Giv`at H̱ananya	IL	Asia/Jerusalem
Ban Houakhoua	LA	Asia/Vientiane
Bortnychi	UA	Europe/Kyiv
Väståboland	FI	Europe/Helsinki
Plainfield	US	America/New_York
Barra de Santa Rosa	BR	America/Fortaleza
Fengping	CN	Asia/Shanghai
Kampung Ayer Molek	MY	Asia/Kuala_Lumpur
Venustiano Carranza	MX	America/Mexico_City
Hanover	US	America/New_York
Docklands	AU	Australia/Melbourne
Pengerang	MY	Asia/Kuala_Lumpur
Huanuni	BO	America/La_Paz
Oulad Tayeb	MA	Africa/Casablanca
Mile 91	SL	Africa/Freetown
Lithia Springs	US	America/New_York
Titirangi	NZ	Pacific/Auckland
Boroon	PH	Asia/Manila
Mani Mājra	IN	Asia/Kolkata
Butterfly	HK	Asia/Hong_Kong
Nova Pazova	RS	Europe/Belgrade
Dom Feliciano	BR	America/Sao_Paulo
Niederkrüchten	DE	Europe/Berlin
Kurwai	IN	Asia/Kolkata
Frattaminore	IT	Europe/Rome
Las Delicias	MX	America/Tijuana
Aleksandrovsk	RU	Asia/Yekaterinburg
South Hayling	GB	Europe/London
Fazhanhe	CN	Asia/Shanghai
Strunino	RU	Europe/Moscow
Prince Edward	HK	Asia/Hong_Kong
Taranagar	IN	Asia/Kolkata
Farmingville	US	America/New_York
Mastic	US	America/New_York
Central Coquitlam	CA	America/Vancouver
Aguelmous	MA	Africa/Casablanca
Elghabra	MR	Africa/Nouakchott
Bilicenii Vechi	MD	Europe/Chisinau
Minas de Marcona	PE	America/Lima
Verkhnodniprovsk	UA	Europe/Kyiv
Setauket-East Setauket	US	America/New_York
Les Moulins	FR	Europe/Paris
Blackwood	GB	Europe/London
Schwarzenberg	DE	Europe/Berlin
Tergnier	FR	Europe/Paris
Karankasso	BF	Africa/Ouagadougou
Harrison	US	America/New_York
Martha Lake	US	America/Los_Angeles
Çaşgyn	TM	Asia/Ashgabat
Port Richmond	US	America/New_York
San Juan de Dios	CR	America/Costa_Rica
Cárdenas	MX	America/Mexico_City
Donskoye	RU	Europe/Moscow
Chai Nat	TH	Asia/Bangkok
Indianola	US	America/Chicago
Lille	BE	Europe/Brussels
Daxie	CN	Asia/Shanghai
Malnate	IT	Europe/Rome
Skalica	SK	Europe/Bratislava
Carrières-sous-Poissy	FR	Europe/Paris
Mid Levels	HK	Asia/Hong_Kong
Fortress Hill	HK	Asia/Hong_Kong
Pakan	MY	Asia/Kuching
Aşkale	TR	Europe/Istanbul
Al Hilāl al Gharbīyah	QA	Asia/Qatar
Al Hilāl ash Sharqīyah	QA	Asia/Qatar
Santiago Tuxtla	MX	America/Mexico_City
Illzach	FR	Europe/Paris
Perry	US	America/New_York
Marsella	CO	America/Bogota
Majd el Kurūm	IL	Asia/Jerusalem
Kosigi	IN	Asia/Kolkata
Atwater Village	US	America/Los_Angeles
Winnie Mandela	ZA	Africa/Johannesburg
Angermünde	DE	Europe/Berlin
Stapleford	GB	Europe/London
Brāhmanān di Bāri	IN	Asia/Kolkata
Zhen’an	CN	Asia/Shanghai
Wangjia	CN	Asia/Shanghai
Jasper	US	America/Indiana/Vincennes
Rio do Antônio	BR	America/Bahia
Kamigōri	JP	Asia/Tokyo
Kuala Lipis	MY	Asia/Kuala_Lumpur
Madera	MX	America/Chihuahua
Ilovays’k	UA	Europe/Kyiv
Winder	US	America/New_York
Clive	US	America/Chicago
Mamafubedu	ZA	Africa/Johannesburg
Magṭa‘ Laḥjar	MR	Africa/Nouakchott
Sonzacate	SV	America/El_Salvador
Clemson	US	America/New_York
Santa Barbara	PH	Asia/Manila
Kestel	TR	Europe/Istanbul
Recoletos	ES	Europe/Madrid
Amlash	IR	Asia/Tehran
Albal	ES	Europe/Madrid
Ado-Odo	NG	Africa/Lagos
Coremas	BR	America/Fortaleza
Condado	BR	America/Recife
Tung Tau Estate	HK	Asia/Hong_Kong
Tindal	IN	Asia/Kolkata
Beni Khalled	TN	Africa/Tunis
Capua	IT	Europe/Rome
Rockdale	AU	Australia/Sydney
Apostol Santiago	ES	Europe/Madrid
Moskovskiy	RU	Europe/Moscow
Seen (Kreis 3)	CH	Europe/Zurich
Bad Neustadt an der Saale	DE	Europe/Berlin
Peribán de Ramos	MX	America/Mexico_City
Primeira Cruz	BR	America/Fortaleza
Juan Aldama	MX	America/Mexico_City
Béré	TD	Africa/Ndjamena
Greenwood	US	America/Chicago
Bilderstöckchen	DE	Europe/Berlin
Santafé	ES	Europe/Madrid
Tavares	US	America/New_York
Obock	DJ	Africa/Djibouti
Mayma	RU	Asia/Barnaul
Moorreesburg	ZA	Africa/Johannesburg
Awuliya	CN	Asia/Urumqi
Great Falls	US	America/New_York
Santa Luzia	BR	America/Fortaleza
Ala-Buka	KG	Asia/Bishkek
Kalugumalai	IN	Asia/Kolkata
Tīrthahalli	IN	Asia/Kolkata
Jamestown	US	America/Chicago
Siemiatycze	PL	Europe/Warsaw
Terrace Heights	US	America/New_York
Heusy	BE	Europe/Brussels
Velserbroek	NL	Europe/Amsterdam
Taylors Hill	AU	Australia/Melbourne
Carindale	AU	Australia/Brisbane
Phước Hòa	VN	Asia/Ho_Chi_Minh
Efkarpía	GR	Europe/Athens
Ajeetgarh	IN	Asia/Kolkata
Turaru	BR	America/Fortaleza
Emerson Hill	US	America/New_York
Pont-à-Mousson	FR	Europe/Paris
Agios Ioannis Rentis	GR	Europe/Athens
Avocado Heights	US	America/Los_Angeles
Santa Cruz	PH	Asia/Manila
Kapolei Villages	US	Pacific/Honolulu
Bo	VN	Asia/Bangkok
City One	HK	Asia/Hong_Kong
Borovskiy	RU	Asia/Yekaterinburg
Messias	BR	America/Maceio
Parvatsar	IN	Asia/Kolkata
Carate Brianza	IT	Europe/Rome
Chełmża	PL	Europe/Warsaw
Eden	US	America/New_York
Bay Village	US	America/New_York
Landsdale	AU	Australia/Perth
Bijelo Polje	ME	Europe/Podgorica
Lake Butler	US	America/New_York
Nova Olinda	BR	America/Fortaleza
Bela Vista do Paraíso	BR	America/Sao_Paulo
Atarfe	ES	Europe/Madrid
Yulong	CN	Asia/Shanghai
Ban Phra	TH	Asia/Bangkok
North Melbourne	AU	Australia/Melbourne
Ochër	RU	Asia/Yekaterinburg
Cugnaux	FR	Europe/Paris
Paso de Carrasco	UY	America/Montevideo
Kan Nar Middle	MM	Asia/Yangon
San Mateo Huitzilzingo	MX	America/Mexico_City
Palagiano	IT	Europe/Rome
Naciria	DZ	Africa/Algiers
Magtymguly	TM	Asia/Ashgabat
Éragny	FR	Europe/Paris
Somotillo	NI	America/Managua
Noci	IT	Europe/Rome
Makakilo City	US	Pacific/Honolulu
Kachhwa	IN	Asia/Kolkata
Rāmachandrapuran	IN	Asia/Kolkata
Warwick	AU	Australia/Brisbane
Donghui	CN	Asia/Shanghai
Karori	NZ	Pacific/Auckland
Rāmpur	IN	Asia/Kolkata
Westbury	US	America/New_York
Bostonia	US	America/Los_Angeles
Sang-e Chārak	AF	Asia/Kabul
Sāyla	IN	Asia/Kolkata
Kamenjane	MK	Europe/Skopje
Zoukougbeu	CI	Africa/Abidjan
Ylivieska	FI	Europe/Helsinki
Mechelen-aan-de-Maas	BE	Europe/Brussels
Staffanstorp	SE	Europe/Stockholm
Christopher-Champlain	CA	America/Toronto
Djambala	CG	Africa/Brazzaville
Kawaminami	JP	Asia/Tokyo
Llandudno	GB	Europe/London
Seoni Chhapāra	IN	Asia/Kolkata
Mikuriya	JP	Asia/Tokyo
Ayutla de los Libres	MX	America/Mexico_City
Unquillo	AR	America/Argentina/Cordoba
Iona	US	America/New_York
Carugate	IT	Europe/Rome
Ober-Ramstadt	DE	Europe/Berlin
Purushottampur	IN	Asia/Kolkata
Suzun	RU	Asia/Novosibirsk
Eight Mile Plains	AU	Australia/Brisbane
Cruzília	BR	America/Sao_Paulo
Piera	ES	Europe/Madrid
Noisiel	FR	Europe/Paris
Putaendo	CL	America/Santiago
Nerchinsk	RU	Asia/Chita
Bāh	IN	Asia/Kolkata
Dickson	US	America/Chicago
Latchmere	GB	Europe/London
Slobozia	MD	Europe/Chisinau
Urandi	BR	America/Bahia
Tocancipá	CO	America/Bogota
Newport	US	America/New_York
Simití	CO	America/Bogota
Kanhirode	IN	Asia/Kolkata
Neston	GB	Europe/London
Ban Huai Thalaeng	TH	Asia/Bangkok
Ou Bei Choan	KH	Asia/Phnom_Penh
Dornakal	IN	Asia/Kolkata
Davorlim	IN	Asia/Kolkata
Cullman	US	America/Chicago
Vişeu de Sus	RO	Europe/Bucharest
Bürstadt	DE	Europe/Berlin
San Luis del Palmar	AR	America/Argentina/Cordoba
Morampudi	IN	Asia/Kolkata
Live Oak	US	America/Chicago
Bochum-Werne	DE	Europe/Berlin
Clausthal-Zellerfeld	DE	Europe/Berlin
Tordera	ES	Europe/Madrid
Todi	IT	Europe/Rome
Kulunda	RU	Asia/Barnaul
Roanoke Rapids	US	America/New_York
Payson	US	America/Phoenix
Storrs	US	America/New_York
Ấp Bình Châu	VN	Asia/Ho_Chi_Minh
Taka-Töölö	FI	Europe/Helsinki
Sárvár	HU	Europe/Budapest
Penha de França	IN	Asia/Kolkata
Ea T’ling	VN	Asia/Ho_Chi_Minh
Kanchanpur	IN	Asia/Kolkata
Tsimlyansk	RU	Europe/Moscow
Fukawa	JP	Asia/Tokyo
Jelcz Laskowice	PL	Europe/Warsaw
Loyang	SG	Asia/Singapore
Kampong Loyang	SG	Asia/Singapore
The Dalles	US	America/Los_Angeles
Dzaoudzi	YT	Indian/Mayotte
Magdalena	AR	America/Argentina/Buenos_Aires
Kingsford	AU	Australia/Sydney
Houshan	CN	Asia/Shanghai
Badgām	IN	Asia/Kolkata
Bar	UA	Europe/Kyiv
Gomboussougou	BF	Africa/Ouagadougou
Rio Azul	BR	America/Sao_Paulo
Pālaiyam	IN	Asia/Kolkata
Pappinivattom	IN	Asia/Kolkata
Los Lunas	US	America/Denver
Kouibly	CI	Africa/Abidjan
Qinglong	CN	Asia/Shanghai
Mīrganj	IN	Asia/Kolkata
West Bay	KY	America/Cayman
Coogee	AU	Australia/Sydney
Ribnitz-Damgarten	DE	Europe/Berlin
Julau	MY	Asia/Kuching
Teolândia	BR	America/Bahia
Ovruch	UA	Europe/Kyiv
Jupi	BR	America/Recife
Kushālnagar	IN	Asia/Kolkata
Dārāsuram	IN	Asia/Kolkata
Straelen	DE	Europe/Berlin
Ḩattā	AE	Asia/Dubai
Sayan	IN	Asia/Kolkata
Pèkon	MM	Asia/Yangon
Uchiko	JP	Asia/Tokyo
Katangi	IN	Asia/Kolkata
Santo Cristo	BR	America/Sao_Paulo
Bandar-e Khamīr	IR	Asia/Tehran
Junín	PE	America/Lima
Mabama	TZ	Africa/Dar_es_Salaam
Inhuma	BR	America/Fortaleza
Santomera	ES	Europe/Madrid
Dixon	US	America/Chicago
Manor Park	GB	Europe/London
Boshrūyeh	IR	Asia/Tehran
Bellevue	US	America/Chicago
Dvůr Králové nad Labem	CZ	Europe/Prague
Miguelturra	ES	Europe/Madrid
Romblon	PH	Asia/Manila
Ocna Mureş	RO	Europe/Bucharest
Sunland	US	America/Los_Angeles
São João Evangelista	BR	America/Sao_Paulo
Łomianki	PL	Europe/Warsaw
São Martinho do Bispo	PT	Europe/Lisbon
Ribeira de Frades	PT	Europe/Lisbon
Millbrook	US	America/Chicago
Nicoya	CR	America/Costa_Rica
Benetússer	ES	Europe/Madrid
Bang Racham	TH	Asia/Bangkok
Brownsville	US	America/New_York
Wailuku	US	Pacific/Honolulu
Rockingham	AU	Australia/Perth
Prestons	AU	Australia/Sydney
Altdorf bei Nürnberg	DE	Europe/Berlin
Bhauri	IN	Asia/Kolkata
Veys	IR	Asia/Tehran
Bevere	BE	Europe/Brussels
Kāthor	IN	Asia/Kolkata
Warren Township	US	America/New_York
Jelcz	PL	Europe/Warsaw
Arenys de Mar	ES	Europe/Madrid
La Carolina	ES	Europe/Madrid
Villukuri	IN	Asia/Kolkata
Horní Měcholupy	CZ	Europe/Prague
Solhan	TR	Europe/Istanbul
Tuzantla	MX	America/Mexico_City
Hizan	TR	Europe/Istanbul
Baie du Tombeau	MU	Indian/Mauritius
Kadınhanı	TR	Europe/Istanbul
Lougheed	CA	America/Vancouver
Houhai	CN	Asia/Shanghai
Bāonlī	IN	Asia/Kolkata
Hamilton East	NZ	Pacific/Auckland
Belëv	RU	Europe/Moscow
Bagayevskaya	RU	Europe/Moscow
Donaghmede	IE	Europe/Dublin
Port Hedland	AU	Australia/Perth
Orange Walk	BZ	America/Belize
Villa Independencia	MX	America/Mexico_City
Malekābād	IR	Asia/Tehran
Guamaré	BR	America/Fortaleza
Arbutus Ridge	CA	America/Vancouver
Degtyarsk	RU	Asia/Yekaterinburg
Seaford	US	America/New_York
Borotou-Koro	CI	Africa/Abidjan
La Blancarde	FR	Europe/Paris
Tagas	PH	Asia/Manila
Bāntva	IN	Asia/Kolkata
Nizahon II	CI	Africa/Abidjan
Shāl	IR	Asia/Tehran
Chimbel	IN	Asia/Kolkata
Sashalom	HU	Europe/Budapest
Washougal	US	America/Los_Angeles
Changba	CN	Asia/Shanghai
Oyten	DE	Europe/Berlin
Sucre	EC	America/Guayaquil
Saint-Charles-Borromée	CA	America/Toronto
Dalkola	IN	Asia/Kolkata
Saint-Pierre-des-Corps	FR	Europe/Paris
Bognonzra	CI	Africa/Abidjan
Srīvardhan	IN	Asia/Kolkata
Ropczyce	PL	Europe/Warsaw
Popeşti-Leordeni	RO	Europe/Bucharest
Uarini	BR	America/Manaus
Lauda-Königshofen	DE	Europe/Berlin
Bandar Tenggara	MY	Asia/Kuala_Lumpur
Vilattikulam	IN	Asia/Kolkata
Galanta	SK	Europe/Bratislava
Dallas	US	America/Los_Angeles
Putte	BE	Europe/Brussels
Guochuan	CN	Asia/Shanghai
Neu-Anspach	DE	Europe/Berlin
Zamora	EC	America/Guayaquil
Bà Nà	VN	Asia/Ho_Chi_Minh
Alquízar	CU	America/Havana
Leuwiliang	ID	Asia/Jakarta
Pereiro	BR	America/Fortaleza
Coulommiers	FR	Europe/Paris
Tapurah	BR	America/Cuiaba
Karlstadt	DE	Europe/Berlin
Torredembarra	ES	Europe/Madrid
Graniteville	US	America/New_York
Kežmarok	SK	Europe/Bratislava
Henderson	US	America/New_York
Pátapo	PE	America/Lima
Stallings	US	America/New_York
Lucan	IE	Europe/Dublin
River Falls	US	America/Chicago
Baraguá	CU	America/Havana
Berkley	US	America/Detroit
Mardakan	AZ	Asia/Baku
Corupá	BR	America/Sao_Paulo
Aykhal	RU	Asia/Yakutsk
Beverungen	DE	Europe/Berlin
Udachny	RU	Asia/Yakutsk
Astraviec	BY	Europe/Minsk
Koratagere	IN	Asia/Kolkata
Lancenigo-Villorba	IT	Europe/Rome
Sofrino	RU	Europe/Moscow
Kong	CI	Africa/Abidjan
Tanjia	CN	Asia/Shanghai
Chernyanka	RU	Europe/Moscow
Drensteinfurt	DE	Europe/Berlin
Thekkumkara	IN	Asia/Kolkata
Damascus	US	America/New_York
Montesson	FR	Europe/Paris
Saint John West	CA	America/Moncton
Bommasandra Industrial Area	IN	Asia/Kolkata
Moritake	JP	Asia/Tokyo
Diéhiba	CI	Africa/Abidjan
Dure	CN	Asia/Urumqi
Râşnov	RO	Europe/Bucharest
Shelbyville	US	America/New_York
Coscomatepec de Bravo	MX	America/Mexico_City
Radomyshl	UA	Europe/Kyiv
Kennedy Street	US	America/New_York
Sayama	JP	Asia/Tokyo
Vanier	CA	America/Toronto
Loimaa	FI	Europe/Helsinki
Orpington	GB	Europe/London
Roxbury Crossing	US	America/New_York
Vyazemskiy	RU	Asia/Vladivostok
Susanville	US	America/Los_Angeles
Lilio	PH	Asia/Manila
Ludvika	SE	Europe/Stockholm
Pataskala	US	America/New_York
Tepeapulco	MX	America/Mexico_City
Tecámac	MX	America/Mexico_City
Kanel	SN	Africa/Dakar
Trairão	BR	America/Santarem
Roxas	PH	Asia/Manila
Yeşilova	TR	Europe/Istanbul
Bigadiç	TR	Europe/Istanbul
Novosilikatnyy	RU	Asia/Barnaul
Deutz	DE	Europe/Berlin
Brusciano	IT	Europe/Rome
Soumagne	BE	Europe/Brussels
Aramil	RU	Asia/Yekaterinburg
Santa Cruz	AW	America/Aruba
Rosário Oeste	BR	America/Cuiaba
Itanhandu	BR	America/Sao_Paulo
Kudali	IN	Asia/Kolkata
Asso	JP	Asia/Tokyo
Freiberg am Neckar	DE	Europe/Berlin
Alborada Jaltenco	MX	America/Mexico_City
Glória	BR	America/Bahia
Wurzen	DE	Europe/Berlin
Zigon	MM	Asia/Yangon
Conchas	BR	America/Sao_Paulo
Poděbrady	CZ	Europe/Prague
Yadagirigutta	IN	Asia/Kolkata
Much	DE	Europe/Berlin
Bellavista	PE	America/Lima
Adliswil	CH	Europe/Zurich
Mijdrecht	NL	Europe/Amsterdam
Telfs	AT	Europe/Vienna
Zimnicea	RO	Europe/Bucharest
Sereď	SK	Europe/Bratislava
Alsterdorf	DE	Europe/Berlin
Edgemont	CA	America/Edmonton
Wickede	DE	Europe/Berlin
Saint-Maximin-la-Sainte-Baume	FR	Europe/Paris
Pinhalzinho	BR	America/Sao_Paulo
Salto do Lontra	BR	America/Sao_Paulo
Mūlanūr	IN	Asia/Kolkata
Boskoop	NL	Europe/Amsterdam
Ichhāwar	IN	Asia/Kolkata
Tepalcatepec	MX	America/Mexico_City
Wanmu	CN	Asia/Shanghai
Charām	IR	Asia/Tehran
Voznesenivka	UA	Europe/Kyiv
Traverse City	US	America/Detroit
Muhoroni	KE	Africa/Nairobi
Dubovka	RU	Europe/Volgograd
South Yuba City	US	America/Los_Angeles
Corio	AU	Australia/Melbourne
Ogawa	JP	Asia/Tokyo
Vakhsh	TJ	Asia/Dushanbe
Daru	PG	Pacific/Port_Moresby
Santa Teresita	AR	America/Argentina/Buenos_Aires
Yongxi	CN	Asia/Shanghai
la Barceloneta	ES	Europe/Madrid
City Garden	HK	Asia/Hong_Kong
Sāram	IN	Asia/Kolkata
Merrifield	US	America/New_York
Ledyard	US	America/New_York
Alfena	PT	Europe/Lisbon
Massamagrell	ES	Europe/Madrid
Soma	GM	Africa/Banjul
Jugiāl	IN	Asia/Kolkata
Goniāna Mandi	IN	Asia/Kolkata
Phon Charoen	TH	Asia/Bangkok
Palm Beach	AU	Australia/Brisbane
Shihui	CN	Asia/Shanghai
Magarao	PH	Asia/Manila
Haslingden	GB	Europe/London
Nizhnesortymskiy	RU	Asia/Yekaterinburg
Barrocas	BR	America/Bahia
Salesópolis	BR	America/Sao_Paulo
Virum	DK	Europe/Copenhagen
Gangolli	IN	Asia/Kolkata
Safi	JO	Asia/Amman
Te Atatu Peninsula	NZ	Pacific/Auckland
Kalisizo	UG	Africa/Kampala
Ahram	IR	Asia/Tehran
Akhisar	TR	Europe/Istanbul
Ascot Vale	AU	Australia/Melbourne
R.S. Pora	IN	Asia/Kolkata
Yashkino	RU	Asia/Novokuznetsk
Athiémé	BJ	Africa/Porto-Novo
Yamada	JP	Asia/Tokyo
Punata	BO	America/La_Paz
São Félix do Coribe	BR	America/Bahia
Saint-Vincent-de-Paul	CA	America/Toronto
Gyomaendrőd	HU	Europe/Budapest
Bosanska Krupa	BA	Europe/Sarajevo
Cambridge	NZ	Pacific/Auckland
Mangilao Village	GU	Pacific/Guam
Sinazongwe	ZM	Africa/Lusaka
Astara	AZ	Asia/Baku
Eggenstein-Leopoldshafen	DE	Europe/Berlin
Niz-Hajo	IN	Asia/Kolkata
Sankt Peter	AT	Europe/Vienna
Acajutiba	BR	America/Bahia
Oymak	CN	Asia/Urumqi
Fords	US	America/New_York
New Territory	US	America/Chicago
Kapolei	US	Pacific/Honolulu
Kīlattingal	IN	Asia/Kolkata
Bad Laasphe	DE	Europe/Berlin
Ascheberg	DE	Europe/Berlin
Khao Wong	TH	Asia/Bangkok
Taşucu	TR	Europe/Istanbul
Villa Hidalgo	MX	America/Mexico_City
Clearlake	US	America/Los_Angeles
Schwyz	CH	Europe/Zurich
Les Olives	FR	Europe/Paris
Pointe-à-Pitre	GP	America/Guadeloupe
Yelan’	RU	Europe/Volgograd
Tipasa	DZ	Africa/Algiers
Lawrence Park South	CA	America/Toronto
Nowy Tomyśl	PL	Europe/Warsaw
Ganye	NG	Africa/Lagos
Adjud	RO	Europe/Bucharest
Viikki	FI	Europe/Helsinki
Kangeyanallur	IN	Asia/Kolkata
Minami-aoyama	JP	Asia/Tokyo
McKinleyville	US	America/Los_Angeles
Buguda	IN	Asia/Kolkata
Gwoza	NG	Africa/Lagos
Bad Lippspringe	DE	Europe/Berlin
Khāpa	IN	Asia/Kolkata
Novhorod-Siverskyi	UA	Europe/Kyiv
Brunswick	US	America/New_York
Taylors Lakes	AU	Australia/Melbourne
Petlāwad	IN	Asia/Kolkata
Soalala	MG	Indian/Antananarivo
Belén	AR	America/Argentina/Catamarca
Mahabalipuram	IN	Asia/Kolkata
Pa	BF	Africa/Ouagadougou
Gayéri	BF	Africa/Ouagadougou
Bussolengo	IT	Europe/Rome
Catriel	AR	America/Argentina/Salta
West Ealing	GB	Europe/London
Ghantapada	IN	Asia/Kolkata
Giaginskaya	RU	Europe/Moscow
Dieburg	DE	Europe/Berlin
Puebla	MX	America/Tijuana
Mlangali	TZ	Africa/Dar_es_Salaam
El Palmar	GT	America/Guatemala
Leninsk	RU	Europe/Volgograd
Highview	US	America/Kentucky/Louisville
Bogovinje	MK	Europe/Skopje
Xiping	CN	Asia/Shanghai
Chiengi	ZM	Africa/Lusaka
Gorjī-ye Soflá	IR	Asia/Tehran
Trbovlje	SI	Europe/Ljubljana
Palmers Green	GB	Europe/London
Ciénega de Flores	MX	America/Monterrey
Tetla	MX	America/Mexico_City
Sultan Pur	IN	Asia/Kolkata
Bennekom	NL	Europe/Amsterdam
Kenmore	US	America/New_York
Totteridge	GB	Europe/London
Rondebosch	ZA	Africa/Johannesburg
Meruoca	BR	America/Fortaleza
Rabinal	GT	America/Guatemala
Lormi	IN	Asia/Kolkata
Blaydon-on-Tyne	GB	Europe/London
Marchienne-au-Pont	BE	Europe/Brussels
Elwood	AU	Australia/Melbourne
Ottakkadai	IN	Asia/Kolkata
Belvedere Park	US	America/New_York
Ripon	US	America/Los_Angeles
Burwood	AU	Australia/Melbourne
la Guineueta	ES	Europe/Madrid
Rossville	US	America/New_York
Biritinga	BR	America/Bahia
Depew	US	America/New_York
Ajaokuta	NG	Africa/Lagos
Ad Dindar	SD	Africa/Khartoum
Seven Oaks	US	America/New_York
Chom Bueng	TH	Asia/Bangkok
Triunfo	BR	America/Recife
Mirano	IT	Europe/Rome
Noyon	FR	Europe/Paris
Wilmington Island	US	America/New_York
Parlier	US	America/Los_Angeles
Gates-North Gates	US	America/New_York
América Dourada	BR	America/Bahia
Cetinje	ME	Europe/Podgorica
Lüderitz	NA	Africa/Windhoek
Erawan	TH	Asia/Bangkok
Sant Agustí	ES	Europe/Madrid
Korwai	IN	Asia/Kolkata
Corigliano Scalo	IT	Europe/Rome
Julianadorp	NL	Europe/Amsterdam
East Rancho Dominguez	US	America/Los_Angeles
Al Qawāsim	LY	Africa/Tripoli
Kora	RW	Africa/Kigali
Bang Saphan	TH	Asia/Bangkok
Khāsh	AF	Asia/Kabul
Tavira	PT	Europe/Lisbon
Sarykemer	KZ	Asia/Almaty
Kenda	IN	Asia/Kolkata
Presidente Dutra	BR	America/Bahia
Crucecita	MX	America/Mexico_City
Pupri	IN	Asia/Kolkata
Āyikudi	IN	Asia/Kolkata
Karamuck	IN	Asia/Kolkata
Southwest Waterfront	US	America/New_York
Sinfin	GB	Europe/London
Dologon	PH	Asia/Manila
Natchez	US	America/Chicago
Shchuchyn	BY	Europe/Minsk
Bella Vista	AR	America/Argentina/Tucuman
Cloverly	US	America/New_York
Kōzan	JP	Asia/Tokyo
Solec Kujawski	PL	Europe/Warsaw
Newton	US	America/Chicago
Shrivardhan	IN	Asia/Kolkata
Saligram	IN	Asia/Kolkata
Toyoda	JP	Asia/Tokyo
Garot	IN	Asia/Kolkata
Głuchołazy	PL	Europe/Warsaw
Tiong Bahru Estate	SG	Asia/Singapore
Lamont	US	America/Los_Angeles
Santa Bárbara	HN	America/Tegucigalpa
Técpan de Galeana	MX	America/Mexico_City
Paraty	BR	America/Sao_Paulo
Phek	IN	Asia/Kolkata
Uchkeken	RU	Europe/Moscow
Sorada	IN	Asia/Kolkata
Villanova	IT	Europe/Rome
Kizhariyūr	IN	Asia/Kolkata
Paris 01 Louvre	FR	Europe/Paris
East Brainerd	US	America/New_York
La Falda	AR	America/Argentina/Cordoba
Vidigal	BR	America/Sao_Paulo
Ebisu	JP	Asia/Tokyo
Miranda	AU	Australia/Sydney
Setsan	MM	Asia/Yangon
Shadwell	GB	Europe/London
Chirpan	BG	Europe/Sofia
Piratininga	BR	America/Sao_Paulo
Humboldtkolonie	DE	Europe/Berlin
Domalanoan	PH	Asia/Manila
Juruá	BR	America/Manaus
Vandalia	US	America/New_York
Rio Linda	US	America/Los_Angeles
Głowno	PL	Europe/Warsaw
Bludenz	AT	Europe/Vienna
Soledade	BR	America/Fortaleza
Pokola	CG	Africa/Brazzaville
East Longmeadow	US	America/New_York
Ramsey	US	America/New_York
General Acha	AR	America/Argentina/Salta
Trindade	BR	America/Sao_Paulo
Pochep	RU	Europe/Moscow
Lwengo	UG	Africa/Kampala
Phú Lộc	VN	Asia/Ho_Chi_Minh
Markaz-e Woluswalī-ye Āchīn	AF	Asia/Kabul
Betulia	CO	America/Bogota
Doma	NG	Africa/Lagos
West Park	US	America/New_York
Kenora	CA	America/Winnipeg
Imerimandroso	MG	Indian/Antananarivo
Holambra	BR	America/Sao_Paulo
Alta	NO	Europe/Oslo
Greeneville	US	America/New_York
Niño Jesús	ES	Europe/Madrid
Kontiolahti	FI	Europe/Helsinki
Polyarnyye Zori	RU	Europe/Moscow
Kiskőrös	HU	Europe/Budapest
Ōno	JP	Asia/Tokyo
Sanyang	GM	Africa/Banjul
Villanueva del Pardillo	ES	Europe/Madrid
Kharhiāl	IN	Asia/Kolkata
Isanlu-Itedoijowa	NG	Africa/Lagos
Mount Vernon	US	America/Chicago
Sooke	CA	America/Vancouver
Adelphi	US	America/New_York
Brackenheim	DE	Europe/Berlin
Coishco	PE	America/Lima
Tirunāgeswaram	IN	Asia/Kolkata
Springfield Lakes	AU	Australia/Brisbane
Guéyo	CI	Africa/Abidjan
Inokura	JP	Asia/Tokyo
Badhoevedorp	NL	Europe/Amsterdam
Mexborough	GB	Europe/London
Keilor East	AU	Australia/Melbourne
Čakovec	HR	Europe/Zagreb
Naraini	IN	Asia/Kolkata
Lālpur	IN	Asia/Kolkata
Kocaali	TR	Europe/Istanbul
Kyzyl-Suu	KG	Asia/Bishkek
San Andrés Xecul	GT	America/Guatemala
Rochedale South	AU	Australia/Brisbane
Amīngarh	IN	Asia/Kolkata
Hatton	LK	Asia/Colombo
Cambuci	BR	America/Sao_Paulo
Künzelsau	DE	Europe/Berlin
Panth Pīplia	IN	Asia/Kolkata
Front Royal	US	America/New_York
Weston	US	America/Chicago
Kabompo	ZM	Africa/Lusaka
Capela	BR	America/Maceio
Usehat	IN	Asia/Kolkata
Bange	JP	Asia/Tokyo
Tangancícuaro de Arista	MX	America/Mexico_City
Newport Pagnell	GB	Europe/London
Paradise	TT	America/Port_of_Spain
Mani	BF	Africa/Ouagadougou
Kauhava	FI	Europe/Helsinki
Ramos	PH	Asia/Manila
Babo-Pangulo	PH	Asia/Manila
Neston	GB	Europe/London
Tottenham Hale	GB	Europe/London
Spanish Springs	US	America/Los_Angeles
Porte Saint-Denis	FR	Europe/Paris
Ālūr	IN	Asia/Kolkata
Cajueiro	BR	America/Maceio
Eppan	IT	Europe/Rome
Vicaria	IT	Europe/Rome
La Unión	CO	America/Bogota
Yiu Tung Estate	HK	Asia/Hong_Kong
Fort Leonard Wood	US	America/Chicago
Sabou	BF	Africa/Ouagadougou
Alvinópolis	BR	America/Sao_Paulo
Maşīrah	OM	Asia/Muscat
Duxbury	US	America/New_York
Espiye	TR	Europe/Istanbul
Sterling	US	America/Chicago
Echuca	AU	Australia/Melbourne
Pachperwa	IN	Asia/Kolkata
Jebel	TM	Asia/Ashgabat
Capitol Hill	US	America/New_York
Williamsburg	US	America/New_York
San Rafael Arriba	CR	America/Costa_Rica
Boguchar	RU	Europe/Moscow
Somerton	US	America/Phoenix
Perchtoldsdorf	AT	Europe/Vienna
Three Lakes	US	America/New_York
Thilogne	SN	Africa/Dakar
Vilnyansk	UA	Europe/Kyiv
Bolhrad	UA	Europe/Kyiv
Xalatlaco	MX	America/Mexico_City
Cisnădie	RO	Europe/Bucharest
Piovera	ES	Europe/Madrid
Sumbal	IN	Asia/Kolkata
Tamaru	JP	Asia/Tokyo
Tamarana	BR	America/Sao_Paulo
Trossingen	DE	Europe/Berlin
La Trinité	MQ	America/Martinique
Makindu	KE	Africa/Nairobi
Găeşti	RO	Europe/Bucharest
Rocca di Papa	IT	Europe/Rome
Berja	ES	Europe/Madrid
Auburndale	US	America/New_York
Frutillar	CL	America/Santiago
Jabal os Saraj	AF	Asia/Kabul
Santiago de María	SV	America/El_Salvador
Ar Rayāyinah	LY	Africa/Tripoli
Engkilili	MY	Asia/Kuching
Tucumã	BR	America/Belem
Ighram	DZ	Africa/Algiers
Larkhall	GB	Europe/London
Montichiari	IT	Europe/Rome
Dysselsdorp	ZA	Africa/Johannesburg
Berkovitsa	BG	Europe/Sofia
Brignoles	FR	Europe/Paris
Sakaki	JP	Asia/Tokyo
Kompienga	BF	Africa/Ouagadougou
Gloversville	US	America/New_York
Cehegín	ES	Europe/Madrid
Kensington	AU	Australia/Sydney
Hereford	US	America/Chicago
Brasilândia de Minas	BR	America/Sao_Paulo
Shanto	ET	Africa/Addis_Ababa
Cēsis	LV	Europe/Riga
Puerto Salgar	CO	America/Bogota
Khamaria	IN	Asia/Kolkata
Suluktu	KG	Asia/Bishkek
Kinna	SE	Europe/Stockholm
Eggertsville	US	America/New_York
Qarqīn	AF	Asia/Kabul
Farato	GM	Africa/Banjul
Ocotlán de Morelos	MX	America/Mexico_City
Guareí	BR	America/Sao_Paulo
Andorinha	BR	America/Bahia
Alto Lucero	MX	America/Mexico_City
Tulchyn	UA	Europe/Kyiv
Batavia	US	America/New_York
Avon	FR	Europe/Paris
Mahanje	TZ	Africa/Dar_es_Salaam
Dionísio Cerqueira	BR	America/Sao_Paulo
Nakhon Luang	TH	Asia/Bangkok
Empuluzu	ZA	Africa/Johannesburg
Rotselaar	BE	Europe/Brussels
Béjar	ES	Europe/Madrid
Ūn	IN	Asia/Kolkata
Misrikh	IN	Asia/Kolkata
Campo de Criptana	ES	Europe/Madrid
Kāveripatnam	IN	Asia/Kolkata
Wallan	AU	Australia/Melbourne
Ahwa	IN	Asia/Kolkata
Ząbkowice Śląskie	PL	Europe/Warsaw
Weißwasser	DE	Europe/Berlin
Kartuzy	PL	Europe/Warsaw
Torres Novas	PT	Europe/Lisbon
Dumas	US	America/Chicago
Nuuk	GL	America/Nuuk
Belmopan	BZ	America/Belize
Avarua	CK	Pacific/Rarotonga
Tórshavn	FO	Atlantic/Faroe
Basseterre	KN	America/St_Kitts
Pago Pago	AS	Pacific/Pago_Pago
Basse-Terre	GP	America/Guadeloupe
Mariehamn	AX	Europe/Mariehamn
Kralendijk	BQ	America/Kralendijk
Harewood	CA	America/Vancouver
Road Town	VG	America/Tortola
Saint George's	GD	America/Grenada
Palikir	FM	Pacific/Pohnpei
Valletta	MT	Europe/Malta
Funafuti	TV	Pacific/Funafuti
Saint-Pierre	PM	America/Miquelon
Gustavia	BL	America/St_Barthelemy
Marigot	MF	America/Marigot
Vaduz	LI	Europe/Vaduz
Lobamba	SZ	Africa/Mbabane
San Marino	SM	Europe/San_Marino
Cockburn Town	TC	America/Grand_Turk
Longyearbyen	SJ	Arctic/Longyearbyen
Stanley	FK	Atlantic/Stanley
The Valley	AI	America/Anguilla
Ciudad de la Paz	GQ	Africa/Malabo
Philipsburg	SX	America/Lower_Princes
Flying Fish Cove	CX	Indian/Christmas
Mata-Utu	WF	Pacific/Wallis
Yaren	NR	Pacific/Nauru
Hagåtña	GU	Pacific/Guam
Brades	MS	America/Montserrat
Hamilton	BM	Atlantic/Bermuda
Kingston	NF	Pacific/Norfolk
Vatican City	VA	Europe/Vatican
Jamestown	SH	Atlantic/St_Helena
Alofi	NU	Pacific/Niue
West Island	CC	Indian/Cocos
Liberpolis	HR	Europe/Zagreb
Adamstown	PN	Pacific/Pitcairn
Port-aux-Français	TF	Indian/Kerguelen
Grytviken	GS	Atlantic/South_Georgia
Thomas Magena home	KE	Africa/Nairobi
Plymouth	MS	America/Montserrat
Ngerulmud	PW	Pacific/Palau
